================================================================================
CUDA Information
================================================================================
CUDA Available: True
PyTorch Version: 2.4.1
CUDA Version: 11.8
cuDNN Version: 91001
Number of GPUs: 1

GPU 0: NVIDIA L20-8Q
  Memory Allocated: 0.00 GB
  Memory Reserved: 0.00 GB
  Memory Total: 8.36 GB

CUDA optimizations enabled:
  - cuDNN auto-tuner: enabled
  - CUDA mixed precision: ready for use
================================================================================

Loading config from se_e2_a/input_torch.json
Loading training data from: ['se_e2_a/../collect/data0']
Loaded 1458 frames, 192 atoms per frame
Atom types distribution: [ 64 128]
Verbose: first batch shapes → positions=(8, 192, 3), atom_types=(8, 192), box=(8, 3, 3), target_energy=(8, 1), target_forces=(8, 192, 3))
Creating DeepMD model...
Model Parameters: 514661 (trainable: 514661)
Using device: cuda
Starting training for 100000 steps...
Batch size: 8, Dataset size: 1458
Number of workers: 4

Step    100 | batch_size= 8 | lr=8.16e-04 | loss=3.584080e+02 | e_loss=1.752836e+04 | f_loss=1.414822e+00 | pref_e=0.021 pref_f=999.011 | ETA 12.0h | speed 2.31 step/s (window 2.31) | GPU mem 25/182 MiB | util 25% | grad_norm 1.30e+00
Step    200 | batch_size= 8 | lr=6.65e-04 | loss=1.336513e+01 | e_loss=2.565510e+02 | f_loss=1.512373e+00 | pref_e=0.022 pref_f=998.012 | ETA 11.9h | speed 2.33 step/s (window 2.34) | GPU mem 25/182 MiB | util 24% | grad_norm 1.24e+00
Step    300 | batch_size= 8 | lr=5.42e-04 | loss=1.405879e+01 | e_loss=2.117496e+02 | f_loss=1.785438e+00 | pref_e=0.023 pref_f=997.013 | ETA 12.0h | speed 2.32 step/s (window 2.30) | GPU mem 26/182 MiB | util 24% | grad_norm 1.21e+00
Step    400 | batch_size= 8 | lr=4.41e-04 | loss=1.207636e+01 | e_loss=1.793225e+02 | f_loss=1.518774e+00 | pref_e=0.024 pref_f=996.014 | ETA 11.9h | speed 2.32 step/s (window 2.34) | GPU mem 26/182 MiB | util 24% | grad_norm 1.19e+00
Step    500 | batch_size= 8 | lr=3.59e-04 | loss=9.100033e+00 | e_loss=9.386890e+01 | f_loss=1.315308e+00 | pref_e=0.025 pref_f=995.015 | ETA 11.9h | speed 2.32 step/s (window 2.33) | GPU mem 25/182 MiB | util 24% | grad_norm 1.17e+00
Step    600 | batch_size= 8 | lr=2.93e-04 | loss=9.406099e+00 | e_loss=8.844881e+01 | f_loss=1.383412e+00 | pref_e=0.026 pref_f=994.016 | ETA 11.9h | speed 2.32 step/s (window 2.31) | GPU mem 25/182 MiB | util 23% | grad_norm 1.17e+00
Step    700 | batch_size= 8 | lr=2.38e-04 | loss=1.071632e+01 | e_loss=8.974529e+01 | f_loss=1.614943e+00 | pref_e=0.027 pref_f=993.017 | ETA 11.9h | speed 2.32 step/s (window 2.31) | GPU mem 25/182 MiB | util 24% | grad_norm 1.16e+00
Step    800 | batch_size= 8 | lr=1.94e-04 | loss=1.037666e+01 | e_loss=6.929504e+01 | f_loss=1.642667e+00 | pref_e=0.028 pref_f=992.018 | ETA 11.9h | speed 2.32 step/s (window 2.29) | GPU mem 25/182 MiB | util 23% | grad_norm 1.16e+00
Step    900 | batch_size= 8 | lr=1.58e-04 | loss=1.012031e+01 | e_loss=8.067481e+01 | f_loss=1.518919e+00 | pref_e=0.029 pref_f=991.019 | ETA 11.9h | speed 2.31 step/s (window 2.30) | GPU mem 25/182 MiB | util 24% | grad_norm 1.16e+00
Step   1000 | batch_size= 8 | lr=1.29e-04 | loss=7.701255e+00 | e_loss=4.050071e+01 | f_loss=1.262629e+00 | pref_e=0.030 pref_f=990.020 | ETA 11.9h | speed 2.31 step/s (window 2.29) | GPU mem 26/182 MiB | util 24% | grad_norm 1.16e+00
Step   1100 | batch_size= 8 | lr=1.05e-04 | loss=1.072388e+01 | e_loss=7.151071e+01 | f_loss=1.660474e+00 | pref_e=0.031 pref_f=989.021 | ETA 11.9h | speed 2.31 step/s (window 2.30) | GPU mem 25/182 MiB | util 24% | grad_norm 1.16e+00
Step   1200 | batch_size= 8 | lr=8.55e-05 | loss=9.102168e+00 | e_loss=5.750846e+01 | f_loss=1.418069e+00 | pref_e=0.032 pref_f=988.022 | ETA 11.9h | speed 2.31 step/s (window 2.30) | GPU mem 26/182 MiB | util 24% | grad_norm 1.15e+00
Step   1300 | batch_size= 8 | lr=6.96e-05 | loss=9.648084e+00 | e_loss=4.804144e+01 | f_loss=1.573949e+00 | pref_e=0.033 pref_f=987.023 | ETA 11.9h | speed 2.30 step/s (window 2.27) | GPU mem 25/182 MiB | util 23% | grad_norm 1.15e+00
Step   1400 | batch_size= 8 | lr=5.67e-05 | loss=1.000792e+01 | e_loss=4.744469e+01 | f_loss=1.640695e+00 | pref_e=0.034 pref_f=986.024 | ETA 11.9h | speed 2.30 step/s (window 2.28) | GPU mem 26/184 MiB | util 23% | grad_norm 1.15e+00
Step   1500 | batch_size= 8 | lr=4.62e-05 | loss=8.952333e+00 | e_loss=4.187742e+01 | f_loss=1.464962e+00 | pref_e=0.035 pref_f=985.025 | ETA 11.9h | speed 2.30 step/s (window 2.28) | GPU mem 25/184 MiB | util 24% | grad_norm 1.15e+00
Step   1600 | batch_size= 8 | lr=3.76e-05 | loss=8.958271e+00 | e_loss=4.228366e+01 | f_loss=1.457261e+00 | pref_e=0.036 pref_f=984.026 | ETA 11.9h | speed 2.30 step/s (window 2.30) | GPU mem 25/184 MiB | util 24% | grad_norm 1.15e+00
Step   1700 | batch_size= 8 | lr=3.06e-05 | loss=7.822671e+00 | e_loss=3.413001e+01 | f_loss=1.286188e+00 | pref_e=0.037 pref_f=983.027 | ETA 11.9h | speed 2.30 step/s (window 2.29) | GPU mem 25/184 MiB | util 24% | grad_norm 1.15e+00
Step   1800 | batch_size= 8 | lr=2.50e-05 | loss=9.629620e+00 | e_loss=4.768491e+01 | f_loss=1.536456e+00 | pref_e=0.038 pref_f=982.028 | ETA 11.9h | speed 2.30 step/s (window 2.28) | GPU mem 25/184 MiB | util 24% | grad_norm 1.15e+00
Step   1900 | batch_size= 8 | lr=2.03e-05 | loss=8.928034e+00 | e_loss=4.067691e+01 | f_loss=1.443296e+00 | pref_e=0.039 pref_f=981.029 | ETA 11.8h | speed 2.30 step/s (window 2.33) | GPU mem 26/184 MiB | util 24% | grad_norm 1.15e+00
Step   2000 | batch_size= 8 | lr=1.66e-05 | loss=9.144235e+00 | e_loss=3.994112e+01 | f_loss=1.484344e+00 | pref_e=0.040 pref_f=980.030 | ETA 11.8h | speed 2.30 step/s (window 2.28) | GPU mem 25/184 MiB | util 24% | grad_norm 1.15e+00
Step   2100 | batch_size= 8 | lr=1.35e-05 | loss=9.281848e+00 | e_loss=4.313359e+01 | f_loss=1.479613e+00 | pref_e=0.041 pref_f=979.031 | ETA 11.8h | speed 2.30 step/s (window 2.27) | GPU mem 25/184 MiB | util 23% | grad_norm 1.15e+00
Step   2200 | batch_size= 8 | lr=1.10e-05 | loss=1.033477e+01 | e_loss=5.308119e+01 | f_loss=1.599764e+00 | pref_e=0.042 pref_f=978.032 | ETA 11.8h | speed 2.30 step/s (window 2.31) | GPU mem 26/184 MiB | util 24% | grad_norm 1.15e+00
Step   2300 | batch_size= 8 | lr=8.95e-06 | loss=1.099778e+01 | e_loss=4.769672e+01 | f_loss=1.766489e+00 | pref_e=0.043 pref_f=977.033 | ETA 11.8h | speed 2.30 step/s (window 2.30) | GPU mem 25/184 MiB | util 23% | grad_norm 1.15e+00
Step   2400 | batch_size= 8 | lr=7.29e-06 | loss=9.299152e+00 | e_loss=3.615256e+01 | f_loss=1.522649e+00 | pref_e=0.044 pref_f=976.034 | ETA 11.8h | speed 2.30 step/s (window 2.29) | GPU mem 26/184 MiB | util 23% | grad_norm 1.15e+00
Step   2500 | batch_size= 8 | lr=5.94e-06 | loss=9.538505e+00 | e_loss=4.122455e+01 | f_loss=1.520569e+00 | pref_e=0.044 pref_f=975.035 | ETA 11.8h | speed 2.30 step/s (window 2.29) | GPU mem 25/184 MiB | util 24% | grad_norm 1.15e+00
Step   2600 | batch_size= 8 | lr=4.84e-06 | loss=7.400069e+00 | e_loss=2.509029e+01 | f_loss=1.235736e+00 | pref_e=0.045 pref_f=974.036 | ETA 11.8h | speed 2.30 step/s (window 2.29) | GPU mem 26/184 MiB | util 23% | grad_norm 1.15e+00
Step   2700 | batch_size= 8 | lr=3.94e-06 | loss=1.024077e+01 | e_loss=4.505558e+01 | f_loss=1.611893e+00 | pref_e=0.046 pref_f=973.037 | ETA 11.8h | speed 2.30 step/s (window 2.27) | GPU mem 25/184 MiB | util 23% | grad_norm 1.15e+00
Step   2800 | batch_size= 8 | lr=3.21e-06 | loss=1.061018e+01 | e_loss=4.230305e+01 | f_loss=1.703037e+00 | pref_e=0.047 pref_f=972.038 | ETA 11.8h | speed 2.30 step/s (window 2.29) | GPU mem 26/184 MiB | util 22% | grad_norm 1.15e+00
Step   2900 | batch_size= 8 | lr=2.61e-06 | loss=9.703180e+00 | e_loss=4.126578e+01 | f_loss=1.526913e+00 | pref_e=0.048 pref_f=971.039 | ETA 11.8h | speed 2.30 step/s (window 2.29) | GPU mem 26/184 MiB | util 23% | grad_norm 1.15e+00
Step   3000 | batch_size= 8 | lr=2.13e-06 | loss=8.856414e+00 | e_loss=3.328169e+01 | f_loss=1.429688e+00 | pref_e=0.049 pref_f=970.040 | ETA 11.7h | speed 2.30 step/s (window 2.30) | GPU mem 25/184 MiB | util 24% | grad_norm 1.15e+00
Step   3100 | batch_size= 8 | lr=1.73e-06 | loss=9.095663e+00 | e_loss=3.854317e+01 | f_loss=1.420615e+00 | pref_e=0.050 pref_f=969.041 | ETA 11.7h | speed 2.30 step/s (window 2.30) | GPU mem 26/184 MiB | util 24% | grad_norm 1.15e+00
Step   3200 | batch_size= 8 | lr=1.41e-06 | loss=9.763357e+00 | e_loss=4.176411e+01 | f_loss=1.515156e+00 | pref_e=0.051 pref_f=968.042 | ETA 11.7h | speed 2.30 step/s (window 2.30) | GPU mem 26/184 MiB | util 24% | grad_norm 1.15e+00
Step   3300 | batch_size= 8 | lr=1.15e-06 | loss=8.185505e+00 | e_loss=2.899956e+01 | f_loss=1.325401e+00 | pref_e=0.052 pref_f=967.043 | ETA 11.7h | speed 2.29 step/s (window 2.27) | GPU mem 26/184 MiB | util 22% | grad_norm 1.15e+00
Step   3400 | batch_size= 8 | lr=9.37e-07 | loss=8.758446e+00 | e_loss=3.474842e+01 | f_loss=1.374690e+00 | pref_e=0.053 pref_f=966.044 | ETA 11.7h | speed 2.29 step/s (window 2.27) | GPU mem 25/184 MiB | util 23% | grad_norm 1.15e+00
Step   3500 | batch_size= 8 | lr=7.63e-07 | loss=1.079623e+01 | e_loss=4.560955e+01 | f_loss=1.658412e+00 | pref_e=0.054 pref_f=965.045 | ETA 11.7h | speed 2.29 step/s (window 2.28) | GPU mem 26/184 MiB | util 23% | grad_norm 1.15e+00
Step   3600 | batch_size= 8 | lr=6.22e-07 | loss=9.924381e+00 | e_loss=4.031862e+01 | f_loss=1.536072e+00 | pref_e=0.055 pref_f=964.046 | ETA 11.7h | speed 2.29 step/s (window 2.31) | GPU mem 26/184 MiB | util 24% | grad_norm 1.15e+00
Step   3700 | batch_size= 8 | lr=5.06e-07 | loss=9.376073e+00 | e_loss=3.911508e+01 | f_loss=1.432783e+00 | pref_e=0.056 pref_f=963.047 | ETA 11.7h | speed 2.29 step/s (window 2.28) | GPU mem 25/184 MiB | util 23% | grad_norm 1.15e+00
Step   3800 | batch_size= 8 | lr=4.12e-07 | loss=1.112368e+01 | e_loss=4.862640e+01 | f_loss=1.668753e+00 | pref_e=0.057 pref_f=962.048 | ETA 11.7h | speed 2.29 step/s (window 2.28) | GPU mem 25/184 MiB | util 24% | grad_norm 1.15e+00
Step   3900 | batch_size= 8 | lr=3.36e-07 | loss=7.911391e+00 | e_loss=2.688189e+01 | f_loss=1.269901e+00 | pref_e=0.058 pref_f=961.049 | ETA 11.6h | speed 2.29 step/s (window 2.27) | GPU mem 25/184 MiB | util 24% | grad_norm 1.15e+00
Step   4000 | batch_size= 8 | lr=2.74e-07 | loss=1.226221e+01 | e_loss=5.897573e+01 | f_loss=1.758400e+00 | pref_e=0.059 pref_f=960.050 | ETA 11.6h | speed 2.29 step/s (window 2.29) | GPU mem 26/184 MiB | util 23% | grad_norm 1.15e+00
Step   4100 | batch_size= 8 | lr=2.23e-07 | loss=1.110345e+01 | e_loss=4.477851e+01 | f_loss=1.687382e+00 | pref_e=0.060 pref_f=959.051 | ETA 11.6h | speed 2.29 step/s (window 2.28) | GPU mem 25/184 MiB | util 24% | grad_norm 1.15e+00
Step   4200 | batch_size= 8 | lr=1.82e-07 | loss=8.161401e+00 | e_loss=2.883882e+01 | f_loss=1.284388e+00 | pref_e=0.061 pref_f=958.052 | ETA 11.6h | speed 2.29 step/s (window 2.29) | GPU mem 25/184 MiB | util 22% | grad_norm 1.15e+00
Step   4300 | batch_size= 8 | lr=1.48e-07 | loss=9.653089e+00 | e_loss=3.701453e+01 | f_loss=1.478426e+00 | pref_e=0.062 pref_f=957.053 | ETA 11.6h | speed 2.29 step/s (window 2.28) | GPU mem 25/184 MiB | util 23% | grad_norm 1.15e+00
Step   4400 | batch_size= 8 | lr=1.20e-07 | loss=1.221122e+01 | e_loss=5.736288e+01 | f_loss=1.731247e+00 | pref_e=0.063 pref_f=956.054 | ETA 11.6h | speed 2.29 step/s (window 2.30) | GPU mem 26/184 MiB | util 24% | grad_norm 1.15e+00
Step   4500 | batch_size= 8 | lr=9.81e-08 | loss=1.091003e+01 | e_loss=4.587139e+01 | f_loss=1.605797e+00 | pref_e=0.064 pref_f=955.055 | ETA 11.6h | speed 2.29 step/s (window 2.30) | GPU mem 25/184 MiB | util 23% | grad_norm 1.15e+00
Step   4600 | batch_size= 8 | lr=7.99e-08 | loss=8.581446e+00 | e_loss=2.938999e+01 | f_loss=1.344163e+00 | pref_e=0.065 pref_f=954.056 | ETA 11.6h | speed 2.27 step/s (window 1.73) | GPU mem 25/184 MiB | util 93% | grad_norm 1.15e+00
Step   4700 | batch_size= 8 | lr=6.51e-08 | loss=1.154493e+01 | e_loss=4.610972e+01 | f_loss=1.716430e+00 | pref_e=0.066 pref_f=953.057 | ETA 11.7h | speed 2.27 step/s (window 2.07) | GPU mem 25/184 MiB | util 24% | grad_norm 1.15e+00
Step   4800 | batch_size= 8 | lr=5.30e-08 | loss=9.578332e+00 | e_loss=3.755600e+01 | f_loss=1.427548e+00 | pref_e=0.067 pref_f=952.058 | ETA 11.6h | speed 2.27 step/s (window 2.31) | GPU mem 25/184 MiB | util 23% | grad_norm 1.15e+00
Step   4900 | batch_size= 8 | lr=4.32e-08 | loss=9.792469e+00 | e_loss=3.738142e+01 | f_loss=1.467004e+00 | pref_e=0.068 pref_f=951.059 | ETA 11.6h | speed 2.27 step/s (window 2.31) | GPU mem 25/184 MiB | util 24% | grad_norm 1.15e+00
Step   5000 | batch_size= 8 | lr=3.52e-08 | loss=1.034943e+01 | e_loss=4.251623e+01 | f_loss=1.502084e+00 | pref_e=0.069 pref_f=950.060 | ETA 11.6h | speed 2.27 step/s (window 2.29) | GPU mem 25/184 MiB | util 23% | grad_norm 1.15e+00
Step   5100 | batch_size= 8 | lr=3.51e-08 | loss=1.128663e+01 | e_loss=4.897393e+01 | f_loss=1.594043e+00 | pref_e=0.070 pref_f=949.061 | ETA 11.6h | speed 2.27 step/s (window 2.30) | GPU mem 26/184 MiB | util 23% | grad_norm 1.15e+00
Step   5200 | batch_size= 8 | lr=3.51e-08 | loss=9.176962e+00 | e_loss=3.200388e+01 | f_loss=1.400972e+00 | pref_e=0.071 pref_f=948.062 | ETA 11.6h | speed 2.27 step/s (window 2.30) | GPU mem 25/184 MiB | util 23% | grad_norm 1.15e+00
Step   5300 | batch_size= 8 | lr=3.51e-08 | loss=9.719911e+00 | e_loss=3.769180e+01 | f_loss=1.423670e+00 | pref_e=0.072 pref_f=947.063 | ETA 11.6h | speed 2.27 step/s (window 2.30) | GPU mem 25/184 MiB | util 23% | grad_norm 1.15e+00
Step   5400 | batch_size= 8 | lr=3.51e-08 | loss=1.031192e+01 | e_loss=3.987853e+01 | f_loss=1.506391e+00 | pref_e=0.073 pref_f=946.064 | ETA 11.6h | speed 2.27 step/s (window 2.24) | GPU mem 25/184 MiB | util 24% | grad_norm 1.15e+00
Step   5500 | batch_size= 8 | lr=3.51e-08 | loss=1.094513e+01 | e_loss=4.345727e+01 | f_loss=1.574760e+00 | pref_e=0.074 pref_f=945.065 | ETA 11.5h | speed 2.27 step/s (window 2.31) | GPU mem 26/184 MiB | util 23% | grad_norm 1.15e+00
Step   5600 | batch_size= 8 | lr=3.51e-08 | loss=9.790464e+00 | e_loss=3.737836e+01 | f_loss=1.424969e+00 | pref_e=0.075 pref_f=944.066 | ETA 11.5h | speed 2.27 step/s (window 2.28) | GPU mem 25/184 MiB | util 23% | grad_norm 1.15e+00
Step   5700 | batch_size= 8 | lr=3.51e-08 | loss=1.116633e+01 | e_loss=4.355461e+01 | f_loss=1.603701e+00 | pref_e=0.076 pref_f=943.067 | ETA 11.5h | speed 2.27 step/s (window 2.30) | GPU mem 26/184 MiB | util 24% | grad_norm 1.15e+00
Step   5800 | batch_size= 8 | lr=3.51e-08 | loss=1.122279e+01 | e_loss=4.539532e+01 | f_loss=1.580081e+00 | pref_e=0.077 pref_f=942.068 | ETA 11.5h | speed 2.27 step/s (window 2.28) | GPU mem 25/184 MiB | util 23% | grad_norm 1.15e+00
Step   5900 | batch_size= 8 | lr=3.51e-08 | loss=1.099978e+01 | e_loss=4.615358e+01 | f_loss=1.515014e+00 | pref_e=0.078 pref_f=941.069 | ETA 11.5h | speed 2.27 step/s (window 2.32) | GPU mem 25/184 MiB | util 23% | grad_norm 1.15e+00
Step   6000 | batch_size= 8 | lr=3.51e-08 | loss=9.226926e+00 | e_loss=3.531876e+01 | f_loss=1.318710e+00 | pref_e=0.079 pref_f=940.070 | ETA 11.5h | speed 2.27 step/s (window 2.29) | GPU mem 26/184 MiB | util 24% | grad_norm 1.15e+00
Step   6100 | batch_size= 8 | lr=3.51e-08 | loss=8.595422e+00 | e_loss=2.879262e+01 | f_loss=1.289981e+00 | pref_e=0.080 pref_f=939.071 | ETA 11.5h | speed 2.28 step/s (window 2.30) | GPU mem 25/184 MiB | util 24% | grad_norm 1.15e+00
Step   6200 | batch_size= 8 | lr=3.51e-08 | loss=1.116761e+01 | e_loss=4.491394e+01 | f_loss=1.546811e+00 | pref_e=0.081 pref_f=938.072 | ETA 11.5h | speed 2.28 step/s (window 2.29) | GPU mem 25/184 MiB | util 23% | grad_norm 1.15e+00
Step   6300 | batch_size= 8 | lr=3.51e-08 | loss=1.038147e+01 | e_loss=3.773126e+01 | f_loss=1.497655e+00 | pref_e=0.082 pref_f=937.073 | ETA 11.4h | speed 2.28 step/s (window 2.31) | GPU mem 25/184 MiB | util 23% | grad_norm 1.15e+00
Step   6400 | batch_size= 8 | lr=3.51e-08 | loss=1.075652e+01 | e_loss=3.637840e+01 | f_loss=1.591550e+00 | pref_e=0.083 pref_f=936.074 | ETA 11.4h | speed 2.28 step/s (window 2.28) | GPU mem 25/184 MiB | util 24% | grad_norm 1.15e+00
Step   6500 | batch_size= 8 | lr=3.51e-08 | loss=9.785854e+00 | e_loss=3.396297e+01 | f_loss=1.427862e+00 | pref_e=0.084 pref_f=935.075 | ETA 11.4h | speed 2.28 step/s (window 2.28) | GPU mem 26/184 MiB | util 24% | grad_norm 1.15e+00
Step   6600 | batch_size= 8 | lr=3.51e-08 | loss=1.139001e+01 | e_loss=4.630568e+01 | f_loss=1.539082e+00 | pref_e=0.085 pref_f=934.076 | ETA 11.4h | speed 2.28 step/s (window 2.29) | GPU mem 26/184 MiB | util 24% | grad_norm 1.15e+00
Step   6700 | batch_size= 8 | lr=3.51e-08 | loss=1.085613e+01 | e_loss=3.832235e+01 | f_loss=1.561327e+00 | pref_e=0.086 pref_f=933.077 | ETA 11.4h | speed 2.28 step/s (window 2.29) | GPU mem 25/184 MiB | util 24% | grad_norm 1.15e+00
Step   6800 | batch_size= 8 | lr=3.51e-08 | loss=1.168930e+01 | e_loss=4.455799e+01 | f_loss=1.616620e+00 | pref_e=0.087 pref_f=932.078 | ETA 11.4h | speed 2.28 step/s (window 2.28) | GPU mem 25/184 MiB | util 23% | grad_norm 1.15e+00
Step   6900 | batch_size= 8 | lr=3.51e-08 | loss=1.034216e+01 | e_loss=3.875283e+01 | f_loss=1.435180e+00 | pref_e=0.088 pref_f=931.079 | ETA 11.4h | speed 2.28 step/s (window 2.32) | GPU mem 25/184 MiB | util 24% | grad_norm 1.15e+00
Step   7000 | batch_size= 8 | lr=3.51e-08 | loss=1.233072e+01 | e_loss=4.789214e+01 | f_loss=1.673439e+00 | pref_e=0.089 pref_f=930.080 | ETA 11.3h | speed 2.28 step/s (window 2.28) | GPU mem 25/184 MiB | util 24% | grad_norm 1.15e+00
Step   7100 | batch_size= 8 | lr=3.51e-08 | loss=8.597033e+00 | e_loss=2.648073e+01 | f_loss=1.288306e+00 | pref_e=0.090 pref_f=929.081 | ETA 11.3h | speed 2.28 step/s (window 2.31) | GPU mem 25/184 MiB | util 24% | grad_norm 1.15e+00
Step   7200 | batch_size= 8 | lr=3.51e-08 | loss=1.450289e+01 | e_loss=6.104763e+01 | f_loss=1.861567e+00 | pref_e=0.091 pref_f=928.082 | ETA 11.3h | speed 2.28 step/s (window 2.31) | GPU mem 25/184 MiB | util 23% | grad_norm 1.15e+00
Step   7300 | batch_size= 8 | lr=3.51e-08 | loss=1.057902e+01 | e_loss=4.015782e+01 | f_loss=1.433553e+00 | pref_e=0.092 pref_f=927.083 | ETA 11.3h | speed 2.28 step/s (window 2.28) | GPU mem 25/184 MiB | util 23% | grad_norm 1.15e+00
Step   7400 | batch_size= 8 | lr=3.51e-08 | loss=1.151874e+01 | e_loss=4.266789e+01 | f_loss=1.573152e+00 | pref_e=0.093 pref_f=926.084 | ETA 11.3h | speed 2.28 step/s (window 2.28) | GPU mem 26/184 MiB | util 22% | grad_norm 1.15e+00
Step   7500 | batch_size= 8 | lr=3.51e-08 | loss=8.963125e+00 | e_loss=2.800652e+01 | f_loss=1.319692e+00 | pref_e=0.093 pref_f=925.085 | ETA 11.3h | speed 2.28 step/s (window 2.31) | GPU mem 25/184 MiB | util 24% | grad_norm 1.15e+00
Step   7600 | batch_size= 8 | lr=3.51e-08 | loss=9.956182e+00 | e_loss=3.235729e+01 | f_loss=1.436398e+00 | pref_e=0.094 pref_f=924.086 | ETA 11.3h | speed 2.28 step/s (window 2.31) | GPU mem 26/184 MiB | util 24% | grad_norm 1.15e+00
Step   7700 | batch_size= 8 | lr=3.51e-08 | loss=9.671742e+00 | e_loss=3.181958e+01 | f_loss=1.381742e+00 | pref_e=0.095 pref_f=923.087 | ETA 11.3h | speed 2.28 step/s (window 2.30) | GPU mem 26/184 MiB | util 24% | grad_norm 1.15e+00
Step   7800 | batch_size= 8 | lr=3.51e-08 | loss=1.132675e+01 | e_loss=4.258167e+01 | f_loss=1.507412e+00 | pref_e=0.096 pref_f=922.088 | ETA 11.2h | speed 2.28 step/s (window 2.31) | GPU mem 25/184 MiB | util 24% | grad_norm 1.15e+00
Step   7900 | batch_size= 8 | lr=3.51e-08 | loss=1.073825e+01 | e_loss=3.687836e+01 | f_loss=1.492847e+00 | pref_e=0.097 pref_f=921.089 | ETA 11.2h | speed 2.28 step/s (window 2.30) | GPU mem 25/184 MiB | util 23% | grad_norm 1.15e+00
Step   8000 | batch_size= 8 | lr=3.51e-08 | loss=1.157705e+01 | e_loss=4.636235e+01 | f_loss=1.468189e+00 | pref_e=0.098 pref_f=920.090 | ETA 11.2h | speed 2.28 step/s (window 2.29) | GPU mem 25/184 MiB | util 23% | grad_norm 1.15e+00
Step   8100 | batch_size= 8 | lr=3.51e-08 | loss=1.293398e+01 | e_loss=4.841803e+01 | f_loss=1.700607e+00 | pref_e=0.099 pref_f=919.091 | ETA 11.2h | speed 2.28 step/s (window 2.29) | GPU mem 25/184 MiB | util 23% | grad_norm 1.15e+00
Step   8200 | batch_size= 8 | lr=3.51e-08 | loss=1.016707e+01 | e_loss=3.333418e+01 | f_loss=1.429833e+00 | pref_e=0.100 pref_f=918.092 | ETA 11.2h | speed 2.28 step/s (window 2.29) | GPU mem 25/184 MiB | util 23% | grad_norm 1.15e+00
Step   8300 | batch_size= 8 | lr=3.51e-08 | loss=1.290885e+01 | e_loss=4.922411e+01 | f_loss=1.662513e+00 | pref_e=0.101 pref_f=917.093 | ETA 11.2h | speed 2.28 step/s (window 2.28) | GPU mem 26/184 MiB | util 23% | grad_norm 1.15e+00
Step   8400 | batch_size= 8 | lr=3.51e-08 | loss=1.091098e+01 | e_loss=3.908831e+01 | f_loss=1.451592e+00 | pref_e=0.102 pref_f=916.094 | ETA 11.2h | speed 2.28 step/s (window 2.31) | GPU mem 25/184 MiB | util 24% | grad_norm 1.15e+00
Step   8500 | batch_size= 8 | lr=3.51e-08 | loss=1.049619e+01 | e_loss=3.766080e+01 | f_loss=1.389076e+00 | pref_e=0.103 pref_f=915.095 | ETA 11.1h | speed 2.28 step/s (window 2.30) | GPU mem 26/184 MiB | util 24% | grad_norm 1.15e+00
Step   8600 | batch_size= 8 | lr=3.51e-08 | loss=1.484947e+01 | e_loss=5.843129e+01 | f_loss=1.844828e+00 | pref_e=0.104 pref_f=914.096 | ETA 11.1h | speed 2.28 step/s (window 2.32) | GPU mem 26/184 MiB | util 23% | grad_norm 1.15e+00
Step   8700 | batch_size= 8 | lr=3.51e-08 | loss=1.023712e+01 | e_loss=3.448629e+01 | f_loss=1.391724e+00 | pref_e=0.105 pref_f=913.097 | ETA 11.1h | speed 2.28 step/s (window 2.30) | GPU mem 25/184 MiB | util 23% | grad_norm 1.15e+00
Step   8800 | batch_size= 8 | lr=3.51e-08 | loss=1.364305e+01 | e_loss=5.235648e+01 | f_loss=1.705643e+00 | pref_e=0.106 pref_f=912.098 | ETA 11.1h | speed 2.28 step/s (window 2.31) | GPU mem 26/184 MiB | util 24% | grad_norm 1.15e+00
Step   8900 | batch_size= 8 | lr=3.51e-08 | loss=1.158187e+01 | e_loss=4.225364e+01 | f_loss=1.489932e+00 | pref_e=0.107 pref_f=911.099 | ETA 11.1h | speed 2.28 step/s (window 2.30) | GPU mem 25/184 MiB | util 24% | grad_norm 1.15e+00
Step   9000 | batch_size= 8 | lr=3.51e-08 | loss=1.105699e+01 | e_loss=3.667492e+01 | f_loss=1.499040e+00 | pref_e=0.108 pref_f=910.100 | ETA 11.1h | speed 2.28 step/s (window 2.30) | GPU mem 26/184 MiB | util 23% | grad_norm 1.15e+00
Step   9100 | batch_size= 8 | lr=3.51e-08 | loss=1.354347e+01 | e_loss=5.346395e+01 | f_loss=1.632312e+00 | pref_e=0.109 pref_f=909.101 | ETA 11.1h | speed 2.28 step/s (window 2.29) | GPU mem 25/184 MiB | util 23% | grad_norm 1.15e+00
Step   9200 | batch_size= 8 | lr=3.51e-08 | loss=1.089407e+01 | e_loss=3.705573e+01 | f_loss=1.442947e+00 | pref_e=0.110 pref_f=908.102 | ETA 11.1h | speed 2.28 step/s (window 2.31) | GPU mem 25/184 MiB | util 24% | grad_norm 1.15e+00
Step   9300 | batch_size= 8 | lr=3.51e-08 | loss=1.287603e+01 | e_loss=4.627221e+01 | f_loss=1.640567e+00 | pref_e=0.111 pref_f=907.103 | ETA 11.0h | speed 2.28 step/s (window 2.30) | GPU mem 26/184 MiB | util 23% | grad_norm 1.15e+00
Step   9400 | batch_size= 8 | lr=3.51e-08 | loss=1.079040e+01 | e_loss=3.551899e+01 | f_loss=1.446028e+00 | pref_e=0.112 pref_f=906.104 | ETA 11.0h | speed 2.28 step/s (window 2.31) | GPU mem 25/184 MiB | util 23% | grad_norm 1.15e+00
Step   9500 | batch_size= 8 | lr=3.51e-08 | loss=1.081861e+01 | e_loss=3.391137e+01 | f_loss=1.483506e+00 | pref_e=0.113 pref_f=905.105 | ETA 11.0h | speed 2.28 step/s (window 2.25) | GPU mem 26/184 MiB | util 24% | grad_norm 1.15e+00
Step   9600 | batch_size= 8 | lr=3.51e-08 | loss=1.405342e+01 | e_loss=5.315606e+01 | f_loss=1.702119e+00 | pref_e=0.114 pref_f=904.106 | ETA 11.0h | speed 2.28 step/s (window 2.31) | GPU mem 26/184 MiB | util 23% | grad_norm 1.15e+00
Step   9700 | batch_size= 8 | lr=3.51e-08 | loss=9.586837e+00 | e_loss=2.861740e+01 | f_loss=1.340607e+00 | pref_e=0.115 pref_f=903.107 | ETA 11.0h | speed 2.28 step/s (window 2.27) | GPU mem 25/184 MiB | util 23% | grad_norm 1.15e+00
Step   9800 | batch_size= 8 | lr=3.51e-08 | loss=1.418683e+01 | e_loss=5.340905e+01 | f_loss=1.705032e+00 | pref_e=0.116 pref_f=902.108 | ETA 11.0h | speed 2.28 step/s (window 2.29) | GPU mem 25/184 MiB | util 23% | grad_norm 1.15e+00
Step   9900 | batch_size= 8 | lr=3.51e-08 | loss=1.298313e+01 | e_loss=4.678379e+01 | f_loss=1.603882e+00 | pref_e=0.117 pref_f=901.109 | ETA 11.0h | speed 2.28 step/s (window 2.32) | GPU mem 26/184 MiB | util 24% | grad_norm 1.15e+00
Step  10000 | batch_size= 8 | lr=3.51e-08 | loss=1.138800e+01 | e_loss=3.712243e+01 | f_loss=1.497282e+00 | pref_e=0.118 pref_f=900.110 | ETA 11.0h | speed 2.28 step/s (window 2.29) | GPU mem 25/184 MiB | util 23% | grad_norm 1.15e+00
Saved checkpoint to checkpoints_cuda_opt/model_step10000.pt
Step  10100 | batch_size= 8 | lr=3.51e-08 | loss=8.983514e+00 | e_loss=2.538534e+01 | f_loss=1.276054e+00 | pref_e=0.119 pref_f=899.111 | ETA 10.9h | speed 2.28 step/s (window 2.28) | GPU mem 26/184 MiB | util 24% | grad_norm 1.15e+00
Step  10200 | batch_size= 8 | lr=3.51e-08 | loss=1.028754e+01 | e_loss=3.163427e+01 | f_loss=1.390253e+00 | pref_e=0.120 pref_f=898.112 | ETA 10.9h | speed 2.28 step/s (window 2.30) | GPU mem 26/184 MiB | util 24% | grad_norm 1.15e+00
Step  10300 | batch_size= 8 | lr=3.51e-08 | loss=1.162271e+01 | e_loss=3.859612e+01 | f_loss=1.491144e+00 | pref_e=0.121 pref_f=897.113 | ETA 10.9h | speed 2.28 step/s (window 2.29) | GPU mem 25/184 MiB | util 24% | grad_norm 1.15e+00
Step  10400 | batch_size= 8 | lr=3.51e-08 | loss=1.313745e+01 | e_loss=4.321249e+01 | f_loss=1.689550e+00 | pref_e=0.122 pref_f=896.114 | ETA 10.9h | speed 2.28 step/s (window 2.26) | GPU mem 25/184 MiB | util 24% | grad_norm 1.15e+00
Step  10500 | batch_size= 8 | lr=3.51e-08 | loss=1.155450e+01 | e_loss=3.923548e+01 | f_loss=1.447117e+00 | pref_e=0.123 pref_f=895.115 | ETA 10.9h | speed 2.28 step/s (window 2.32) | GPU mem 25/184 MiB | util 24% | grad_norm 1.15e+00
Step  10600 | batch_size= 8 | lr=3.51e-08 | loss=1.180698e+01 | e_loss=3.911672e+01 | f_loss=1.498110e+00 | pref_e=0.124 pref_f=894.116 | ETA 10.9h | speed 2.28 step/s (window 2.31) | GPU mem 25/184 MiB | util 24% | grad_norm 1.15e+00
Step  10700 | batch_size= 8 | lr=3.51e-08 | loss=1.158212e+01 | e_loss=4.066226e+01 | f_loss=1.402643e+00 | pref_e=0.125 pref_f=893.117 | ETA 10.9h | speed 2.28 step/s (window 2.30) | GPU mem 25/184 MiB | util 24% | grad_norm 1.15e+00
Step  10800 | batch_size= 8 | lr=3.51e-08 | loss=1.414371e+01 | e_loss=5.179896e+01 | f_loss=1.645644e+00 | pref_e=0.126 pref_f=892.118 | ETA 10.9h | speed 2.28 step/s (window 2.29) | GPU mem 25/184 MiB | util 22% | grad_norm 1.15e+00
Step  10900 | batch_size= 8 | lr=3.51e-08 | loss=1.034023e+01 | e_loss=2.988039e+01 | f_loss=1.413767e+00 | pref_e=0.127 pref_f=891.119 | ETA 10.8h | speed 2.28 step/s (window 2.29) | GPU mem 26/184 MiB | util 24% | grad_norm 1.15e+00
Step  11000 | batch_size= 8 | lr=3.51e-08 | loss=1.052773e+01 | e_loss=3.283043e+01 | f_loss=1.367993e+00 | pref_e=0.128 pref_f=890.120 | ETA 10.8h | speed 2.28 step/s (window 2.30) | GPU mem 26/184 MiB | util 24% | grad_norm 1.15e+00
Step  11100 | batch_size= 8 | lr=3.51e-08 | loss=1.256407e+01 | e_loss=4.285126e+01 | f_loss=1.524964e+00 | pref_e=0.129 pref_f=889.121 | ETA 10.8h | speed 2.28 step/s (window 2.28) | GPU mem 25/184 MiB | util 24% | grad_norm 1.15e+00
Step  11200 | batch_size= 8 | lr=3.51e-08 | loss=1.065025e+01 | e_loss=3.405021e+01 | f_loss=1.350139e+00 | pref_e=0.130 pref_f=888.122 | ETA 10.8h | speed 2.28 step/s (window 2.30) | GPU mem 25/184 MiB | util 23% | grad_norm 1.15e+00
Step  11300 | batch_size= 8 | lr=3.51e-08 | loss=1.061971e+01 | e_loss=3.250429e+01 | f_loss=1.380938e+00 | pref_e=0.131 pref_f=887.123 | ETA 10.8h | speed 2.28 step/s (window 2.29) | GPU mem 26/184 MiB | util 23% | grad_norm 1.15e+00
Step  11400 | batch_size= 8 | lr=3.51e-08 | loss=1.411951e+01 | e_loss=4.779151e+01 | f_loss=1.699970e+00 | pref_e=0.132 pref_f=886.124 | ETA 10.8h | speed 2.28 step/s (window 2.28) | GPU mem 26/184 MiB | util 24% | grad_norm 1.15e+00
Step  11500 | batch_size= 8 | lr=3.51e-08 | loss=1.297098e+01 | e_loss=4.437334e+01 | f_loss=1.540203e+00 | pref_e=0.133 pref_f=885.125 | ETA 10.8h | speed 2.28 step/s (window 2.31) | GPU mem 25/184 MiB | util 23% | grad_norm 1.15e+00
Step  11600 | batch_size= 8 | lr=3.51e-08 | loss=1.274697e+01 | e_loss=4.378134e+01 | f_loss=1.500849e+00 | pref_e=0.134 pref_f=884.126 | ETA 10.8h | speed 2.28 step/s (window 2.26) | GPU mem 25/184 MiB | util 24% | grad_norm 1.15e+00
Step  11700 | batch_size= 8 | lr=3.51e-08 | loss=1.293759e+01 | e_loss=4.130218e+01 | f_loss=1.607761e+00 | pref_e=0.135 pref_f=883.127 | ETA 10.7h | speed 2.28 step/s (window 2.30) | GPU mem 26/184 MiB | util 23% | grad_norm 1.15e+00
Step  11800 | batch_size= 8 | lr=3.51e-08 | loss=1.267617e+01 | e_loss=4.097536e+01 | f_loss=1.553040e+00 | pref_e=0.136 pref_f=882.128 | ETA 10.7h | speed 2.28 step/s (window 2.30) | GPU mem 25/184 MiB | util 24% | grad_norm 1.15e+00
Step  11900 | batch_size= 8 | lr=3.51e-08 | loss=1.261256e+01 | e_loss=3.837368e+01 | f_loss=1.609073e+00 | pref_e=0.137 pref_f=881.129 | ETA 10.7h | speed 2.28 step/s (window 2.30) | GPU mem 25/184 MiB | util 24% | grad_norm 1.15e+00
Step  12000 | batch_size= 8 | lr=3.51e-08 | loss=1.352427e+01 | e_loss=4.669858e+01 | f_loss=1.552801e+00 | pref_e=0.138 pref_f=880.130 | ETA 10.7h | speed 2.28 step/s (window 2.28) | GPU mem 25/184 MiB | util 23% | grad_norm 1.15e+00
Step  12100 | batch_size= 8 | lr=3.51e-08 | loss=1.010362e+01 | e_loss=2.945032e+01 | f_loss=1.317425e+00 | pref_e=0.139 pref_f=879.131 | ETA 10.7h | speed 2.28 step/s (window 2.31) | GPU mem 25/184 MiB | util 23% | grad_norm 1.15e+00
Step  12200 | batch_size= 8 | lr=3.51e-08 | loss=1.195781e+01 | e_loss=3.614461e+01 | f_loss=1.514932e+00 | pref_e=0.140 pref_f=878.132 | ETA 10.7h | speed 2.28 step/s (window 2.31) | GPU mem 26/184 MiB | util 24% | grad_norm 1.15e+00
Step  12300 | batch_size= 8 | lr=3.51e-08 | loss=1.504650e+01 | e_loss=4.931252e+01 | f_loss=1.780620e+00 | pref_e=0.141 pref_f=877.133 | ETA 10.7h | speed 2.28 step/s (window 2.30) | GPU mem 25/184 MiB | util 22% | grad_norm 1.15e+00
Step  12400 | batch_size= 8 | lr=3.51e-08 | loss=1.143921e+01 | e_loss=3.698072e+01 | f_loss=1.363399e+00 | pref_e=0.142 pref_f=876.134 | ETA 10.7h | speed 2.28 step/s (window 2.31) | GPU mem 26/184 MiB | util 23% | grad_norm 1.15e+00
Step  12500 | batch_size= 8 | lr=3.51e-08 | loss=1.300689e+01 | e_loss=4.302560e+01 | f_loss=1.512233e+00 | pref_e=0.142 pref_f=875.135 | ETA 10.6h | speed 2.28 step/s (window 2.31) | GPU mem 26/184 MiB | util 24% | grad_norm 1.15e+00
Step  12600 | batch_size= 8 | lr=3.51e-08 | loss=1.302476e+01 | e_loss=4.059862e+01 | f_loss=1.584644e+00 | pref_e=0.143 pref_f=874.136 | ETA 10.6h | speed 2.28 step/s (window 2.30) | GPU mem 26/184 MiB | util 24% | grad_norm 1.15e+00
Step  12700 | batch_size= 8 | lr=3.51e-08 | loss=1.308414e+01 | e_loss=4.343441e+01 | f_loss=1.501642e+00 | pref_e=0.144 pref_f=873.137 | ETA 10.6h | speed 2.28 step/s (window 2.31) | GPU mem 25/184 MiB | util 23% | grad_norm 1.15e+00
Step  12800 | batch_size= 8 | lr=3.51e-08 | loss=1.458607e+01 | e_loss=4.994102e+01 | f_loss=1.616091e+00 | pref_e=0.145 pref_f=872.138 | ETA 10.6h | speed 2.28 step/s (window 2.32) | GPU mem 25/184 MiB | util 24% | grad_norm 1.15e+00
Step  12900 | batch_size= 8 | lr=3.51e-08 | loss=1.158825e+01 | e_loss=3.444280e+01 | f_loss=1.445295e+00 | pref_e=0.146 pref_f=871.139 | ETA 10.6h | speed 2.28 step/s (window 2.29) | GPU mem 25/184 MiB | util 23% | grad_norm 1.15e+00
Step  13000 | batch_size= 8 | lr=3.51e-08 | loss=1.267981e+01 | e_loss=4.069285e+01 | f_loss=1.477784e+00 | pref_e=0.147 pref_f=870.140 | ETA 10.6h | speed 2.28 step/s (window 2.31) | GPU mem 25/184 MiB | util 24% | grad_norm 1.15e+00
Step  13100 | batch_size= 8 | lr=3.51e-08 | loss=1.340782e+01 | e_loss=4.443189e+01 | f_loss=1.508669e+00 | pref_e=0.148 pref_f=869.141 | ETA 10.6h | speed 2.29 step/s (window 2.30) | GPU mem 25/184 MiB | util 23% | grad_norm 1.15e+00
Step  13200 | batch_size= 8 | lr=3.51e-08 | loss=1.211499e+01 | e_loss=3.829184e+01 | f_loss=1.418570e+00 | pref_e=0.149 pref_f=868.142 | ETA 10.6h | speed 2.29 step/s (window 2.30) | GPU mem 26/184 MiB | util 24% | grad_norm 1.15e+00
Step  13300 | batch_size= 8 | lr=3.51e-08 | loss=1.289158e+01 | e_loss=3.874569e+01 | f_loss=1.568077e+00 | pref_e=0.150 pref_f=867.143 | ETA 10.5h | speed 2.29 step/s (window 2.30) | GPU mem 25/184 MiB | util 24% | grad_norm 1.15e+00
Step  13400 | batch_size= 8 | lr=3.51e-08 | loss=1.303047e+01 | e_loss=3.980777e+01 | f_loss=1.556474e+00 | pref_e=0.151 pref_f=866.144 | ETA 10.5h | speed 2.29 step/s (window 2.30) | GPU mem 25/184 MiB | util 24% | grad_norm 1.15e+00
Step  13500 | batch_size= 8 | lr=3.51e-08 | loss=1.302491e+01 | e_loss=4.140591e+01 | f_loss=1.495490e+00 | pref_e=0.152 pref_f=865.145 | ETA 10.5h | speed 2.29 step/s (window 2.30) | GPU mem 25/184 MiB | util 23% | grad_norm 1.15e+00
Step  13600 | batch_size= 8 | lr=3.51e-08 | loss=1.565850e+01 | e_loss=5.073450e+01 | f_loss=1.755263e+00 | pref_e=0.153 pref_f=864.146 | ETA 10.5h | speed 2.29 step/s (window 2.29) | GPU mem 25/184 MiB | util 22% | grad_norm 1.15e+00
Step  13700 | batch_size= 8 | lr=3.51e-08 | loss=1.430259e+01 | e_loss=4.603755e+01 | f_loss=1.606968e+00 | pref_e=0.154 pref_f=863.147 | ETA 10.5h | speed 2.29 step/s (window 2.30) | GPU mem 25/184 MiB | util 23% | grad_norm 1.15e+00
Step  13800 | batch_size= 8 | lr=3.51e-08 | loss=1.317728e+01 | e_loss=4.344742e+01 | f_loss=1.437219e+00 | pref_e=0.155 pref_f=862.148 | ETA 10.5h | speed 2.29 step/s (window 2.29) | GPU mem 25/184 MiB | util 24% | grad_norm 1.15e+00
Step  13900 | batch_size= 8 | lr=3.51e-08 | loss=1.349142e+01 | e_loss=4.112014e+01 | f_loss=1.579525e+00 | pref_e=0.156 pref_f=861.149 | ETA 10.5h | speed 2.29 step/s (window 2.29) | GPU mem 25/184 MiB | util 24% | grad_norm 1.15e+00
Step  14000 | batch_size= 8 | lr=3.51e-08 | loss=1.184244e+01 | e_loss=3.386797e+01 | f_loss=1.458401e+00 | pref_e=0.157 pref_f=860.150 | ETA 10.5h | speed 2.29 step/s (window 2.30) | GPU mem 25/184 MiB | util 23% | grad_norm 1.15e+00
Step  14100 | batch_size= 8 | lr=3.51e-08 | loss=9.593576e+00 | e_loss=2.546816e+01 | f_loss=1.245542e+00 | pref_e=0.158 pref_f=859.151 | ETA 10.4h | speed 2.29 step/s (window 2.29) | GPU mem 25/184 MiB | util 24% | grad_norm 1.15e+00
Step  14200 | batch_size= 8 | lr=3.51e-08 | loss=1.319604e+01 | e_loss=4.091715e+01 | f_loss=1.498649e+00 | pref_e=0.159 pref_f=858.152 | ETA 10.4h | speed 2.29 step/s (window 2.29) | GPU mem 26/184 MiB | util 24% | grad_norm 1.15e+00
Step  14300 | batch_size= 8 | lr=3.51e-08 | loss=1.412736e+01 | e_loss=4.297233e+01 | f_loss=1.627001e+00 | pref_e=0.160 pref_f=857.153 | ETA 10.4h | speed 2.29 step/s (window 2.30) | GPU mem 26/184 MiB | util 23% | grad_norm 1.15e+00
Step  14400 | batch_size= 8 | lr=3.51e-08 | loss=1.164261e+01 | e_loss=3.496273e+01 | f_loss=1.350871e+00 | pref_e=0.161 pref_f=856.154 | ETA 10.4h | speed 2.29 step/s (window 2.31) | GPU mem 25/184 MiB | util 24% | grad_norm 1.15e+00
Step  14500 | batch_size= 8 | lr=3.51e-08 | loss=1.246842e+01 | e_loss=3.807928e+01 | f_loss=1.416294e+00 | pref_e=0.162 pref_f=855.155 | ETA 10.4h | speed 2.29 step/s (window 2.30) | GPU mem 26/184 MiB | util 24% | grad_norm 1.15e+00
Step  14600 | batch_size= 8 | lr=3.51e-08 | loss=1.387178e+01 | e_loss=4.416754e+01 | f_loss=1.503465e+00 | pref_e=0.163 pref_f=854.156 | ETA 10.4h | speed 2.29 step/s (window 2.30) | GPU mem 25/184 MiB | util 24% | grad_norm 1.15e+00
Step  14700 | batch_size= 8 | lr=3.51e-08 | loss=1.147231e+01 | e_loss=3.241282e+01 | f_loss=1.387267e+00 | pref_e=0.164 pref_f=853.157 | ETA 10.4h | speed 2.29 step/s (window 2.31) | GPU mem 25/184 MiB | util 23% | grad_norm 1.15e+00
Step  14800 | batch_size= 8 | lr=3.51e-08 | loss=1.664218e+01 | e_loss=5.346773e+01 | f_loss=1.766818e+00 | pref_e=0.165 pref_f=852.158 | ETA 10.4h | speed 2.29 step/s (window 2.30) | GPU mem 25/184 MiB | util 24% | grad_norm 1.15e+00
Step  14900 | batch_size= 8 | lr=3.51e-08 | loss=1.441093e+01 | e_loss=4.379618e+01 | f_loss=1.614879e+00 | pref_e=0.166 pref_f=851.159 | ETA 10.3h | speed 2.29 step/s (window 2.30) | GPU mem 25/184 MiB | util 23% | grad_norm 1.15e+00
Step  15000 | batch_size= 8 | lr=3.51e-08 | loss=1.151931e+01 | e_loss=3.306722e+01 | f_loss=1.357914e+00 | pref_e=0.167 pref_f=850.160 | ETA 10.3h | speed 2.29 step/s (window 2.30) | GPU mem 26/184 MiB | util 24% | grad_norm 1.15e+00
Step  15100 | batch_size= 8 | lr=3.51e-08 | loss=1.630871e+01 | e_loss=5.210700e+01 | f_loss=1.713597e+00 | pref_e=0.168 pref_f=849.161 | ETA 10.3h | speed 2.29 step/s (window 2.31) | GPU mem 25/184 MiB | util 23% | grad_norm 1.15e+00
Step  15200 | batch_size= 8 | lr=3.51e-08 | loss=1.052272e+01 | e_loss=2.987941e+01 | f_loss=1.241668e+00 | pref_e=0.169 pref_f=848.162 | ETA 10.3h | speed 2.29 step/s (window 2.28) | GPU mem 25/184 MiB | util 24% | grad_norm 1.15e+00
Step  15300 | batch_size= 8 | lr=3.51e-08 | loss=1.089594e+01 | e_loss=2.840661e+01 | f_loss=1.377676e+00 | pref_e=0.170 pref_f=847.163 | ETA 10.3h | speed 2.29 step/s (window 2.29) | GPU mem 26/184 MiB | util 23% | grad_norm 1.15e+00
Step  15400 | batch_size= 8 | lr=3.51e-08 | loss=1.525616e+01 | e_loss=4.743988e+01 | f_loss=1.626066e+00 | pref_e=0.171 pref_f=846.164 | ETA 10.3h | speed 2.29 step/s (window 2.31) | GPU mem 25/184 MiB | util 24% | grad_norm 1.15e+00
Step  15500 | batch_size= 8 | lr=3.51e-08 | loss=1.496006e+01 | e_loss=4.648844e+01 | f_loss=1.588065e+00 | pref_e=0.172 pref_f=845.165 | ETA 10.3h | speed 2.29 step/s (window 2.30) | GPU mem 26/184 MiB | util 23% | grad_norm 1.15e+00
Step  15600 | batch_size= 8 | lr=3.51e-08 | loss=1.455925e+01 | e_loss=4.617722e+01 | f_loss=1.500361e+00 | pref_e=0.173 pref_f=844.166 | ETA 10.3h | speed 2.29 step/s (window 2.29) | GPU mem 25/184 MiB | util 24% | grad_norm 1.15e+00
Step  15700 | batch_size= 8 | lr=3.51e-08 | loss=1.306314e+01 | e_loss=3.891624e+01 | f_loss=1.437101e+00 | pref_e=0.174 pref_f=843.167 | ETA 10.2h | speed 2.29 step/s (window 2.27) | GPU mem 26/184 MiB | util 24% | grad_norm 1.15e+00
Step  15800 | batch_size= 8 | lr=3.51e-08 | loss=1.474931e+01 | e_loss=4.295987e+01 | f_loss=1.653535e+00 | pref_e=0.175 pref_f=842.168 | ETA 10.2h | speed 2.29 step/s (window 2.30) | GPU mem 26/184 MiB | util 23% | grad_norm 1.15e+00
Step  15900 | batch_size= 8 | lr=3.51e-08 | loss=1.383033e+01 | e_loss=3.855028e+01 | f_loss=1.613092e+00 | pref_e=0.176 pref_f=841.169 | ETA 10.2h | speed 2.29 step/s (window 2.26) | GPU mem 25/184 MiB | util 23% | grad_norm 1.15e+00
Step  16000 | batch_size= 8 | lr=3.51e-08 | loss=1.142230e+01 | e_loss=3.206591e+01 | f_loss=1.317576e+00 | pref_e=0.177 pref_f=840.170 | ETA 10.2h | speed 2.29 step/s (window 2.28) | GPU mem 26/184 MiB | util 24% | grad_norm 1.15e+00
Step  16100 | batch_size= 8 | lr=3.51e-08 | loss=1.643849e+01 | e_loss=5.257929e+01 | f_loss=1.627476e+00 | pref_e=0.178 pref_f=839.171 | ETA 10.2h | speed 2.29 step/s (window 2.30) | GPU mem 25/184 MiB | util 23% | grad_norm 1.15e+00
Step  16200 | batch_size= 8 | lr=3.51e-08 | loss=1.471144e+01 | e_loss=4.541985e+01 | f_loss=1.513632e+00 | pref_e=0.179 pref_f=838.172 | ETA 10.2h | speed 2.29 step/s (window 2.29) | GPU mem 25/184 MiB | util 22% | grad_norm 1.15e+00
Step  16300 | batch_size= 8 | lr=3.51e-08 | loss=1.302696e+01 | e_loss=3.587353e+01 | f_loss=1.511591e+00 | pref_e=0.180 pref_f=837.173 | ETA 10.2h | speed 2.29 step/s (window 2.28) | GPU mem 25/184 MiB | util 24% | grad_norm 1.15e+00
Step  16400 | batch_size= 8 | lr=3.51e-08 | loss=1.141112e+01 | e_loss=3.015999e+01 | f_loss=1.370856e+00 | pref_e=0.181 pref_f=836.174 | ETA 10.2h | speed 2.29 step/s (window 2.29) | GPU mem 25/184 MiB | util 24% | grad_norm 1.15e+00
Step  16500 | batch_size= 8 | lr=3.51e-08 | loss=1.730512e+01 | e_loss=5.581843e+01 | f_loss=1.651721e+00 | pref_e=0.182 pref_f=835.175 | ETA 10.1h | speed 2.29 step/s (window 2.31) | GPU mem 26/184 MiB | util 24% | grad_norm 1.15e+00
Step  16600 | batch_size= 8 | lr=3.51e-08 | loss=1.464459e+01 | e_loss=4.320328e+01 | f_loss=1.558332e+00 | pref_e=0.183 pref_f=834.176 | ETA 10.1h | speed 2.29 step/s (window 2.31) | GPU mem 26/184 MiB | util 24% | grad_norm 1.15e+00
Step  16700 | batch_size= 8 | lr=3.51e-08 | loss=1.761907e+01 | e_loss=5.479930e+01 | f_loss=1.746474e+00 | pref_e=0.184 pref_f=833.177 | ETA 10.1h | speed 2.29 step/s (window 2.30) | GPU mem 25/184 MiB | util 23% | grad_norm 1.15e+00
Step  16800 | batch_size= 8 | lr=3.51e-08 | loss=1.078935e+01 | e_loss=2.676511e+01 | f_loss=1.351201e+00 | pref_e=0.185 pref_f=832.178 | ETA 10.1h | speed 2.29 step/s (window 2.28) | GPU mem 25/184 MiB | util 24% | grad_norm 1.15e+00
Step  16900 | batch_size= 8 | lr=3.51e-08 | loss=1.367565e+01 | e_loss=3.899556e+01 | f_loss=1.490429e+00 | pref_e=0.186 pref_f=831.179 | ETA 10.1h | speed 2.29 step/s (window 2.32) | GPU mem 26/184 MiB | util 24% | grad_norm 1.15e+00
Step  17000 | batch_size= 8 | lr=3.51e-08 | loss=1.399818e+01 | e_loss=3.849716e+01 | f_loss=1.578815e+00 | pref_e=0.187 pref_f=830.180 | ETA 10.1h | speed 2.29 step/s (window 2.29) | GPU mem 25/184 MiB | util 24% | grad_norm 1.15e+00
Step  17100 | batch_size= 8 | lr=3.51e-08 | loss=1.214767e+01 | e_loss=3.368929e+01 | f_loss=1.352130e+00 | pref_e=0.188 pref_f=829.181 | ETA 10.1h | speed 2.29 step/s (window 2.30) | GPU mem 25/184 MiB | util 24% | grad_norm 1.15e+00
Step  17200 | batch_size= 8 | lr=3.51e-08 | loss=1.133747e+01 | e_loss=3.000980e+01 | f_loss=1.319620e+00 | pref_e=0.189 pref_f=828.182 | ETA 10.1h | speed 2.29 step/s (window 2.30) | GPU mem 25/184 MiB | util 23% | grad_norm 1.15e+00
Step  17300 | batch_size= 8 | lr=3.51e-08 | loss=1.498113e+01 | e_loss=4.341998e+01 | f_loss=1.571247e+00 | pref_e=0.190 pref_f=827.183 | ETA 10.0h | speed 2.29 step/s (window 2.30) | GPU mem 25/184 MiB | util 24% | grad_norm 1.15e+00
Step  17400 | batch_size= 8 | lr=3.51e-08 | loss=1.461318e+01 | e_loss=4.132564e+01 | f_loss=1.570002e+00 | pref_e=0.191 pref_f=826.184 | ETA 10.0h | speed 2.29 step/s (window 2.29) | GPU mem 25/184 MiB | util 24% | grad_norm 1.15e+00
Step  17500 | batch_size= 8 | lr=3.51e-08 | loss=1.413789e+01 | e_loss=4.047639e+01 | f_loss=1.490088e+00 | pref_e=0.191 pref_f=825.185 | ETA 10.0h | speed 2.29 step/s (window 2.31) | GPU mem 25/184 MiB | util 23% | grad_norm 1.15e+00
Step  17600 | batch_size= 8 | lr=3.51e-08 | loss=1.439040e+01 | e_loss=3.966387e+01 | f_loss=1.577809e+00 | pref_e=0.192 pref_f=824.186 | ETA 10.0h | speed 2.29 step/s (window 2.30) | GPU mem 25/184 MiB | util 24% | grad_norm 1.15e+00
Step  17700 | batch_size= 8 | lr=3.51e-08 | loss=1.186105e+01 | e_loss=3.050488e+01 | f_loss=1.392278e+00 | pref_e=0.193 pref_f=823.187 | ETA 10.0h | speed 2.29 step/s (window 2.31) | GPU mem 26/184 MiB | util 22% | grad_norm 1.15e+00
Step  17800 | batch_size= 8 | lr=3.51e-08 | loss=1.398477e+01 | e_loss=3.919275e+01 | f_loss=1.490022e+00 | pref_e=0.194 pref_f=822.188 | ETA 10.0h | speed 2.29 step/s (window 2.28) | GPU mem 26/184 MiB | util 24% | grad_norm 1.15e+00
Step  17900 | batch_size= 8 | lr=3.51e-08 | loss=1.441620e+01 | e_loss=4.120610e+01 | f_loss=1.491631e+00 | pref_e=0.195 pref_f=821.189 | ETA 10.0h | speed 2.29 step/s (window 2.31) | GPU mem 25/184 MiB | util 24% | grad_norm 1.15e+00
Step  18000 | batch_size= 8 | lr=3.51e-08 | loss=1.261814e+01 | e_loss=3.312601e+01 | f_loss=1.434203e+00 | pref_e=0.196 pref_f=820.190 | ETA 10.0h | speed 2.29 step/s (window 2.29) | GPU mem 25/184 MiB | util 23% | grad_norm 1.15e+00
Step  18100 | batch_size= 8 | lr=3.51e-08 | loss=1.127717e+01 | e_loss=2.944822e+01 | f_loss=1.282962e+00 | pref_e=0.197 pref_f=819.191 | ETA 9.9h | speed 2.29 step/s (window 2.31) | GPU mem 25/184 MiB | util 23% | grad_norm 1.15e+00
Step  18200 | batch_size= 8 | lr=3.51e-08 | loss=1.485564e+01 | e_loss=4.288313e+01 | f_loss=1.493946e+00 | pref_e=0.198 pref_f=818.192 | ETA 9.9h | speed 2.29 step/s (window 2.29) | GPU mem 25/184 MiB | util 23% | grad_norm 1.15e+00
Step  18300 | batch_size= 8 | lr=3.51e-08 | loss=1.597285e+01 | e_loss=4.649869e+01 | f_loss=1.578752e+00 | pref_e=0.199 pref_f=817.193 | ETA 9.9h | speed 2.29 step/s (window 2.30) | GPU mem 25/184 MiB | util 24% | grad_norm 1.15e+00
Step  18400 | batch_size= 8 | lr=3.51e-08 | loss=1.181918e+01 | e_loss=3.100921e+01 | f_loss=1.321389e+00 | pref_e=0.200 pref_f=816.194 | ETA 9.9h | speed 2.29 step/s (window 2.27) | GPU mem 26/184 MiB | util 24% | grad_norm 1.15e+00
Step  18500 | batch_size= 8 | lr=3.51e-08 | loss=2.070084e+01 | e_loss=6.270550e+01 | f_loss=1.909597e+00 | pref_e=0.201 pref_f=815.195 | ETA 9.9h | speed 2.29 step/s (window 2.28) | GPU mem 25/184 MiB | util 23% | grad_norm 1.15e+00
Step  18600 | batch_size= 8 | lr=3.51e-08 | loss=1.733549e+01 | e_loss=5.060013e+01 | f_loss=1.679819e+00 | pref_e=0.202 pref_f=814.196 | ETA 9.9h | speed 2.29 step/s (window 2.27) | GPU mem 26/184 MiB | util 23% | grad_norm 1.15e+00
Step  18700 | batch_size= 8 | lr=3.51e-08 | loss=1.596403e+01 | e_loss=4.632544e+01 | f_loss=1.550582e+00 | pref_e=0.203 pref_f=813.197 | ETA 9.9h | speed 2.29 step/s (window 2.29) | GPU mem 25/184 MiB | util 23% | grad_norm 1.15e+00
Step  18800 | batch_size= 8 | lr=3.51e-08 | loss=1.190160e+01 | e_loss=3.099857e+01 | f_loss=1.319193e+00 | pref_e=0.204 pref_f=812.198 | ETA 9.9h | speed 2.29 step/s (window 2.29) | GPU mem 25/184 MiB | util 23% | grad_norm 1.15e+00
Step  18900 | batch_size= 8 | lr=3.51e-08 | loss=1.623215e+01 | e_loss=4.617684e+01 | f_loss=1.602136e+00 | pref_e=0.205 pref_f=811.199 | ETA 9.8h | speed 2.29 step/s (window 2.30) | GPU mem 25/184 MiB | util 23% | grad_norm 1.15e+00
Step  19000 | batch_size= 8 | lr=3.51e-08 | loss=1.623408e+01 | e_loss=4.376290e+01 | f_loss=1.712436e+00 | pref_e=0.206 pref_f=810.200 | ETA 9.8h | speed 2.29 step/s (window 2.28) | GPU mem 25/184 MiB | util 23% | grad_norm 1.15e+00
Step  19100 | batch_size= 8 | lr=3.51e-08 | loss=1.182390e+01 | e_loss=2.917424e+01 | f_loss=1.373575e+00 | pref_e=0.207 pref_f=809.201 | ETA 9.8h | speed 2.29 step/s (window 2.30) | GPU mem 25/184 MiB | util 24% | grad_norm 1.15e+00
Step  19200 | batch_size= 8 | lr=3.51e-08 | loss=1.533639e+01 | e_loss=4.319764e+01 | f_loss=1.510405e+00 | pref_e=0.208 pref_f=808.202 | ETA 9.8h | speed 2.29 step/s (window 2.32) | GPU mem 25/184 MiB | util 24% | grad_norm 1.15e+00
Step  19300 | batch_size= 8 | lr=3.51e-08 | loss=1.478259e+01 | e_loss=4.069221e+01 | f_loss=1.496439e+00 | pref_e=0.209 pref_f=807.203 | ETA 9.8h | speed 2.29 step/s (window 2.29) | GPU mem 25/184 MiB | util 23% | grad_norm 1.15e+00
Step  19400 | batch_size= 8 | lr=3.51e-08 | loss=1.680207e+01 | e_loss=4.723440e+01 | f_loss=1.642361e+00 | pref_e=0.210 pref_f=806.204 | ETA 9.8h | speed 2.29 step/s (window 2.33) | GPU mem 26/184 MiB | util 24% | grad_norm 1.15e+00
Step  19500 | batch_size= 8 | lr=3.51e-08 | loss=1.610892e+01 | e_loss=4.634310e+01 | f_loss=1.511839e+00 | pref_e=0.211 pref_f=805.205 | ETA 9.8h | speed 2.29 step/s (window 2.27) | GPU mem 25/184 MiB | util 23% | grad_norm 1.15e+00
Step  19600 | batch_size= 8 | lr=3.51e-08 | loss=1.575075e+01 | e_loss=4.374798e+01 | f_loss=1.548545e+00 | pref_e=0.212 pref_f=804.206 | ETA 9.8h | speed 2.29 step/s (window 2.29) | GPU mem 25/184 MiB | util 23% | grad_norm 1.15e+00
Step  19700 | batch_size= 8 | lr=3.51e-08 | loss=1.574776e+01 | e_loss=4.116480e+01 | f_loss=1.671309e+00 | pref_e=0.213 pref_f=803.207 | ETA 9.8h | speed 2.29 step/s (window 2.29) | GPU mem 26/184 MiB | util 24% | grad_norm 1.15e+00
Step  19800 | batch_size= 8 | lr=3.51e-08 | loss=1.377132e+01 | e_loss=3.755674e+01 | f_loss=1.376364e+00 | pref_e=0.214 pref_f=802.208 | ETA 9.7h | speed 2.29 step/s (window 2.27) | GPU mem 26/184 MiB | util 24% | grad_norm 1.15e+00
Step  19900 | batch_size= 8 | lr=3.51e-08 | loss=1.664001e+01 | e_loss=4.582462e+01 | f_loss=1.630368e+00 | pref_e=0.215 pref_f=801.209 | ETA 9.7h | speed 2.29 step/s (window 2.29) | GPU mem 26/184 MiB | util 24% | grad_norm 1.15e+00
Step  20000 | batch_size= 8 | lr=3.51e-08 | loss=1.527531e+01 | e_loss=4.206555e+01 | f_loss=1.488873e+00 | pref_e=0.216 pref_f=800.210 | ETA 9.7h | speed 2.29 step/s (window 2.30) | GPU mem 26/184 MiB | util 23% | grad_norm 1.15e+00
Saved checkpoint to checkpoints_cuda_opt/model_step20000.pt
Step  20100 | batch_size= 8 | lr=3.51e-08 | loss=1.332211e+01 | e_loss=3.421873e+01 | f_loss=1.419265e+00 | pref_e=0.217 pref_f=799.211 | ETA 9.7h | speed 2.29 step/s (window 2.28) | GPU mem 25/184 MiB | util 23% | grad_norm 1.15e+00
Step  20200 | batch_size= 8 | lr=3.51e-08 | loss=1.115356e+01 | e_loss=2.699771e+01 | f_loss=1.270116e+00 | pref_e=0.218 pref_f=798.212 | ETA 9.7h | speed 2.29 step/s (window 2.29) | GPU mem 26/184 MiB | util 23% | grad_norm 1.15e+00
Step  20300 | batch_size= 8 | lr=3.51e-08 | loss=1.530375e+01 | e_loss=4.107431e+01 | f_loss=1.524094e+00 | pref_e=0.219 pref_f=797.213 | ETA 9.7h | speed 2.29 step/s (window 2.33) | GPU mem 25/184 MiB | util 23% | grad_norm 1.15e+00
Step  20400 | batch_size= 8 | lr=3.51e-08 | loss=1.511431e+01 | e_loss=4.004843e+01 | f_loss=1.524420e+00 | pref_e=0.220 pref_f=796.214 | ETA 9.7h | speed 2.29 step/s (window 2.31) | GPU mem 26/184 MiB | util 24% | grad_norm 1.15e+00
Step  20500 | batch_size= 8 | lr=3.51e-08 | loss=1.246884e+01 | e_loss=3.178153e+01 | f_loss=1.318672e+00 | pref_e=0.221 pref_f=795.215 | ETA 9.7h | speed 2.29 step/s (window 2.28) | GPU mem 25/184 MiB | util 23% | grad_norm 1.15e+00
Step  20600 | batch_size= 8 | lr=3.51e-08 | loss=1.533123e+01 | e_loss=4.069289e+01 | f_loss=1.527126e+00 | pref_e=0.222 pref_f=794.216 | ETA 9.6h | speed 2.29 step/s (window 2.33) | GPU mem 25/184 MiB | util 24% | grad_norm 1.15e+00
Step  20700 | batch_size= 8 | lr=3.51e-08 | loss=1.838846e+01 | e_loss=5.242968e+01 | f_loss=1.628392e+00 | pref_e=0.223 pref_f=793.217 | ETA 9.6h | speed 2.29 step/s (window 2.32) | GPU mem 25/184 MiB | util 23% | grad_norm 1.15e+00
Step  20800 | batch_size= 8 | lr=3.51e-08 | loss=1.548944e+01 | e_loss=4.102435e+01 | f_loss=1.532716e+00 | pref_e=0.224 pref_f=792.218 | ETA 9.6h | speed 2.29 step/s (window 2.28) | GPU mem 26/184 MiB | util 24% | grad_norm 1.15e+00
Step  20900 | batch_size= 8 | lr=3.51e-08 | loss=1.672429e+01 | e_loss=4.555230e+01 | f_loss=1.578056e+00 | pref_e=0.225 pref_f=791.219 | ETA 9.6h | speed 2.29 step/s (window 2.34) | GPU mem 25/184 MiB | util 24% | grad_norm 1.15e+00
Step  21000 | batch_size= 8 | lr=3.51e-08 | loss=1.819201e+01 | e_loss=5.053767e+01 | f_loss=1.652572e+00 | pref_e=0.226 pref_f=790.220 | ETA 9.6h | speed 2.29 step/s (window 2.30) | GPU mem 25/184 MiB | util 24% | grad_norm 1.15e+00
Step  21100 | batch_size= 8 | lr=3.51e-08 | loss=1.756091e+01 | e_loss=4.832121e+01 | f_loss=1.611235e+00 | pref_e=0.227 pref_f=789.221 | ETA 9.6h | speed 2.29 step/s (window 2.30) | GPU mem 26/184 MiB | util 24% | grad_norm 1.15e+00
Step  21200 | batch_size= 8 | lr=3.51e-08 | loss=1.210660e+01 | e_loss=2.966438e+01 | f_loss=1.306137e+00 | pref_e=0.228 pref_f=788.222 | ETA 9.6h | speed 2.29 step/s (window 2.31) | GPU mem 25/184 MiB | util 23% | grad_norm 1.15e+00
Step  21300 | batch_size= 8 | lr=3.51e-08 | loss=1.474345e+01 | e_loss=3.653658e+01 | f_loss=1.561018e+00 | pref_e=0.229 pref_f=787.223 | ETA 9.6h | speed 2.29 step/s (window 2.30) | GPU mem 26/184 MiB | util 24% | grad_norm 1.15e+00
Step  21400 | batch_size= 8 | lr=3.51e-08 | loss=1.841396e+01 | e_loss=4.984397e+01 | f_loss=1.704771e+00 | pref_e=0.230 pref_f=786.224 | ETA 9.5h | speed 2.29 step/s (window 2.29) | GPU mem 25/184 MiB | util 24% | grad_norm 1.15e+00
Step  21500 | batch_size= 8 | lr=3.51e-08 | loss=1.535409e+01 | e_loss=4.138893e+01 | f_loss=1.423688e+00 | pref_e=0.231 pref_f=785.225 | ETA 9.5h | speed 2.29 step/s (window 2.28) | GPU mem 26/184 MiB | util 23% | grad_norm 1.15e+00
Step  21600 | batch_size= 8 | lr=3.51e-08 | loss=1.362923e+01 | e_loss=3.285804e+01 | f_loss=1.476739e+00 | pref_e=0.232 pref_f=784.226 | ETA 9.5h | speed 2.29 step/s (window 2.29) | GPU mem 26/184 MiB | util 23% | grad_norm 1.15e+00
Step  21700 | batch_size= 8 | lr=3.51e-08 | loss=1.320131e+01 | e_loss=3.323641e+01 | f_loss=1.344070e+00 | pref_e=0.233 pref_f=783.227 | ETA 9.5h | speed 2.29 step/s (window 2.30) | GPU mem 25/184 MiB | util 24% | grad_norm 1.15e+00
Step  21800 | batch_size= 8 | lr=3.51e-08 | loss=1.529288e+01 | e_loss=3.832451e+01 | f_loss=1.559119e+00 | pref_e=0.234 pref_f=782.228 | ETA 9.5h | speed 2.29 step/s (window 2.28) | GPU mem 26/184 MiB | util 23% | grad_norm 1.15e+00
Step  21900 | batch_size= 8 | lr=3.51e-08 | loss=1.518166e+01 | e_loss=3.897128e+01 | f_loss=1.487172e+00 | pref_e=0.235 pref_f=781.229 | ETA 9.5h | speed 2.29 step/s (window 2.27) | GPU mem 26/184 MiB | util 23% | grad_norm 1.15e+00
Step  22000 | batch_size= 8 | lr=3.51e-08 | loss=1.573998e+01 | e_loss=3.960758e+01 | f_loss=1.581009e+00 | pref_e=0.236 pref_f=780.230 | ETA 9.5h | speed 2.29 step/s (window 2.30) | GPU mem 25/184 MiB | util 23% | grad_norm 1.15e+00
Step  22100 | batch_size= 8 | lr=3.51e-08 | loss=1.509050e+01 | e_loss=3.705102e+01 | f_loss=1.561942e+00 | pref_e=0.237 pref_f=779.231 | ETA 9.5h | speed 2.29 step/s (window 2.30) | GPU mem 25/184 MiB | util 24% | grad_norm 1.15e+00
Step  22200 | batch_size= 8 | lr=3.51e-08 | loss=1.769786e+01 | e_loss=4.668635e+01 | f_loss=1.635068e+00 | pref_e=0.238 pref_f=778.232 | ETA 9.4h | speed 2.29 step/s (window 2.31) | GPU mem 25/184 MiB | util 24% | grad_norm 1.15e+00
Step  22300 | batch_size= 8 | lr=3.51e-08 | loss=1.550532e+01 | e_loss=4.026167e+01 | f_loss=1.461091e+00 | pref_e=0.239 pref_f=777.233 | ETA 9.4h | speed 2.29 step/s (window 2.30) | GPU mem 26/184 MiB | util 23% | grad_norm 1.15e+00
Step  22400 | batch_size= 8 | lr=3.51e-08 | loss=1.376857e+01 | e_loss=3.418613e+01 | f_loss=1.383605e+00 | pref_e=0.240 pref_f=776.234 | ETA 9.4h | speed 2.29 step/s (window 2.32) | GPU mem 25/184 MiB | util 24% | grad_norm 1.15e+00
Step  22500 | batch_size= 8 | lr=3.51e-08 | loss=1.474150e+01 | e_loss=3.760103e+01 | f_loss=1.415827e+00 | pref_e=0.240 pref_f=775.235 | ETA 9.4h | speed 2.29 step/s (window 2.31) | GPU mem 25/184 MiB | util 23% | grad_norm 1.15e+00
Step  22600 | batch_size= 8 | lr=3.51e-08 | loss=1.724276e+01 | e_loss=4.455234e+01 | f_loss=1.612866e+00 | pref_e=0.241 pref_f=774.236 | ETA 9.4h | speed 2.29 step/s (window 2.29) | GPU mem 25/184 MiB | util 23% | grad_norm 1.15e+00
Step  22700 | batch_size= 8 | lr=3.51e-08 | loss=1.791168e+01 | e_loss=4.758121e+01 | f_loss=1.588651e+00 | pref_e=0.242 pref_f=773.237 | ETA 9.4h | speed 2.29 step/s (window 2.27) | GPU mem 26/184 MiB | util 23% | grad_norm 1.15e+00
Step  22800 | batch_size= 8 | lr=3.51e-08 | loss=1.663838e+01 | e_loss=4.383483e+01 | f_loss=1.488155e+00 | pref_e=0.243 pref_f=772.238 | ETA 9.4h | speed 2.29 step/s (window 2.30) | GPU mem 26/184 MiB | util 23% | grad_norm 1.15e+00
Step  22900 | batch_size= 8 | lr=3.51e-08 | loss=1.146147e+01 | e_loss=2.543940e+01 | f_loss=1.307494e+00 | pref_e=0.244 pref_f=771.239 | ETA 9.4h | speed 2.29 step/s (window 2.29) | GPU mem 25/184 MiB | util 24% | grad_norm 1.15e+00
Step  23000 | batch_size= 8 | lr=3.51e-08 | loss=1.716376e+01 | e_loss=4.471426e+01 | f_loss=1.547047e+00 | pref_e=0.245 pref_f=770.240 | ETA 9.3h | speed 2.29 step/s (window 2.29) | GPU mem 26/184 MiB | util 24% | grad_norm 1.15e+00
Step  23100 | batch_size= 8 | lr=3.51e-08 | loss=1.454353e+01 | e_loss=3.609586e+01 | f_loss=1.414005e+00 | pref_e=0.246 pref_f=769.241 | ETA 9.3h | speed 2.29 step/s (window 2.31) | GPU mem 26/184 MiB | util 23% | grad_norm 1.15e+00
Step  23200 | batch_size= 8 | lr=3.51e-08 | loss=1.696265e+01 | e_loss=4.404656e+01 | f_loss=1.521426e+00 | pref_e=0.247 pref_f=768.242 | ETA 9.3h | speed 2.29 step/s (window 2.30) | GPU mem 26/184 MiB | util 24% | grad_norm 1.15e+00
Step  23300 | batch_size= 8 | lr=3.51e-08 | loss=1.740427e+01 | e_loss=4.369669e+01 | f_loss=1.644023e+00 | pref_e=0.248 pref_f=767.243 | ETA 9.3h | speed 2.29 step/s (window 2.29) | GPU mem 25/184 MiB | util 24% | grad_norm 1.15e+00
Step  23400 | batch_size= 8 | lr=3.51e-08 | loss=1.728726e+01 | e_loss=4.362307e+01 | f_loss=1.610388e+00 | pref_e=0.249 pref_f=766.244 | ETA 9.3h | speed 2.29 step/s (window 2.29) | GPU mem 26/184 MiB | util 23% | grad_norm 1.15e+00
Step  23500 | batch_size= 8 | lr=3.51e-08 | loss=1.349797e+01 | e_loss=3.203996e+01 | f_loss=1.377623e+00 | pref_e=0.250 pref_f=765.245 | ETA 9.3h | speed 2.29 step/s (window 2.28) | GPU mem 25/184 MiB | util 23% | grad_norm 1.15e+00
Step  23600 | batch_size= 8 | lr=3.51e-08 | loss=1.637404e+01 | e_loss=4.093387e+01 | f_loss=1.533624e+00 | pref_e=0.251 pref_f=764.246 | ETA 9.3h | speed 2.29 step/s (window 2.30) | GPU mem 26/184 MiB | util 24% | grad_norm 1.15e+00
Step  23700 | batch_size= 8 | lr=3.51e-08 | loss=1.935251e+01 | e_loss=5.043037e+01 | f_loss=1.674064e+00 | pref_e=0.252 pref_f=763.247 | ETA 9.3h | speed 2.29 step/s (window 2.28) | GPU mem 25/184 MiB | util 23% | grad_norm 1.15e+00
Step  23800 | batch_size= 8 | lr=3.51e-08 | loss=1.346764e+01 | e_loss=3.211297e+01 | f_loss=1.347461e+00 | pref_e=0.253 pref_f=762.248 | ETA 9.2h | speed 2.29 step/s (window 2.32) | GPU mem 25/184 MiB | util 24% | grad_norm 1.15e+00
Step  23900 | batch_size= 8 | lr=3.51e-08 | loss=1.364628e+01 | e_loss=3.240149e+01 | f_loss=1.367675e+00 | pref_e=0.254 pref_f=761.249 | ETA 9.2h | speed 2.29 step/s (window 2.28) | GPU mem 25/184 MiB | util 22% | grad_norm 1.15e+00
Step  24000 | batch_size= 8 | lr=3.51e-08 | loss=2.130999e+01 | e_loss=5.646122e+01 | f_loss=1.748317e+00 | pref_e=0.255 pref_f=760.250 | ETA 9.2h | speed 2.29 step/s (window 2.28) | GPU mem 26/184 MiB | util 23% | grad_norm 1.15e+00
Step  24100 | batch_size= 8 | lr=3.51e-08 | loss=1.810496e+01 | e_loss=4.655348e+01 | f_loss=1.567180e+00 | pref_e=0.256 pref_f=759.251 | ETA 9.2h | speed 2.29 step/s (window 2.29) | GPU mem 26/184 MiB | util 24% | grad_norm 1.15e+00
Step  24200 | batch_size= 8 | lr=3.51e-08 | loss=1.341698e+01 | e_loss=3.075533e+01 | f_loss=1.398097e+00 | pref_e=0.257 pref_f=758.252 | ETA 9.2h | speed 2.29 step/s (window 2.28) | GPU mem 25/184 MiB | util 23% | grad_norm 1.15e+00
Step  24300 | batch_size= 8 | lr=3.51e-08 | loss=1.422746e+01 | e_loss=3.424676e+01 | f_loss=1.368775e+00 | pref_e=0.258 pref_f=757.253 | ETA 9.2h | speed 2.29 step/s (window 2.28) | GPU mem 26/184 MiB | util 23% | grad_norm 1.15e+00
Step  24400 | batch_size= 8 | lr=3.51e-08 | loss=1.619000e+01 | e_loss=3.990729e+01 | f_loss=1.488932e+00 | pref_e=0.259 pref_f=756.254 | ETA 9.2h | speed 2.29 step/s (window 2.29) | GPU mem 25/184 MiB | util 24% | grad_norm 1.15e+00
Step  24500 | batch_size= 8 | lr=3.51e-08 | loss=1.463247e+01 | e_loss=3.438795e+01 | f_loss=1.449067e+00 | pref_e=0.260 pref_f=755.255 | ETA 9.2h | speed 2.29 step/s (window 2.29) | GPU mem 26/184 MiB | util 23% | grad_norm 1.15e+00
Step  24600 | batch_size= 8 | lr=3.51e-08 | loss=1.414929e+01 | e_loss=3.293248e+01 | f_loss=1.416020e+00 | pref_e=0.261 pref_f=754.256 | ETA 9.2h | speed 2.29 step/s (window 2.29) | GPU mem 26/184 MiB | util 23% | grad_norm 1.15e+00
Step  24700 | batch_size= 8 | lr=3.51e-08 | loss=1.983836e+01 | e_loss=5.090201e+01 | f_loss=1.661269e+00 | pref_e=0.262 pref_f=753.257 | ETA 9.1h | speed 2.29 step/s (window 2.32) | GPU mem 26/184 MiB | util 24% | grad_norm 1.15e+00
Step  24800 | batch_size= 8 | lr=3.51e-08 | loss=1.842004e+01 | e_loss=4.528921e+01 | f_loss=1.665584e+00 | pref_e=0.263 pref_f=752.258 | ETA 9.1h | speed 2.29 step/s (window 2.30) | GPU mem 26/184 MiB | util 24% | grad_norm 1.15e+00
Step  24900 | batch_size= 8 | lr=3.51e-08 | loss=1.680757e+01 | e_loss=4.015124e+01 | f_loss=1.590184e+00 | pref_e=0.264 pref_f=751.259 | ETA 9.1h | speed 2.29 step/s (window 2.29) | GPU mem 25/184 MiB | util 23% | grad_norm 1.15e+00
Step  25000 | batch_size= 8 | lr=3.51e-08 | loss=1.862610e+01 | e_loss=4.673278e+01 | f_loss=1.601552e+00 | pref_e=0.265 pref_f=750.260 | ETA 9.1h | speed 2.29 step/s (window 2.32) | GPU mem 25/184 MiB | util 24% | grad_norm 1.15e+00
Step  25100 | batch_size= 8 | lr=3.51e-08 | loss=2.417763e+01 | e_loss=6.369449e+01 | f_loss=1.861019e+00 | pref_e=0.266 pref_f=749.261 | ETA 9.1h | speed 2.29 step/s (window 2.30) | GPU mem 25/184 MiB | util 24% | grad_norm 1.15e+00
Step  25200 | batch_size= 8 | lr=3.51e-08 | loss=1.668696e+01 | e_loss=4.003771e+01 | f_loss=1.543628e+00 | pref_e=0.267 pref_f=748.262 | ETA 9.1h | speed 2.29 step/s (window 2.30) | GPU mem 25/184 MiB | util 24% | grad_norm 1.15e+00
Step  25300 | batch_size= 8 | lr=3.51e-08 | loss=2.005726e+01 | e_loss=5.053699e+01 | f_loss=1.679164e+00 | pref_e=0.268 pref_f=747.263 | ETA 9.1h | speed 2.29 step/s (window 2.30) | GPU mem 26/184 MiB | util 24% | grad_norm 1.15e+00
Step  25400 | batch_size= 8 | lr=3.51e-08 | loss=1.607803e+01 | e_loss=3.993453e+01 | f_loss=1.377499e+00 | pref_e=0.269 pref_f=746.264 | ETA 9.1h | speed 2.29 step/s (window 2.32) | GPU mem 25/184 MiB | util 23% | grad_norm 1.15e+00
Step  25500 | batch_size= 8 | lr=3.51e-08 | loss=1.174057e+01 | e_loss=2.587510e+01 | f_loss=1.227982e+00 | pref_e=0.270 pref_f=745.265 | ETA 9.0h | speed 2.29 step/s (window 2.29) | GPU mem 25/184 MiB | util 24% | grad_norm 1.15e+00
Step  25600 | batch_size= 8 | lr=3.51e-08 | loss=2.030347e+01 | e_loss=5.142361e+01 | f_loss=1.650037e+00 | pref_e=0.271 pref_f=744.266 | ETA 9.0h | speed 2.29 step/s (window 2.29) | GPU mem 25/184 MiB | util 23% | grad_norm 1.15e+00
Step  25700 | batch_size= 8 | lr=3.51e-08 | loss=1.541846e+01 | e_loss=3.598243e+01 | f_loss=1.459421e+00 | pref_e=0.272 pref_f=743.267 | ETA 9.0h | speed 2.29 step/s (window 2.30) | GPU mem 25/184 MiB | util 23% | grad_norm 1.15e+00
Step  25800 | batch_size= 8 | lr=3.51e-08 | loss=1.649861e+01 | e_loss=3.962645e+01 | f_loss=1.474759e+00 | pref_e=0.273 pref_f=742.268 | ETA 9.0h | speed 2.29 step/s (window 2.30) | GPU mem 25/184 MiB | util 24% | grad_norm 1.15e+00
Step  25900 | batch_size= 8 | lr=3.51e-08 | loss=1.303934e+01 | e_loss=2.866607e+01 | f_loss=1.346785e+00 | pref_e=0.274 pref_f=741.269 | ETA 9.0h | speed 2.29 step/s (window 2.30) | GPU mem 25/184 MiB | util 24% | grad_norm 1.15e+00
Step  26000 | batch_size= 8 | lr=3.51e-08 | loss=1.296165e+01 | e_loss=2.825616e+01 | f_loss=1.350492e+00 | pref_e=0.275 pref_f=740.270 | ETA 9.0h | speed 2.29 step/s (window 2.25) | GPU mem 26/184 MiB | util 23% | grad_norm 1.15e+00
Step  26100 | batch_size= 8 | lr=3.51e-08 | loss=1.433895e+01 | e_loss=3.276875e+01 | f_loss=1.380477e+00 | pref_e=0.276 pref_f=739.271 | ETA 9.0h | speed 2.29 step/s (window 2.30) | GPU mem 25/184 MiB | util 24% | grad_norm 1.15e+00
Step  26200 | batch_size= 8 | lr=3.51e-08 | loss=1.854735e+01 | e_loss=4.492291e+01 | f_loss=1.595079e+00 | pref_e=0.277 pref_f=738.272 | ETA 9.0h | speed 2.29 step/s (window 2.29) | GPU mem 26/184 MiB | util 24% | grad_norm 1.15e+00
Step  26300 | batch_size= 8 | lr=3.51e-08 | loss=2.039662e+01 | e_loss=5.045307e+01 | f_loss=1.667447e+00 | pref_e=0.278 pref_f=737.273 | ETA 8.9h | speed 2.29 step/s (window 2.29) | GPU mem 26/184 MiB | util 23% | grad_norm 1.15e+00
Step  26400 | batch_size= 8 | lr=3.51e-08 | loss=1.468093e+01 | e_loss=3.420820e+01 | f_loss=1.345574e+00 | pref_e=0.279 pref_f=736.274 | ETA 8.9h | speed 2.29 step/s (window 2.31) | GPU mem 25/184 MiB | util 24% | grad_norm 1.15e+00
Step  26500 | batch_size= 8 | lr=3.51e-08 | loss=1.408296e+01 | e_loss=3.140359e+01 | f_loss=1.386417e+00 | pref_e=0.280 pref_f=735.275 | ETA 8.9h | speed 2.29 step/s (window 2.32) | GPU mem 26/184 MiB | util 24% | grad_norm 1.15e+00
Step  26600 | batch_size= 8 | lr=3.51e-08 | loss=1.381115e+01 | e_loss=3.198259e+01 | f_loss=1.266740e+00 | pref_e=0.281 pref_f=734.276 | ETA 8.9h | speed 2.29 step/s (window 2.31) | GPU mem 26/184 MiB | util 23% | grad_norm 1.15e+00
Step  26700 | batch_size= 8 | lr=3.51e-08 | loss=1.804926e+01 | e_loss=4.326017e+01 | f_loss=1.540543e+00 | pref_e=0.282 pref_f=733.277 | ETA 8.9h | speed 2.29 step/s (window 2.30) | GPU mem 26/184 MiB | util 23% | grad_norm 1.15e+00
Step  26800 | batch_size= 8 | lr=3.51e-08 | loss=2.007242e+01 | e_loss=4.813634e+01 | f_loss=1.700120e+00 | pref_e=0.283 pref_f=732.278 | ETA 8.9h | speed 2.29 step/s (window 2.32) | GPU mem 25/184 MiB | util 24% | grad_norm 1.15e+00
Step  26900 | batch_size= 8 | lr=3.51e-08 | loss=2.048495e+01 | e_loss=5.153067e+01 | f_loss=1.547158e+00 | pref_e=0.284 pref_f=731.279 | ETA 8.9h | speed 2.29 step/s (window 2.30) | GPU mem 26/184 MiB | util 23% | grad_norm 1.15e+00
Step  27000 | batch_size= 8 | lr=3.51e-08 | loss=1.443207e+01 | e_loss=3.196442e+01 | f_loss=1.406580e+00 | pref_e=0.285 pref_f=730.280 | ETA 8.9h | speed 2.29 step/s (window 2.32) | GPU mem 25/184 MiB | util 23% | grad_norm 1.15e+00
Step  27100 | batch_size= 8 | lr=3.51e-08 | loss=2.086873e+01 | e_loss=4.955568e+01 | f_loss=1.773187e+00 | pref_e=0.286 pref_f=729.281 | ETA 8.8h | speed 2.29 step/s (window 2.30) | GPU mem 25/184 MiB | util 24% | grad_norm 1.15e+00
Step  27200 | batch_size= 8 | lr=3.51e-08 | loss=2.075120e+01 | e_loss=4.973984e+01 | f_loss=1.718383e+00 | pref_e=0.287 pref_f=728.282 | ETA 8.8h | speed 2.29 step/s (window 2.28) | GPU mem 26/184 MiB | util 24% | grad_norm 1.15e+00
Step  27300 | batch_size= 8 | lr=3.51e-08 | loss=1.843911e+01 | e_loss=4.350241e+01 | f_loss=1.571107e+00 | pref_e=0.288 pref_f=727.283 | ETA 8.8h | speed 2.29 step/s (window 2.30) | GPU mem 25/184 MiB | util 23% | grad_norm 1.15e+00
Step  27400 | batch_size= 8 | lr=3.51e-08 | loss=1.727859e+01 | e_loss=3.951015e+01 | f_loss=1.558291e+00 | pref_e=0.289 pref_f=726.284 | ETA 8.8h | speed 2.29 step/s (window 2.31) | GPU mem 26/184 MiB | util 24% | grad_norm 1.15e+00
Step  27500 | batch_size= 8 | lr=3.51e-08 | loss=1.416099e+01 | e_loss=3.136872e+01 | f_loss=1.347380e+00 | pref_e=0.289 pref_f=725.285 | ETA 8.8h | speed 2.29 step/s (window 2.29) | GPU mem 25/184 MiB | util 24% | grad_norm 1.15e+00
Step  27600 | batch_size= 8 | lr=3.51e-08 | loss=1.218295e+01 | e_loss=2.609607e+01 | f_loss=1.222850e+00 | pref_e=0.290 pref_f=724.286 | ETA 8.8h | speed 2.29 step/s (window 2.30) | GPU mem 25/184 MiB | util 24% | grad_norm 1.15e+00
Step  27700 | batch_size= 8 | lr=3.51e-08 | loss=1.939676e+01 | e_loss=4.564230e+01 | f_loss=1.623015e+00 | pref_e=0.291 pref_f=723.287 | ETA 8.8h | speed 2.29 step/s (window 2.29) | GPU mem 25/184 MiB | util 24% | grad_norm 1.15e+00
Step  27800 | batch_size= 8 | lr=3.51e-08 | loss=1.544735e+01 | e_loss=3.444768e+01 | f_loss=1.432410e+00 | pref_e=0.292 pref_f=722.288 | ETA 8.8h | speed 2.29 step/s (window 2.33) | GPU mem 26/184 MiB | util 24% | grad_norm 1.15e+00
Step  27900 | batch_size= 8 | lr=3.51e-08 | loss=1.261814e+01 | e_loss=2.593276e+01 | f_loss=1.335989e+00 | pref_e=0.293 pref_f=721.289 | ETA 8.7h | speed 2.29 step/s (window 2.29) | GPU mem 25/184 MiB | util 23% | grad_norm 1.15e+00
Step  28000 | batch_size= 8 | lr=3.51e-08 | loss=1.568777e+01 | e_loss=3.494846e+01 | f_loss=1.442587e+00 | pref_e=0.294 pref_f=720.290 | ETA 8.7h | speed 2.29 step/s (window 2.29) | GPU mem 25/184 MiB | util 24% | grad_norm 1.15e+00
Step  28100 | batch_size= 8 | lr=3.51e-08 | loss=1.703909e+01 | e_loss=3.892659e+01 | f_loss=1.483021e+00 | pref_e=0.295 pref_f=719.291 | ETA 8.7h | speed 2.29 step/s (window 2.26) | GPU mem 26/184 MiB | util 23% | grad_norm 1.15e+00
Step  28200 | batch_size= 8 | lr=3.51e-08 | loss=1.862206e+01 | e_loss=4.268183e+01 | f_loss=1.600212e+00 | pref_e=0.296 pref_f=718.292 | ETA 8.7h | speed 2.29 step/s (window 2.32) | GPU mem 26/184 MiB | util 23% | grad_norm 1.15e+00
Step  28300 | batch_size= 8 | lr=3.51e-08 | loss=2.339543e+01 | e_loss=5.605595e+01 | f_loss=1.806803e+00 | pref_e=0.297 pref_f=717.293 | ETA 8.7h | speed 2.29 step/s (window 2.31) | GPU mem 26/184 MiB | util 24% | grad_norm 1.15e+00
Step  28400 | batch_size= 8 | lr=3.51e-08 | loss=1.617815e+01 | e_loss=3.663157e+01 | f_loss=1.411766e+00 | pref_e=0.298 pref_f=716.294 | ETA 8.7h | speed 2.29 step/s (window 2.30) | GPU mem 25/184 MiB | util 24% | grad_norm 1.15e+00
Step  28500 | batch_size= 8 | lr=3.51e-08 | loss=2.251054e+01 | e_loss=5.398639e+01 | f_loss=1.711432e+00 | pref_e=0.299 pref_f=715.295 | ETA 8.7h | speed 2.29 step/s (window 2.29) | GPU mem 26/184 MiB | util 24% | grad_norm 1.15e+00
Step  28600 | batch_size= 8 | lr=3.51e-08 | loss=2.126286e+01 | e_loss=5.073490e+01 | f_loss=1.624797e+00 | pref_e=0.300 pref_f=714.296 | ETA 8.7h | speed 2.29 step/s (window 2.31) | GPU mem 25/184 MiB | util 24% | grad_norm 1.15e+00
Step  28700 | batch_size= 8 | lr=3.51e-08 | loss=1.757223e+01 | e_loss=4.019429e+01 | f_loss=1.474543e+00 | pref_e=0.301 pref_f=713.297 | ETA 8.6h | speed 2.29 step/s (window 2.30) | GPU mem 25/184 MiB | util 23% | grad_norm 1.15e+00
Step  28800 | batch_size= 8 | lr=3.51e-08 | loss=1.610229e+01 | e_loss=3.499218e+01 | f_loss=1.493377e+00 | pref_e=0.302 pref_f=712.298 | ETA 8.6h | speed 2.29 step/s (window 2.31) | GPU mem 26/184 MiB | util 23% | grad_norm 1.15e+00
Step  28900 | batch_size= 8 | lr=3.51e-08 | loss=1.653823e+01 | e_loss=3.735536e+01 | f_loss=1.409888e+00 | pref_e=0.303 pref_f=711.299 | ETA 8.6h | speed 2.29 step/s (window 2.29) | GPU mem 25/184 MiB | util 24% | grad_norm 1.15e+00
Step  29000 | batch_size= 8 | lr=3.51e-08 | loss=1.882621e+01 | e_loss=4.419309e+01 | f_loss=1.460003e+00 | pref_e=0.304 pref_f=710.300 | ETA 8.6h | speed 2.29 step/s (window 2.30) | GPU mem 25/184 MiB | util 24% | grad_norm 1.15e+00
Step  29100 | batch_size= 8 | lr=3.51e-08 | loss=1.773105e+01 | e_loss=3.915243e+01 | f_loss=1.569258e+00 | pref_e=0.305 pref_f=709.301 | ETA 8.6h | speed 2.29 step/s (window 2.31) | GPU mem 25/184 MiB | util 24% | grad_norm 1.15e+00
Step  29200 | batch_size= 8 | lr=3.51e-08 | loss=1.589327e+01 | e_loss=3.527202e+01 | f_loss=1.384512e+00 | pref_e=0.306 pref_f=708.302 | ETA 8.6h | speed 2.29 step/s (window 2.28) | GPU mem 25/184 MiB | util 23% | grad_norm 1.15e+00
Step  29300 | batch_size= 8 | lr=3.51e-08 | loss=1.650761e+01 | e_loss=3.682491e+01 | f_loss=1.414795e+00 | pref_e=0.307 pref_f=707.303 | ETA 8.6h | speed 2.29 step/s (window 2.30) | GPU mem 25/184 MiB | util 24% | grad_norm 1.15e+00
Step  29400 | batch_size= 8 | lr=3.51e-08 | loss=1.753721e+01 | e_loss=3.905456e+01 | f_loss=1.500660e+00 | pref_e=0.308 pref_f=706.304 | ETA 8.6h | speed 2.29 step/s (window 2.32) | GPU mem 25/184 MiB | util 23% | grad_norm 1.15e+00
Step  29500 | batch_size= 8 | lr=3.51e-08 | loss=2.162338e+01 | e_loss=5.082424e+01 | f_loss=1.615307e+00 | pref_e=0.309 pref_f=705.305 | ETA 8.6h | speed 2.29 step/s (window 2.31) | GPU mem 25/184 MiB | util 24% | grad_norm 1.15e+00
Step  29600 | batch_size= 8 | lr=3.51e-08 | loss=1.971715e+01 | e_loss=4.457804e+01 | f_loss=1.611803e+00 | pref_e=0.310 pref_f=704.306 | ETA 8.5h | speed 2.29 step/s (window 2.32) | GPU mem 25/184 MiB | util 24% | grad_norm 1.15e+00
Step  29700 | batch_size= 8 | lr=3.51e-08 | loss=1.436372e+01 | e_loss=3.121126e+01 | f_loss=1.274072e+00 | pref_e=0.311 pref_f=703.307 | ETA 8.5h | speed 2.29 step/s (window 2.32) | GPU mem 25/184 MiB | util 24% | grad_norm 1.15e+00
Step  29800 | batch_size= 8 | lr=3.51e-08 | loss=2.112689e+01 | e_loss=4.837919e+01 | f_loss=1.655511e+00 | pref_e=0.312 pref_f=702.308 | ETA 8.5h | speed 2.29 step/s (window 2.29) | GPU mem 26/184 MiB | util 23% | grad_norm 1.15e+00
Step  29900 | batch_size= 8 | lr=3.51e-08 | loss=1.865090e+01 | e_loss=4.095951e+01 | f_loss=1.599917e+00 | pref_e=0.313 pref_f=701.309 | ETA 8.5h | speed 2.29 step/s (window 2.29) | GPU mem 25/184 MiB | util 23% | grad_norm 1.15e+00
Step  30000 | batch_size= 8 | lr=3.51e-08 | loss=1.819690e+01 | e_loss=4.065329e+01 | f_loss=1.493433e+00 | pref_e=0.314 pref_f=700.310 | ETA 8.5h | speed 2.29 step/s (window 2.28) | GPU mem 25/184 MiB | util 23% | grad_norm 1.15e+00
Saved checkpoint to checkpoints_cuda_opt/model_step30000.pt
Step  30100 | batch_size= 8 | lr=3.51e-08 | loss=1.693993e+01 | e_loss=3.592168e+01 | f_loss=1.547802e+00 | pref_e=0.315 pref_f=699.311 | ETA 8.5h | speed 2.29 step/s (window 2.31) | GPU mem 25/184 MiB | util 23% | grad_norm 1.15e+00
Step  30200 | batch_size= 8 | lr=3.51e-08 | loss=2.386658e+01 | e_loss=5.539520e+01 | f_loss=1.756538e+00 | pref_e=0.316 pref_f=698.312 | ETA 8.5h | speed 2.29 step/s (window 2.26) | GPU mem 26/184 MiB | util 24% | grad_norm 1.15e+00
Step  30300 | batch_size= 8 | lr=3.51e-08 | loss=1.755838e+01 | e_loss=3.791599e+01 | f_loss=1.530651e+00 | pref_e=0.317 pref_f=697.313 | ETA 8.5h | speed 2.29 step/s (window 2.31) | GPU mem 26/184 MiB | util 23% | grad_norm 1.15e+00
Step  30400 | batch_size= 8 | lr=3.51e-08 | loss=1.456816e+01 | e_loss=3.043884e+01 | f_loss=1.352098e+00 | pref_e=0.318 pref_f=696.314 | ETA 8.4h | speed 2.29 step/s (window 2.31) | GPU mem 26/184 MiB | util 23% | grad_norm 1.15e+00
Step  30500 | batch_size= 8 | lr=3.51e-08 | loss=1.515083e+01 | e_loss=3.173406e+01 | f_loss=1.391868e+00 | pref_e=0.319 pref_f=695.315 | ETA 8.4h | speed 2.29 step/s (window 2.30) | GPU mem 25/184 MiB | util 24% | grad_norm 1.15e+00
Step  30600 | batch_size= 8 | lr=3.51e-08 | loss=1.859245e+01 | e_loss=4.215474e+01 | f_loss=1.416314e+00 | pref_e=0.320 pref_f=694.316 | ETA 8.4h | speed 2.29 step/s (window 2.31) | GPU mem 25/184 MiB | util 23% | grad_norm 1.15e+00
Step  30700 | batch_size= 8 | lr=3.51e-08 | loss=1.851522e+01 | e_loss=4.157077e+01 | f_loss=1.438068e+00 | pref_e=0.321 pref_f=693.317 | ETA 8.4h | speed 2.29 step/s (window 2.31) | GPU mem 26/184 MiB | util 23% | grad_norm 1.15e+00
Step  30800 | batch_size= 8 | lr=3.51e-08 | loss=2.016897e+01 | e_loss=4.504813e+01 | f_loss=1.578001e+00 | pref_e=0.322 pref_f=692.318 | ETA 8.4h | speed 2.29 step/s (window 2.33) | GPU mem 26/184 MiB | util 23% | grad_norm 1.15e+00
Step  30900 | batch_size= 8 | lr=3.51e-08 | loss=1.603128e+01 | e_loss=3.295405e+01 | f_loss=1.502376e+00 | pref_e=0.323 pref_f=691.319 | ETA 8.4h | speed 2.29 step/s (window 2.29) | GPU mem 25/184 MiB | util 23% | grad_norm 1.15e+00
Step  31000 | batch_size= 8 | lr=3.51e-08 | loss=2.173289e+01 | e_loss=4.878525e+01 | f_loss=1.657439e+00 | pref_e=0.324 pref_f=690.320 | ETA 8.4h | speed 2.29 step/s (window 2.29) | GPU mem 26/184 MiB | util 23% | grad_norm 1.15e+00
Step  31100 | batch_size= 8 | lr=3.51e-08 | loss=1.611845e+01 | e_loss=3.493516e+01 | f_loss=1.332670e+00 | pref_e=0.325 pref_f=689.321 | ETA 8.4h | speed 2.29 step/s (window 2.30) | GPU mem 25/184 MiB | util 24% | grad_norm 1.15e+00
Step  31200 | batch_size= 8 | lr=3.51e-08 | loss=1.411809e+01 | e_loss=2.927188e+01 | f_loss=1.281018e+00 | pref_e=0.326 pref_f=688.322 | ETA 8.3h | speed 2.29 step/s (window 2.33) | GPU mem 26/184 MiB | util 23% | grad_norm 1.15e+00
Step  31300 | batch_size= 8 | lr=3.51e-08 | loss=2.064367e+01 | e_loss=4.601124e+01 | f_loss=1.571413e+00 | pref_e=0.327 pref_f=687.323 | ETA 8.3h | speed 2.29 step/s (window 2.30) | GPU mem 25/184 MiB | util 23% | grad_norm 1.15e+00
Step  31400 | batch_size= 8 | lr=3.51e-08 | loss=1.168188e+01 | e_loss=2.254341e+01 | f_loss=1.203841e+00 | pref_e=0.328 pref_f=686.324 | ETA 8.3h | speed 2.29 step/s (window 2.30) | GPU mem 26/184 MiB | util 23% | grad_norm 1.15e+00
Step  31500 | batch_size= 8 | lr=3.51e-08 | loss=1.247956e+01 | e_loss=2.434823e+01 | f_loss=1.256281e+00 | pref_e=0.329 pref_f=685.325 | ETA 8.3h | speed 2.29 step/s (window 2.32) | GPU mem 25/184 MiB | util 24% | grad_norm 1.15e+00
Step  31600 | batch_size= 8 | lr=3.51e-08 | loss=2.143117e+01 | e_loss=4.712236e+01 | f_loss=1.660258e+00 | pref_e=0.330 pref_f=684.326 | ETA 8.3h | speed 2.29 step/s (window 2.31) | GPU mem 25/184 MiB | util 23% | grad_norm 1.15e+00
Step  31700 | batch_size= 8 | lr=3.51e-08 | loss=1.950344e+01 | e_loss=4.208181e+01 | f_loss=1.574638e+00 | pref_e=0.331 pref_f=683.327 | ETA 8.3h | speed 2.29 step/s (window 2.29) | GPU mem 26/184 MiB | util 24% | grad_norm 1.15e+00
Step  31800 | batch_size= 8 | lr=3.51e-08 | loss=2.450090e+01 | e_loss=5.407832e+01 | f_loss=1.853144e+00 | pref_e=0.332 pref_f=682.328 | ETA 8.3h | speed 2.29 step/s (window 2.29) | GPU mem 25/184 MiB | util 22% | grad_norm 1.15e+00
Step  31900 | batch_size= 8 | lr=3.51e-08 | loss=2.075550e+01 | e_loss=4.612770e+01 | f_loss=1.531587e+00 | pref_e=0.333 pref_f=681.329 | ETA 8.3h | speed 2.29 step/s (window 2.29) | GPU mem 26/184 MiB | util 23% | grad_norm 1.15e+00
Step  32000 | batch_size= 8 | lr=3.51e-08 | loss=1.896075e+01 | e_loss=4.119351e+01 | f_loss=1.477445e+00 | pref_e=0.334 pref_f=680.330 | ETA 8.2h | speed 2.29 step/s (window 2.33) | GPU mem 26/184 MiB | util 24% | grad_norm 1.15e+00
Step  32100 | batch_size= 8 | lr=3.51e-08 | loss=2.485319e+01 | e_loss=5.537408e+01 | f_loss=1.793639e+00 | pref_e=0.335 pref_f=679.331 | ETA 8.2h | speed 2.29 step/s (window 2.31) | GPU mem 26/184 MiB | util 24% | grad_norm 1.15e+00
Step  32200 | batch_size= 8 | lr=3.51e-08 | loss=1.941128e+01 | e_loss=4.279786e+01 | f_loss=1.435231e+00 | pref_e=0.336 pref_f=678.332 | ETA 8.2h | speed 2.29 step/s (window 2.30) | GPU mem 26/184 MiB | util 24% | grad_norm 1.15e+00
Step  32300 | batch_size= 8 | lr=3.51e-08 | loss=1.820672e+01 | e_loss=3.830035e+01 | f_loss=1.511916e+00 | pref_e=0.337 pref_f=677.333 | ETA 8.2h | speed 2.29 step/s (window 2.33) | GPU mem 26/184 MiB | util 24% | grad_norm 1.15e+00
Step  32400 | batch_size= 8 | lr=3.51e-08 | loss=1.716793e+01 | e_loss=3.718905e+01 | f_loss=1.314836e+00 | pref_e=0.338 pref_f=676.334 | ETA 8.2h | speed 2.29 step/s (window 2.32) | GPU mem 25/184 MiB | util 23% | grad_norm 1.15e+00
Step  32500 | batch_size= 8 | lr=3.51e-08 | loss=1.619029e+01 | e_loss=3.318385e+01 | f_loss=1.412753e+00 | pref_e=0.338 pref_f=675.335 | ETA 8.2h | speed 2.29 step/s (window 2.31) | GPU mem 25/184 MiB | util 23% | grad_norm 1.15e+00
Step  32600 | batch_size= 8 | lr=3.51e-08 | loss=2.353653e+01 | e_loss=5.074734e+01 | f_loss=1.801263e+00 | pref_e=0.339 pref_f=674.336 | ETA 8.2h | speed 2.29 step/s (window 2.31) | GPU mem 25/184 MiB | util 24% | grad_norm 1.15e+00
Step  32700 | batch_size= 8 | lr=3.51e-08 | loss=2.396302e+01 | e_loss=5.140432e+01 | f_loss=1.847945e+00 | pref_e=0.340 pref_f=673.337 | ETA 8.2h | speed 2.29 step/s (window 2.30) | GPU mem 25/184 MiB | util 24% | grad_norm 1.15e+00
Step  32800 | batch_size= 8 | lr=3.51e-08 | loss=1.468892e+01 | e_loss=2.951715e+01 | f_loss=1.320005e+00 | pref_e=0.341 pref_f=672.338 | ETA 8.1h | speed 2.29 step/s (window 2.32) | GPU mem 25/184 MiB | util 23% | grad_norm 1.15e+00
Step  32900 | batch_size= 8 | lr=3.51e-08 | loss=1.705629e+01 | e_loss=3.428040e+01 | f_loss=1.525278e+00 | pref_e=0.342 pref_f=671.339 | ETA 8.1h | speed 2.29 step/s (window 2.27) | GPU mem 26/184 MiB | util 23% | grad_norm 1.15e+00
Step  33000 | batch_size= 8 | lr=3.51e-08 | loss=1.906751e+01 | e_loss=4.010344e+01 | f_loss=1.521665e+00 | pref_e=0.343 pref_f=670.340 | ETA 8.1h | speed 2.29 step/s (window 2.28) | GPU mem 26/184 MiB | util 24% | grad_norm 1.15e+00
Step  33100 | batch_size= 8 | lr=3.51e-08 | loss=1.796325e+01 | e_loss=3.785491e+01 | f_loss=1.416842e+00 | pref_e=0.344 pref_f=669.341 | ETA 8.1h | speed 2.29 step/s (window 2.28) | GPU mem 25/184 MiB | util 23% | grad_norm 1.15e+00
Step  33200 | batch_size= 8 | lr=3.51e-08 | loss=1.969450e+01 | e_loss=4.236354e+01 | f_loss=1.460381e+00 | pref_e=0.345 pref_f=668.342 | ETA 8.1h | speed 2.29 step/s (window 2.30) | GPU mem 25/184 MiB | util 24% | grad_norm 1.15e+00
Step  33300 | batch_size= 8 | lr=3.51e-08 | loss=2.001880e+01 | e_loss=4.182456e+01 | f_loss=1.597558e+00 | pref_e=0.346 pref_f=667.343 | ETA 8.1h | speed 2.29 step/s (window 2.30) | GPU mem 25/184 MiB | util 24% | grad_norm 1.15e+00
Step  33400 | batch_size= 8 | lr=3.51e-08 | loss=1.921386e+01 | e_loss=4.099457e+01 | f_loss=1.438017e+00 | pref_e=0.347 pref_f=666.344 | ETA 8.1h | speed 2.29 step/s (window 2.27) | GPU mem 26/184 MiB | util 23% | grad_norm 1.15e+00
Step  33500 | batch_size= 8 | lr=3.51e-08 | loss=1.850254e+01 | e_loss=3.921881e+01 | f_loss=1.402168e+00 | pref_e=0.348 pref_f=665.345 | ETA 8.1h | speed 2.29 step/s (window 2.30) | GPU mem 26/184 MiB | util 24% | grad_norm 1.15e+00
Step  33600 | batch_size= 8 | lr=3.51e-08 | loss=2.049185e+01 | e_loss=4.235843e+01 | f_loss=1.651606e+00 | pref_e=0.349 pref_f=664.346 | ETA 8.0h | speed 2.29 step/s (window 2.31) | GPU mem 25/184 MiB | util 24% | grad_norm 1.15e+00
Step  33700 | batch_size= 8 | lr=3.51e-08 | loss=1.939745e+01 | e_loss=4.055130e+01 | f_loss=1.508024e+00 | pref_e=0.350 pref_f=663.347 | ETA 8.0h | speed 2.29 step/s (window 2.32) | GPU mem 26/184 MiB | util 23% | grad_norm 1.15e+00
Step  33800 | batch_size= 8 | lr=3.51e-08 | loss=1.770039e+01 | e_loss=3.666564e+01 | f_loss=1.402389e+00 | pref_e=0.351 pref_f=662.348 | ETA 8.0h | speed 2.29 step/s (window 2.32) | GPU mem 26/184 MiB | util 24% | grad_norm 1.15e+00
Step  33900 | batch_size= 8 | lr=3.51e-08 | loss=1.817945e+01 | e_loss=3.693910e+01 | f_loss=1.504701e+00 | pref_e=0.352 pref_f=661.349 | ETA 8.0h | speed 2.29 step/s (window 2.32) | GPU mem 25/184 MiB | util 23% | grad_norm 1.15e+00
Step  34000 | batch_size= 8 | lr=3.51e-08 | loss=2.157406e+01 | e_loss=4.584369e+01 | f_loss=1.570615e+00 | pref_e=0.353 pref_f=660.350 | ETA 8.0h | speed 2.29 step/s (window 2.30) | GPU mem 25/184 MiB | util 24% | grad_norm 1.15e+00
Step  34100 | batch_size= 8 | lr=3.51e-08 | loss=2.074012e+01 | e_loss=4.379379e+01 | f_loss=1.527256e+00 | pref_e=0.354 pref_f=659.351 | ETA 8.0h | speed 2.29 step/s (window 2.29) | GPU mem 25/184 MiB | util 23% | grad_norm 1.15e+00
Step  34200 | batch_size= 8 | lr=3.51e-08 | loss=1.964778e+01 | e_loss=3.983283e+01 | f_loss=1.608685e+00 | pref_e=0.355 pref_f=658.352 | ETA 8.0h | speed 2.29 step/s (window 2.29) | GPU mem 26/184 MiB | util 24% | grad_norm 1.15e+00
Step  34300 | batch_size= 8 | lr=3.51e-08 | loss=1.828480e+01 | e_loss=3.700132e+01 | f_loss=1.494649e+00 | pref_e=0.356 pref_f=657.353 | ETA 8.0h | speed 2.29 step/s (window 2.26) | GPU mem 25/184 MiB | util 23% | grad_norm 1.15e+00
Step  34400 | batch_size= 8 | lr=3.51e-08 | loss=1.901934e+01 | e_loss=3.854283e+01 | f_loss=1.541093e+00 | pref_e=0.357 pref_f=656.354 | ETA 8.0h | speed 2.29 step/s (window 2.28) | GPU mem 25/184 MiB | util 23% | grad_norm 1.15e+00
Step  34500 | batch_size= 8 | lr=3.51e-08 | loss=1.927276e+01 | e_loss=4.058394e+01 | f_loss=1.393241e+00 | pref_e=0.358 pref_f=655.355 | ETA 7.9h | speed 2.29 step/s (window 2.30) | GPU mem 25/184 MiB | util 24% | grad_norm 1.15e+00
Step  34600 | batch_size= 8 | lr=3.51e-08 | loss=1.920472e+01 | e_loss=3.949880e+01 | f_loss=1.478073e+00 | pref_e=0.359 pref_f=654.356 | ETA 7.9h | speed 2.29 step/s (window 2.30) | GPU mem 25/184 MiB | util 24% | grad_norm 1.15e+00
Step  34700 | batch_size= 8 | lr=3.51e-08 | loss=2.350032e+01 | e_loss=4.945088e+01 | f_loss=1.679706e+00 | pref_e=0.360 pref_f=653.357 | ETA 7.9h | speed 2.29 step/s (window 2.32) | GPU mem 26/184 MiB | util 23% | grad_norm 1.15e+00
Step  34800 | batch_size= 8 | lr=3.51e-08 | loss=2.104173e+01 | e_loss=4.469813e+01 | f_loss=1.448145e+00 | pref_e=0.361 pref_f=652.358 | ETA 7.9h | speed 2.29 step/s (window 2.30) | GPU mem 26/184 MiB | util 23% | grad_norm 1.15e+00
Step  34900 | batch_size= 8 | lr=3.51e-08 | loss=1.674751e+01 | e_loss=3.285749e+01 | f_loss=1.433916e+00 | pref_e=0.362 pref_f=651.359 | ETA 7.9h | speed 2.29 step/s (window 2.30) | GPU mem 26/184 MiB | util 23% | grad_norm 1.15e+00
Step  35000 | batch_size= 8 | lr=3.51e-08 | loss=2.149874e+01 | e_loss=4.405715e+01 | f_loss=1.630420e+00 | pref_e=0.363 pref_f=650.360 | ETA 7.9h | speed 2.29 step/s (window 2.28) | GPU mem 25/184 MiB | util 24% | grad_norm 1.15e+00
Step  35100 | batch_size= 8 | lr=3.51e-08 | loss=2.507473e+01 | e_loss=5.326957e+01 | f_loss=1.688506e+00 | pref_e=0.364 pref_f=649.361 | ETA 7.9h | speed 2.29 step/s (window 2.31) | GPU mem 25/184 MiB | util 24% | grad_norm 1.15e+00
Step  35200 | batch_size= 8 | lr=3.51e-08 | loss=1.400730e+01 | e_loss=2.706253e+01 | f_loss=1.226469e+00 | pref_e=0.365 pref_f=648.362 | ETA 7.9h | speed 2.29 step/s (window 2.32) | GPU mem 25/184 MiB | util 24% | grad_norm 1.15e+00
Step  35300 | batch_size= 8 | lr=3.51e-08 | loss=2.324462e+01 | e_loss=4.853524e+01 | f_loss=1.632430e+00 | pref_e=0.366 pref_f=647.363 | ETA 7.8h | speed 2.29 step/s (window 2.31) | GPU mem 26/184 MiB | util 23% | grad_norm 1.15e+00
Step  35400 | batch_size= 8 | lr=3.51e-08 | loss=1.831259e+01 | e_loss=3.710341e+01 | f_loss=1.399745e+00 | pref_e=0.367 pref_f=646.364 | ETA 7.8h | speed 2.29 step/s (window 2.31) | GPU mem 25/184 MiB | util 23% | grad_norm 1.15e+00
Step  35500 | batch_size= 8 | lr=3.51e-08 | loss=1.418982e+01 | e_loss=2.636610e+01 | f_loss=1.339539e+00 | pref_e=0.368 pref_f=645.365 | ETA 7.8h | speed 2.29 step/s (window 2.28) | GPU mem 25/184 MiB | util 23% | grad_norm 1.15e+00
Step  35600 | batch_size= 8 | lr=3.51e-08 | loss=1.917565e+01 | e_loss=3.893339e+01 | f_loss=1.439001e+00 | pref_e=0.369 pref_f=644.366 | ETA 7.8h | speed 2.29 step/s (window 2.31) | GPU mem 25/184 MiB | util 23% | grad_norm 1.15e+00
Step  35700 | batch_size= 8 | lr=3.51e-08 | loss=2.396001e+01 | e_loss=4.992287e+01 | f_loss=1.648049e+00 | pref_e=0.370 pref_f=643.367 | ETA 7.8h | speed 2.29 step/s (window 2.30) | GPU mem 26/184 MiB | util 23% | grad_norm 1.15e+00
Step  35800 | batch_size= 8 | lr=3.51e-08 | loss=1.579997e+01 | e_loss=3.048212e+01 | f_loss=1.346589e+00 | pref_e=0.371 pref_f=642.368 | ETA 7.8h | speed 2.29 step/s (window 2.31) | GPU mem 25/184 MiB | util 23% | grad_norm 1.15e+00
Step  35900 | batch_size= 8 | lr=3.51e-08 | loss=2.180365e+01 | e_loss=4.367719e+01 | f_loss=1.670845e+00 | pref_e=0.372 pref_f=641.369 | ETA 7.8h | speed 2.29 step/s (window 2.29) | GPU mem 25/184 MiB | util 23% | grad_norm 1.15e+00
Step  36000 | batch_size= 8 | lr=3.51e-08 | loss=1.969601e+01 | e_loss=3.894774e+01 | f_loss=1.556109e+00 | pref_e=0.373 pref_f=640.370 | ETA 7.8h | speed 2.29 step/s (window 2.31) | GPU mem 26/184 MiB | util 24% | grad_norm 1.15e+00
Step  36100 | batch_size= 8 | lr=3.51e-08 | loss=2.470356e+01 | e_loss=5.152336e+01 | f_loss=1.640716e+00 | pref_e=0.374 pref_f=639.371 | ETA 7.7h | speed 2.29 step/s (window 2.29) | GPU mem 26/184 MiB | util 23% | grad_norm 1.15e+00
Step  36200 | batch_size= 8 | lr=3.51e-08 | loss=2.397970e+01 | e_loss=4.944743e+01 | f_loss=1.644676e+00 | pref_e=0.375 pref_f=638.372 | ETA 7.7h | speed 2.29 step/s (window 2.31) | GPU mem 25/184 MiB | util 24% | grad_norm 1.15e+00
Step  36300 | batch_size= 8 | lr=3.51e-08 | loss=2.035222e+01 | e_loss=4.142979e+01 | f_loss=1.446185e+00 | pref_e=0.376 pref_f=637.373 | ETA 7.7h | speed 2.29 step/s (window 2.29) | GPU mem 26/184 MiB | util 22% | grad_norm 1.15e+00
Step  36400 | batch_size= 8 | lr=3.51e-08 | loss=1.287554e+01 | e_loss=2.315790e+01 | f_loss=1.254791e+00 | pref_e=0.377 pref_f=636.374 | ETA 7.7h | speed 2.29 step/s (window 2.29) | GPU mem 25/184 MiB | util 23% | grad_norm 1.15e+00
Step  36500 | batch_size= 8 | lr=3.51e-08 | loss=2.940750e+01 | e_loss=6.102169e+01 | f_loss=1.929365e+00 | pref_e=0.378 pref_f=635.375 | ETA 7.7h | speed 2.29 step/s (window 2.29) | GPU mem 25/184 MiB | util 23% | grad_norm 1.15e+00
Step  36600 | batch_size= 8 | lr=3.51e-08 | loss=1.909148e+01 | e_loss=3.702780e+01 | f_loss=1.537697e+00 | pref_e=0.379 pref_f=634.376 | ETA 7.7h | speed 2.29 step/s (window 2.32) | GPU mem 25/184 MiB | util 23% | grad_norm 1.15e+00
Step  36700 | batch_size= 8 | lr=3.51e-08 | loss=1.903179e+01 | e_loss=3.746219e+01 | f_loss=1.462728e+00 | pref_e=0.380 pref_f=633.377 | ETA 7.7h | speed 2.29 step/s (window 2.31) | GPU mem 25/184 MiB | util 23% | grad_norm 1.15e+00
Step  36800 | batch_size= 8 | lr=3.51e-08 | loss=2.094642e+01 | e_loss=4.172824e+01 | f_loss=1.542040e+00 | pref_e=0.381 pref_f=632.378 | ETA 7.7h | speed 2.29 step/s (window 2.30) | GPU mem 25/184 MiB | util 23% | grad_norm 1.15e+00
Step  36900 | batch_size= 8 | lr=3.51e-08 | loss=1.997661e+01 | e_loss=3.954741e+01 | f_loss=1.490165e+00 | pref_e=0.382 pref_f=631.379 | ETA 7.6h | speed 2.29 step/s (window 2.31) | GPU mem 26/184 MiB | util 23% | grad_norm 1.15e+00
Step  37000 | batch_size= 8 | lr=3.51e-08 | loss=1.493872e+01 | e_loss=2.794925e+01 | f_loss=1.296323e+00 | pref_e=0.383 pref_f=630.380 | ETA 7.6h | speed 2.29 step/s (window 2.32) | GPU mem 26/184 MiB | util 23% | grad_norm 1.15e+00
Step  37100 | batch_size= 8 | lr=3.51e-08 | loss=2.370257e+01 | e_loss=4.849384e+01 | f_loss=1.562367e+00 | pref_e=0.384 pref_f=629.381 | ETA 7.6h | speed 2.29 step/s (window 2.29) | GPU mem 25/184 MiB | util 23% | grad_norm 1.15e+00
Step  37200 | batch_size= 8 | lr=3.51e-08 | loss=1.730738e+01 | e_loss=3.383621e+01 | f_loss=1.316855e+00 | pref_e=0.385 pref_f=628.382 | ETA 7.6h | speed 2.29 step/s (window 2.28) | GPU mem 26/184 MiB | util 24% | grad_norm 1.15e+00
Step  37300 | batch_size= 8 | lr=3.51e-08 | loss=1.241351e+01 | e_loss=2.224885e+01 | f_loss=1.176167e+00 | pref_e=0.386 pref_f=627.383 | ETA 7.6h | speed 2.29 step/s (window 2.30) | GPU mem 25/184 MiB | util 24% | grad_norm 1.15e+00
Step  37400 | batch_size= 8 | lr=3.51e-08 | loss=1.957504e+01 | e_loss=3.843371e+01 | f_loss=1.451059e+00 | pref_e=0.387 pref_f=626.384 | ETA 7.6h | speed 2.29 step/s (window 2.31) | GPU mem 26/184 MiB | util 23% | grad_norm 1.15e+00
Step  37500 | batch_size= 8 | lr=3.51e-08 | loss=2.240635e+01 | e_loss=4.401159e+01 | f_loss=1.648334e+00 | pref_e=0.387 pref_f=625.385 | ETA 7.6h | speed 2.29 step/s (window 2.29) | GPU mem 25/184 MiB | util 24% | grad_norm 1.15e+00
Step  37600 | batch_size= 8 | lr=3.51e-08 | loss=1.907342e+01 | e_loss=3.688086e+01 | f_loss=1.463770e+00 | pref_e=0.388 pref_f=624.386 | ETA 7.6h | speed 2.29 step/s (window 2.29) | GPU mem 25/184 MiB | util 23% | grad_norm 1.15e+00
Step  37700 | batch_size= 8 | lr=3.51e-08 | loss=2.400892e+01 | e_loss=4.811449e+01 | f_loss=1.630511e+00 | pref_e=0.389 pref_f=623.387 | ETA 7.6h | speed 2.29 step/s (window 2.28) | GPU mem 25/184 MiB | util 23% | grad_norm 1.15e+00
Step  37800 | batch_size= 8 | lr=3.51e-08 | loss=2.283671e+01 | e_loss=4.534100e+01 | f_loss=1.589385e+00 | pref_e=0.390 pref_f=622.388 | ETA 7.5h | speed 2.29 step/s (window 2.30) | GPU mem 26/184 MiB | util 23% | grad_norm 1.15e+00
Step  37900 | batch_size= 8 | lr=3.51e-08 | loss=2.528078e+01 | e_loss=5.019948e+01 | f_loss=1.746395e+00 | pref_e=0.391 pref_f=621.389 | ETA 7.5h | speed 2.29 step/s (window 2.31) | GPU mem 25/184 MiB | util 24% | grad_norm 1.15e+00
Step  38000 | batch_size= 8 | lr=3.51e-08 | loss=2.449210e+01 | e_loss=4.844057e+01 | f_loss=1.701933e+00 | pref_e=0.392 pref_f=620.390 | ETA 7.5h | speed 2.29 step/s (window 2.31) | GPU mem 25/184 MiB | util 24% | grad_norm 1.15e+00
Step  38100 | batch_size= 8 | lr=3.51e-08 | loss=2.721831e+01 | e_loss=5.519205e+01 | f_loss=1.712540e+00 | pref_e=0.393 pref_f=619.391 | ETA 7.5h | speed 2.29 step/s (window 2.30) | GPU mem 26/184 MiB | util 24% | grad_norm 1.15e+00
Step  38200 | batch_size= 8 | lr=3.51e-08 | loss=1.393402e+01 | e_loss=2.536527e+01 | f_loss=1.223091e+00 | pref_e=0.394 pref_f=618.392 | ETA 7.5h | speed 2.29 step/s (window 2.31) | GPU mem 25/184 MiB | util 24% | grad_norm 1.15e+00
Step  38300 | batch_size= 8 | lr=3.51e-08 | loss=2.104997e+01 | e_loss=4.051491e+01 | f_loss=1.569734e+00 | pref_e=0.395 pref_f=617.393 | ETA 7.5h | speed 2.29 step/s (window 2.29) | GPU mem 25/184 MiB | util 23% | grad_norm 1.15e+00
Step  38400 | batch_size= 8 | lr=3.51e-08 | loss=1.872325e+01 | e_loss=3.596804e+01 | f_loss=1.395663e+00 | pref_e=0.396 pref_f=616.394 | ETA 7.5h | speed 2.29 step/s (window 2.26) | GPU mem 26/184 MiB | util 23% | grad_norm 1.15e+00
Step  38500 | batch_size= 8 | lr=3.51e-08 | loss=2.148400e+01 | e_loss=4.161558e+01 | f_loss=1.549226e+00 | pref_e=0.397 pref_f=615.395 | ETA 7.5h | speed 2.29 step/s (window 2.31) | GPU mem 25/184 MiB | util 23% | grad_norm 1.15e+00
Step  38600 | batch_size= 8 | lr=3.51e-08 | loss=1.619947e+01 | e_loss=2.992984e+01 | f_loss=1.340920e+00 | pref_e=0.398 pref_f=614.396 | ETA 7.4h | speed 2.29 step/s (window 2.31) | GPU mem 26/184 MiB | util 24% | grad_norm 1.15e+00
Step  38700 | batch_size= 8 | lr=3.51e-08 | loss=2.686372e+01 | e_loss=5.346088e+01 | f_loss=1.733757e+00 | pref_e=0.399 pref_f=613.397 | ETA 7.4h | speed 2.29 step/s (window 2.28) | GPU mem 25/184 MiB | util 23% | grad_norm 1.15e+00
Step  38800 | batch_size= 8 | lr=3.51e-08 | loss=2.127718e+01 | e_loss=4.115211e+01 | f_loss=1.511159e+00 | pref_e=0.400 pref_f=612.398 | ETA 7.4h | speed 2.29 step/s (window 2.30) | GPU mem 26/184 MiB | util 23% | grad_norm 1.15e+00
Step  38900 | batch_size= 8 | lr=3.51e-08 | loss=2.346123e+01 | e_loss=4.568239e+01 | f_loss=1.617424e+00 | pref_e=0.401 pref_f=611.399 | ETA 7.4h | speed 2.29 step/s (window 2.27) | GPU mem 25/184 MiB | util 23% | grad_norm 1.15e+00
Step  39000 | batch_size= 8 | lr=3.51e-08 | loss=1.845202e+01 | e_loss=3.462186e+01 | f_loss=1.428498e+00 | pref_e=0.402 pref_f=610.400 | ETA 7.4h | speed 2.29 step/s (window 2.30) | GPU mem 26/184 MiB | util 23% | grad_norm 1.15e+00
Step  39100 | batch_size= 8 | lr=3.51e-08 | loss=2.086052e+01 | e_loss=3.974253e+01 | f_loss=1.528634e+00 | pref_e=0.403 pref_f=609.401 | ETA 7.4h | speed 2.29 step/s (window 2.30) | GPU mem 26/184 MiB | util 23% | grad_norm 1.15e+00
Step  39200 | batch_size= 8 | lr=3.51e-08 | loss=1.761450e+01 | e_loss=3.269116e+01 | f_loss=1.392886e+00 | pref_e=0.404 pref_f=608.402 | ETA 7.4h | speed 2.29 step/s (window 2.29) | GPU mem 25/184 MiB | util 23% | grad_norm 1.15e+00
Step  39300 | batch_size= 8 | lr=3.51e-08 | loss=2.224028e+01 | e_loss=4.412528e+01 | f_loss=1.386571e+00 | pref_e=0.405 pref_f=607.403 | ETA 7.4h | speed 2.29 step/s (window 2.29) | GPU mem 25/184 MiB | util 24% | grad_norm 1.15e+00
Step  39400 | batch_size= 8 | lr=3.51e-08 | loss=2.600943e+01 | e_loss=5.060871e+01 | f_loss=1.732780e+00 | pref_e=0.406 pref_f=606.404 | ETA 7.3h | speed 2.29 step/s (window 2.33) | GPU mem 25/184 MiB | util 24% | grad_norm 1.15e+00
Step  39500 | batch_size= 8 | lr=3.51e-08 | loss=1.810581e+01 | e_loss=3.308602e+01 | f_loss=1.474789e+00 | pref_e=0.407 pref_f=605.405 | ETA 7.3h | speed 2.29 step/s (window 2.31) | GPU mem 25/184 MiB | util 24% | grad_norm 1.15e+00
Step  39600 | batch_size= 8 | lr=3.51e-08 | loss=2.384302e+01 | e_loss=4.624440e+01 | f_loss=1.585240e+00 | pref_e=0.408 pref_f=604.406 | ETA 7.3h | speed 2.29 step/s (window 2.29) | GPU mem 25/184 MiB | util 23% | grad_norm 1.15e+00
Step  39700 | batch_size= 8 | lr=3.51e-08 | loss=2.317909e+01 | e_loss=4.425038e+01 | f_loss=1.621814e+00 | pref_e=0.409 pref_f=603.407 | ETA 7.3h | speed 2.29 step/s (window 2.29) | GPU mem 25/184 MiB | util 23% | grad_norm 1.15e+00
Step  39800 | batch_size= 8 | lr=3.51e-08 | loss=1.995434e+01 | e_loss=3.777709e+01 | f_loss=1.427522e+00 | pref_e=0.410 pref_f=602.408 | ETA 7.3h | speed 2.29 step/s (window 2.30) | GPU mem 26/184 MiB | util 23% | grad_norm 1.15e+00
Step  39900 | batch_size= 8 | lr=3.51e-08 | loss=3.002683e+01 | e_loss=5.940976e+01 | f_loss=1.798559e+00 | pref_e=0.411 pref_f=601.409 | ETA 7.3h | speed 2.29 step/s (window 2.30) | GPU mem 25/184 MiB | util 24% | grad_norm 1.15e+00
Step  40000 | batch_size= 8 | lr=3.51e-08 | loss=2.065923e+01 | e_loss=3.915589e+01 | f_loss=1.452319e+00 | pref_e=0.412 pref_f=600.410 | ETA 7.3h | speed 2.29 step/s (window 2.28) | GPU mem 26/184 MiB | util 24% | grad_norm 1.15e+00
Saved checkpoint to checkpoints_cuda_opt/model_step40000.pt
Step  40100 | batch_size= 8 | lr=3.51e-08 | loss=1.549281e+01 | e_loss=2.821693e+01 | f_loss=1.232875e+00 | pref_e=0.413 pref_f=599.411 | ETA 7.3h | speed 2.29 step/s (window 2.29) | GPU mem 25/184 MiB | util 23% | grad_norm 1.15e+00
Step  40200 | batch_size= 8 | lr=3.51e-08 | loss=2.048796e+01 | e_loss=3.800577e+01 | f_loss=1.529931e+00 | pref_e=0.414 pref_f=598.412 | ETA 7.2h | speed 2.29 step/s (window 2.29) | GPU mem 26/184 MiB | util 23% | grad_norm 1.15e+00
Step  40300 | batch_size= 8 | lr=3.51e-08 | loss=1.704643e+01 | e_loss=3.090697e+01 | f_loss=1.359978e+00 | pref_e=0.415 pref_f=597.413 | ETA 7.2h | speed 2.29 step/s (window 2.30) | GPU mem 26/184 MiB | util 23% | grad_norm 1.15e+00
Step  40400 | batch_size= 8 | lr=3.51e-08 | loss=2.003424e+01 | e_loss=3.704499e+01 | f_loss=1.493188e+00 | pref_e=0.416 pref_f=596.414 | ETA 7.2h | speed 2.29 step/s (window 2.28) | GPU mem 25/184 MiB | util 23% | grad_norm 1.15e+00
Step  40500 | batch_size= 8 | lr=3.51e-08 | loss=1.752582e+01 | e_loss=3.169509e+01 | f_loss=1.395489e+00 | pref_e=0.417 pref_f=595.415 | ETA 7.2h | speed 2.29 step/s (window 2.28) | GPU mem 25/184 MiB | util 24% | grad_norm 1.15e+00
Step  40600 | batch_size= 8 | lr=3.51e-08 | loss=2.177837e+01 | e_loss=4.132937e+01 | f_loss=1.461088e+00 | pref_e=0.418 pref_f=594.416 | ETA 7.2h | speed 2.29 step/s (window 2.31) | GPU mem 25/184 MiB | util 23% | grad_norm 1.15e+00
Step  40700 | batch_size= 8 | lr=3.51e-08 | loss=2.003773e+01 | e_loss=3.684519e+01 | f_loss=1.495025e+00 | pref_e=0.419 pref_f=593.417 | ETA 7.2h | speed 2.29 step/s (window 2.32) | GPU mem 26/184 MiB | util 24% | grad_norm 1.15e+00
Step  40800 | batch_size= 8 | lr=3.51e-08 | loss=2.479535e+01 | e_loss=4.745219e+01 | f_loss=1.584843e+00 | pref_e=0.420 pref_f=592.418 | ETA 7.2h | speed 2.29 step/s (window 2.30) | GPU mem 25/184 MiB | util 24% | grad_norm 1.15e+00
Step  40900 | batch_size= 8 | lr=3.51e-08 | loss=2.286790e+01 | e_loss=4.271151e+01 | f_loss=1.594701e+00 | pref_e=0.421 pref_f=591.419 | ETA 7.2h | speed 2.29 step/s (window 2.31) | GPU mem 26/184 MiB | util 23% | grad_norm 1.15e+00
Step  41000 | batch_size= 8 | lr=3.51e-08 | loss=1.460358e+01 | e_loss=2.540063e+01 | f_loss=1.268018e+00 | pref_e=0.422 pref_f=590.420 | ETA 7.2h | speed 2.29 step/s (window 2.30) | GPU mem 25/184 MiB | util 24% | grad_norm 1.15e+00
Step  41100 | batch_size= 8 | lr=3.51e-08 | loss=2.347071e+01 | e_loss=4.371695e+01 | f_loss=1.630062e+00 | pref_e=0.423 pref_f=589.421 | ETA 7.1h | speed 2.29 step/s (window 2.31) | GPU mem 25/184 MiB | util 23% | grad_norm 1.15e+00
Step  41200 | batch_size= 8 | lr=3.51e-08 | loss=2.382558e+01 | e_loss=4.495679e+01 | f_loss=1.564805e+00 | pref_e=0.424 pref_f=588.422 | ETA 7.1h | speed 2.29 step/s (window 2.33) | GPU mem 25/184 MiB | util 24% | grad_norm 1.15e+00
Step  41300 | batch_size= 8 | lr=3.51e-08 | loss=2.161486e+01 | e_loss=3.973215e+01 | f_loss=1.553978e+00 | pref_e=0.425 pref_f=587.423 | ETA 7.1h | speed 2.29 step/s (window 2.33) | GPU mem 25/184 MiB | util 24% | grad_norm 1.15e+00
Step  41400 | batch_size= 8 | lr=3.51e-08 | loss=2.042220e+01 | e_loss=3.802103e+01 | f_loss=1.392344e+00 | pref_e=0.426 pref_f=586.424 | ETA 7.1h | speed 2.29 step/s (window 2.33) | GPU mem 26/184 MiB | util 24% | grad_norm 1.15e+00
Step  41500 | batch_size= 8 | lr=3.51e-08 | loss=2.011181e+01 | e_loss=3.650248e+01 | f_loss=1.491929e+00 | pref_e=0.427 pref_f=585.425 | ETA 7.1h | speed 2.29 step/s (window 2.30) | GPU mem 26/184 MiB | util 23% | grad_norm 1.15e+00
Step  41600 | batch_size= 8 | lr=3.51e-08 | loss=2.717968e+01 | e_loss=5.189314e+01 | f_loss=1.645786e+00 | pref_e=0.428 pref_f=584.426 | ETA 7.1h | speed 2.29 step/s (window 2.29) | GPU mem 25/184 MiB | util 24% | grad_norm 1.15e+00
Step  41700 | batch_size= 8 | lr=3.51e-08 | loss=2.341057e+01 | e_loss=4.366855e+01 | f_loss=1.549129e+00 | pref_e=0.429 pref_f=583.427 | ETA 7.1h | speed 2.29 step/s (window 2.32) | GPU mem 25/184 MiB | util 24% | grad_norm 1.15e+00
Step  41800 | batch_size= 8 | lr=3.51e-08 | loss=2.591644e+01 | e_loss=4.843319e+01 | f_loss=1.689482e+00 | pref_e=0.430 pref_f=582.428 | ETA 7.1h | speed 2.29 step/s (window 2.32) | GPU mem 25/184 MiB | util 24% | grad_norm 1.15e+00
Step  41900 | batch_size= 8 | lr=3.51e-08 | loss=1.799900e+01 | e_loss=3.237302e+01 | f_loss=1.344320e+00 | pref_e=0.431 pref_f=581.429 | ETA 7.0h | speed 2.29 step/s (window 2.30) | GPU mem 25/184 MiB | util 24% | grad_norm 1.15e+00
Step  42000 | batch_size= 8 | lr=3.51e-08 | loss=2.532549e+01 | e_loss=4.775313e+01 | f_loss=1.565633e+00 | pref_e=0.432 pref_f=580.430 | ETA 7.0h | speed 2.29 step/s (window 2.32) | GPU mem 25/184 MiB | util 23% | grad_norm 1.15e+00
Step  42100 | batch_size= 8 | lr=3.51e-08 | loss=1.762737e+01 | e_loss=3.106377e+01 | f_loss=1.392928e+00 | pref_e=0.433 pref_f=579.431 | ETA 7.0h | speed 2.29 step/s (window 2.29) | GPU mem 25/184 MiB | util 24% | grad_norm 1.15e+00
Step  42200 | batch_size= 8 | lr=3.51e-08 | loss=2.486973e+01 | e_loss=4.646299e+01 | f_loss=1.574631e+00 | pref_e=0.434 pref_f=578.432 | ETA 7.0h | speed 2.29 step/s (window 2.31) | GPU mem 25/184 MiB | util 24% | grad_norm 1.15e+00
Step  42300 | batch_size= 8 | lr=3.51e-08 | loss=2.000603e+01 | e_loss=3.555398e+01 | f_loss=1.519977e+00 | pref_e=0.435 pref_f=577.433 | ETA 7.0h | speed 2.29 step/s (window 2.31) | GPU mem 25/184 MiB | util 23% | grad_norm 1.15e+00
Step  42400 | batch_size= 8 | lr=3.51e-08 | loss=2.485588e+01 | e_loss=4.660406e+01 | f_loss=1.525699e+00 | pref_e=0.436 pref_f=576.434 | ETA 7.0h | speed 2.29 step/s (window 2.29) | GPU mem 25/184 MiB | util 23% | grad_norm 1.15e+00
Step  42500 | batch_size= 8 | lr=3.51e-08 | loss=1.973998e+01 | e_loss=3.576677e+01 | f_loss=1.381753e+00 | pref_e=0.436 pref_f=575.435 | ETA 7.0h | speed 2.29 step/s (window 2.30) | GPU mem 26/184 MiB | util 23% | grad_norm 1.15e+00
Step  42600 | batch_size= 8 | lr=3.51e-08 | loss=2.205939e+01 | e_loss=3.990146e+01 | f_loss=1.543519e+00 | pref_e=0.437 pref_f=574.436 | ETA 7.0h | speed 2.29 step/s (window 2.27) | GPU mem 25/184 MiB | util 23% | grad_norm 1.15e+00
Step  42700 | batch_size= 8 | lr=3.51e-08 | loss=2.370187e+01 | e_loss=4.311999e+01 | f_loss=1.612005e+00 | pref_e=0.438 pref_f=573.437 | ETA 6.9h | speed 2.29 step/s (window 2.30) | GPU mem 25/184 MiB | util 24% | grad_norm 1.15e+00
Step  42800 | batch_size= 8 | lr=3.51e-08 | loss=2.367918e+01 | e_loss=4.326872e+01 | f_loss=1.569894e+00 | pref_e=0.439 pref_f=572.438 | ETA 6.9h | speed 2.29 step/s (window 2.30) | GPU mem 25/184 MiB | util 23% | grad_norm 1.15e+00
Step  42900 | batch_size= 8 | lr=3.51e-08 | loss=2.008868e+01 | e_loss=3.566276e+01 | f_loss=1.477162e+00 | pref_e=0.440 pref_f=571.439 | ETA 6.9h | speed 2.29 step/s (window 2.31) | GPU mem 26/184 MiB | util 24% | grad_norm 1.15e+00
Step  43000 | batch_size= 8 | lr=3.51e-08 | loss=2.084484e+01 | e_loss=3.721022e+01 | f_loss=1.491695e+00 | pref_e=0.441 pref_f=570.440 | ETA 6.9h | speed 2.29 step/s (window 2.30) | GPU mem 25/184 MiB | util 24% | grad_norm 1.15e+00
Step  43100 | batch_size= 8 | lr=3.51e-08 | loss=2.167152e+01 | e_loss=3.933250e+01 | f_loss=1.446056e+00 | pref_e=0.442 pref_f=569.441 | ETA 6.9h | speed 2.29 step/s (window 2.30) | GPU mem 25/184 MiB | util 23% | grad_norm 1.15e+00
Step  43200 | batch_size= 8 | lr=3.51e-08 | loss=2.494242e+01 | e_loss=4.565579e+01 | f_loss=1.593696e+00 | pref_e=0.443 pref_f=568.442 | ETA 6.9h | speed 2.29 step/s (window 2.30) | GPU mem 26/184 MiB | util 24% | grad_norm 1.15e+00
Step  43300 | batch_size= 8 | lr=3.51e-08 | loss=2.218265e+01 | e_loss=4.024269e+01 | f_loss=1.459873e+00 | pref_e=0.444 pref_f=567.443 | ETA 6.9h | speed 2.29 step/s (window 2.28) | GPU mem 25/184 MiB | util 23% | grad_norm 1.15e+00
Step  43400 | batch_size= 8 | lr=3.51e-08 | loss=2.693520e+01 | e_loss=4.971866e+01 | f_loss=1.633456e+00 | pref_e=0.445 pref_f=566.444 | ETA 6.9h | speed 2.29 step/s (window 2.32) | GPU mem 25/184 MiB | util 24% | grad_norm 1.15e+00
Step  43500 | batch_size= 8 | lr=3.51e-08 | loss=2.100747e+01 | e_loss=3.740075e+01 | f_loss=1.469885e+00 | pref_e=0.446 pref_f=565.445 | ETA 6.8h | speed 2.29 step/s (window 2.33) | GPU mem 25/184 MiB | util 24% | grad_norm 1.15e+00
Step  43600 | batch_size= 8 | lr=3.51e-08 | loss=2.218918e+01 | e_loss=3.998325e+01 | f_loss=1.470152e+00 | pref_e=0.447 pref_f=564.446 | ETA 6.8h | speed 2.29 step/s (window 2.32) | GPU mem 25/184 MiB | util 24% | grad_norm 1.15e+00
Step  43700 | batch_size= 8 | lr=3.51e-08 | loss=2.083246e+01 | e_loss=3.658290e+01 | f_loss=1.515123e+00 | pref_e=0.448 pref_f=563.447 | ETA 6.8h | speed 2.29 step/s (window 2.31) | GPU mem 25/184 MiB | util 24% | grad_norm 1.15e+00
Step  43800 | batch_size= 8 | lr=3.51e-08 | loss=1.699950e+01 | e_loss=2.947046e+01 | f_loss=1.287052e+00 | pref_e=0.449 pref_f=562.448 | ETA 6.8h | speed 2.29 step/s (window 2.30) | GPU mem 25/184 MiB | util 24% | grad_norm 1.15e+00
Step  43900 | batch_size= 8 | lr=3.51e-08 | loss=2.042525e+01 | e_loss=3.583825e+01 | f_loss=1.473427e+00 | pref_e=0.450 pref_f=561.449 | ETA 6.8h | speed 2.29 step/s (window 2.33) | GPU mem 25/184 MiB | util 24% | grad_norm 1.15e+00
Step  44000 | batch_size= 8 | lr=3.51e-08 | loss=2.750771e+01 | e_loss=5.063951e+01 | f_loss=1.602972e+00 | pref_e=0.451 pref_f=560.450 | ETA 6.8h | speed 2.29 step/s (window 2.31) | GPU mem 25/184 MiB | util 24% | grad_norm 1.15e+00
Step  44100 | batch_size= 8 | lr=3.51e-08 | loss=2.188613e+01 | e_loss=3.860024e+01 | f_loss=1.525096e+00 | pref_e=0.452 pref_f=559.451 | ETA 6.8h | speed 2.29 step/s (window 2.30) | GPU mem 25/184 MiB | util 24% | grad_norm 1.15e+00
Step  44200 | batch_size= 8 | lr=3.51e-08 | loss=1.959188e+01 | e_loss=3.467535e+01 | f_loss=1.338180e+00 | pref_e=0.453 pref_f=558.452 | ETA 6.8h | speed 2.29 step/s (window 2.32) | GPU mem 25/184 MiB | util 24% | grad_norm 1.15e+00
Step  44300 | batch_size= 8 | lr=3.51e-08 | loss=1.812708e+01 | e_loss=3.092335e+01 | f_loss=1.410196e+00 | pref_e=0.454 pref_f=557.453 | ETA 6.7h | speed 2.29 step/s (window 2.31) | GPU mem 25/184 MiB | util 23% | grad_norm 1.15e+00
Step  44400 | batch_size= 8 | lr=3.51e-08 | loss=2.453162e+01 | e_loss=4.393077e+01 | f_loss=1.571556e+00 | pref_e=0.455 pref_f=556.454 | ETA 6.7h | speed 2.29 step/s (window 2.31) | GPU mem 25/184 MiB | util 22% | grad_norm 1.15e+00
Step  44500 | batch_size= 8 | lr=3.51e-08 | loss=1.907446e+01 | e_loss=3.267315e+01 | f_loss=1.446269e+00 | pref_e=0.456 pref_f=555.455 | ETA 6.7h | speed 2.29 step/s (window 2.33) | GPU mem 25/184 MiB | util 25% | grad_norm 1.15e+00
Step  44600 | batch_size= 8 | lr=3.51e-08 | loss=2.834105e+01 | e_loss=5.137585e+01 | f_loss=1.688846e+00 | pref_e=0.457 pref_f=554.456 | ETA 6.7h | speed 2.29 step/s (window 2.28) | GPU mem 26/184 MiB | util 22% | grad_norm 1.15e+00
Step  44700 | batch_size= 8 | lr=3.51e-08 | loss=2.381176e+01 | e_loss=4.209820e+01 | f_loss=1.577299e+00 | pref_e=0.458 pref_f=553.457 | ETA 6.7h | speed 2.29 step/s (window 2.31) | GPU mem 25/184 MiB | util 23% | grad_norm 1.15e+00
Step  44800 | batch_size= 8 | lr=3.51e-08 | loss=1.962460e+01 | e_loss=3.447681e+01 | f_loss=1.324482e+00 | pref_e=0.459 pref_f=552.458 | ETA 6.7h | speed 2.29 step/s (window 2.29) | GPU mem 25/184 MiB | util 23% | grad_norm 1.15e+00
Step  44900 | batch_size= 8 | lr=3.51e-08 | loss=2.512431e+01 | e_loss=4.448843e+01 | f_loss=1.627493e+00 | pref_e=0.460 pref_f=551.459 | ETA 6.7h | speed 2.29 step/s (window 2.27) | GPU mem 25/184 MiB | util 23% | grad_norm 1.15e+00
Step  45000 | batch_size= 8 | lr=3.51e-08 | loss=2.082810e+01 | e_loss=3.649849e+01 | f_loss=1.399578e+00 | pref_e=0.461 pref_f=550.460 | ETA 6.7h | speed 2.29 step/s (window 2.29) | GPU mem 26/184 MiB | util 23% | grad_norm 1.15e+00
Step  45100 | batch_size= 8 | lr=3.51e-08 | loss=2.802630e+01 | e_loss=4.979521e+01 | f_loss=1.761480e+00 | pref_e=0.462 pref_f=549.461 | ETA 6.7h | speed 2.29 step/s (window 2.30) | GPU mem 25/184 MiB | util 23% | grad_norm 1.15e+00
Step  45200 | batch_size= 8 | lr=3.51e-08 | loss=2.738998e+01 | e_loss=4.937350e+01 | f_loss=1.593497e+00 | pref_e=0.463 pref_f=548.462 | ETA 6.6h | speed 2.29 step/s (window 2.29) | GPU mem 26/184 MiB | util 23% | grad_norm 1.15e+00
Step  45300 | batch_size= 8 | lr=3.51e-08 | loss=1.605099e+01 | e_loss=2.719540e+01 | f_loss=1.207857e+00 | pref_e=0.464 pref_f=547.463 | ETA 6.6h | speed 2.29 step/s (window 2.30) | GPU mem 25/184 MiB | util 24% | grad_norm 1.15e+00
Step  45400 | batch_size= 8 | lr=3.51e-08 | loss=2.001574e+01 | e_loss=3.414871e+01 | f_loss=1.459039e+00 | pref_e=0.465 pref_f=546.464 | ETA 6.6h | speed 2.29 step/s (window 2.32) | GPU mem 25/184 MiB | util 23% | grad_norm 1.15e+00
Step  45500 | batch_size= 8 | lr=3.51e-08 | loss=2.453550e+01 | e_loss=4.308533e+01 | f_loss=1.575961e+00 | pref_e=0.466 pref_f=545.465 | ETA 6.6h | speed 2.29 step/s (window 2.29) | GPU mem 26/184 MiB | util 23% | grad_norm 1.15e+00
Step  45600 | batch_size= 8 | lr=3.51e-08 | loss=2.936066e+01 | e_loss=5.240796e+01 | f_loss=1.731524e+00 | pref_e=0.467 pref_f=544.466 | ETA 6.6h | speed 2.29 step/s (window 2.31) | GPU mem 25/184 MiB | util 23% | grad_norm 1.15e+00
Step  45700 | batch_size= 8 | lr=3.51e-08 | loss=2.738328e+01 | e_loss=4.850381e+01 | f_loss=1.663560e+00 | pref_e=0.468 pref_f=543.467 | ETA 6.6h | speed 2.29 step/s (window 2.30) | GPU mem 26/184 MiB | util 23% | grad_norm 1.15e+00
Step  45800 | batch_size= 8 | lr=3.51e-08 | loss=2.246157e+01 | e_loss=3.861594e+01 | f_loss=1.547967e+00 | pref_e=0.469 pref_f=542.468 | ETA 6.6h | speed 2.29 step/s (window 2.31) | GPU mem 26/184 MiB | util 24% | grad_norm 1.15e+00
Step  45900 | batch_size= 8 | lr=3.51e-08 | loss=2.803338e+01 | e_loss=5.042143e+01 | f_loss=1.548106e+00 | pref_e=0.470 pref_f=541.469 | ETA 6.6h | speed 2.29 step/s (window 2.31) | GPU mem 26/184 MiB | util 24% | grad_norm 1.15e+00
Step  46000 | batch_size= 8 | lr=3.51e-08 | loss=1.621015e+01 | e_loss=2.686161e+01 | f_loss=1.269222e+00 | pref_e=0.471 pref_f=540.470 | ETA 6.5h | speed 2.29 step/s (window 2.32) | GPU mem 26/184 MiB | util 23% | grad_norm 1.15e+00
Step  46100 | batch_size= 8 | lr=3.51e-08 | loss=2.803686e+01 | e_loss=4.975584e+01 | f_loss=1.631085e+00 | pref_e=0.472 pref_f=539.471 | ETA 6.5h | speed 2.29 step/s (window 2.28) | GPU mem 25/184 MiB | util 24% | grad_norm 1.15e+00
Step  46200 | batch_size= 8 | lr=3.51e-08 | loss=2.536011e+01 | e_loss=4.423225e+01 | f_loss=1.593740e+00 | pref_e=0.473 pref_f=538.472 | ETA 6.5h | speed 2.29 step/s (window 2.30) | GPU mem 25/184 MiB | util 24% | grad_norm 1.15e+00
Step  46300 | batch_size= 8 | lr=3.51e-08 | loss=2.322202e+01 | e_loss=4.010634e+01 | f_loss=1.513452e+00 | pref_e=0.474 pref_f=537.473 | ETA 6.5h | speed 2.29 step/s (window 2.30) | GPU mem 25/184 MiB | util 23% | grad_norm 1.15e+00
Step  46400 | batch_size= 8 | lr=3.51e-08 | loss=2.018093e+01 | e_loss=3.400363e+01 | f_loss=1.450236e+00 | pref_e=0.475 pref_f=536.474 | ETA 6.5h | speed 2.29 step/s (window 2.30) | GPU mem 26/184 MiB | util 24% | grad_norm 1.15e+00
Step  46500 | batch_size= 8 | lr=3.51e-08 | loss=2.009272e+01 | e_loss=3.354005e+01 | f_loss=1.488490e+00 | pref_e=0.476 pref_f=535.475 | ETA 6.5h | speed 2.29 step/s (window 2.28) | GPU mem 25/184 MiB | util 24% | grad_norm 1.15e+00
Step  46600 | batch_size= 8 | lr=3.51e-08 | loss=2.273946e+01 | e_loss=3.932211e+01 | f_loss=1.439733e+00 | pref_e=0.477 pref_f=534.476 | ETA 6.5h | speed 2.29 step/s (window 2.30) | GPU mem 25/184 MiB | util 24% | grad_norm 1.15e+00
Step  46700 | batch_size= 8 | lr=3.51e-08 | loss=2.490578e+01 | e_loss=4.324819e+01 | f_loss=1.534765e+00 | pref_e=0.478 pref_f=533.477 | ETA 6.5h | speed 2.29 step/s (window 2.30) | GPU mem 25/184 MiB | util 24% | grad_norm 1.15e+00
Step  46800 | batch_size= 8 | lr=3.51e-08 | loss=1.950596e+01 | e_loss=3.320264e+01 | f_loss=1.307461e+00 | pref_e=0.479 pref_f=532.478 | ETA 6.4h | speed 2.29 step/s (window 2.32) | GPU mem 25/184 MiB | util 23% | grad_norm 1.15e+00
Step  46900 | batch_size= 8 | lr=3.51e-08 | loss=2.889397e+01 | e_loss=5.071764e+01 | f_loss=1.658421e+00 | pref_e=0.480 pref_f=531.479 | ETA 6.4h | speed 2.29 step/s (window 2.30) | GPU mem 26/184 MiB | util 23% | grad_norm 1.15e+00
Step  47000 | batch_size= 8 | lr=3.51e-08 | loss=2.343587e+01 | e_loss=4.063947e+01 | f_loss=1.418974e+00 | pref_e=0.481 pref_f=530.480 | ETA 6.4h | speed 2.29 step/s (window 2.30) | GPU mem 25/184 MiB | util 22% | grad_norm 1.15e+00
Step  47100 | batch_size= 8 | lr=3.51e-08 | loss=2.252468e+01 | e_loss=3.827127e+01 | f_loss=1.489885e+00 | pref_e=0.482 pref_f=529.481 | ETA 6.4h | speed 2.29 step/s (window 2.28) | GPU mem 25/184 MiB | util 23% | grad_norm 1.15e+00
Step  47200 | batch_size= 8 | lr=3.51e-08 | loss=2.550417e+01 | e_loss=4.375684e+01 | f_loss=1.601653e+00 | pref_e=0.483 pref_f=528.482 | ETA 6.4h | speed 2.29 step/s (window 2.30) | GPU mem 26/184 MiB | util 24% | grad_norm 1.15e+00
Step  47300 | batch_size= 8 | lr=3.51e-08 | loss=2.277045e+01 | e_loss=3.900229e+01 | f_loss=1.428860e+00 | pref_e=0.484 pref_f=527.483 | ETA 6.4h | speed 2.29 step/s (window 2.30) | GPU mem 25/184 MiB | util 23% | grad_norm 1.15e+00
Step  47400 | batch_size= 8 | lr=3.51e-08 | loss=2.209211e+01 | e_loss=3.717606e+01 | f_loss=1.492805e+00 | pref_e=0.485 pref_f=526.484 | ETA 6.4h | speed 2.29 step/s (window 2.29) | GPU mem 25/184 MiB | util 24% | grad_norm 1.15e+00
Step  47500 | batch_size= 8 | lr=3.51e-08 | loss=2.506173e+01 | e_loss=4.277307e+01 | f_loss=1.576454e+00 | pref_e=0.485 pref_f=525.485 | ETA 6.4h | speed 2.29 step/s (window 2.30) | GPU mem 25/184 MiB | util 24% | grad_norm 1.15e+00
Step  47600 | batch_size= 8 | lr=3.51e-08 | loss=2.536930e+01 | e_loss=4.319275e+01 | f_loss=1.601341e+00 | pref_e=0.486 pref_f=524.486 | ETA 6.3h | speed 2.29 step/s (window 2.28) | GPU mem 25/184 MiB | util 24% | grad_norm 1.15e+00
Step  47700 | batch_size= 8 | lr=3.51e-08 | loss=2.620514e+01 | e_loss=4.514243e+01 | f_loss=1.547723e+00 | pref_e=0.487 pref_f=523.487 | ETA 6.3h | speed 2.29 step/s (window 2.32) | GPU mem 25/184 MiB | util 24% | grad_norm 1.15e+00
Step  47800 | batch_size= 8 | lr=3.51e-08 | loss=2.239168e+01 | e_loss=3.780069e+01 | f_loss=1.448219e+00 | pref_e=0.488 pref_f=522.488 | ETA 6.3h | speed 2.29 step/s (window 2.31) | GPU mem 25/184 MiB | util 24% | grad_norm 1.15e+00
Step  47900 | batch_size= 8 | lr=3.51e-08 | loss=3.126471e+01 | e_loss=5.424323e+01 | f_loss=1.745642e+00 | pref_e=0.489 pref_f=521.489 | ETA 6.3h | speed 2.29 step/s (window 2.33) | GPU mem 26/184 MiB | util 23% | grad_norm 1.15e+00
Step  48000 | batch_size= 8 | lr=3.51e-08 | loss=2.410522e+01 | e_loss=4.070087e+01 | f_loss=1.535056e+00 | pref_e=0.490 pref_f=520.490 | ETA 6.3h | speed 2.29 step/s (window 2.30) | GPU mem 25/184 MiB | util 24% | grad_norm 1.15e+00
Step  48100 | batch_size= 8 | lr=3.51e-08 | loss=1.520508e+01 | e_loss=2.369125e+01 | f_loss=1.320260e+00 | pref_e=0.491 pref_f=519.491 | ETA 6.3h | speed 2.29 step/s (window 2.29) | GPU mem 25/184 MiB | util 24% | grad_norm 1.15e+00
Step  48200 | batch_size= 8 | lr=3.51e-08 | loss=2.492543e+01 | e_loss=4.217517e+01 | f_loss=1.547213e+00 | pref_e=0.492 pref_f=518.492 | ETA 6.3h | speed 2.29 step/s (window 2.30) | GPU mem 25/184 MiB | util 23% | grad_norm 1.15e+00
Step  48300 | batch_size= 8 | lr=3.51e-08 | loss=1.706735e+01 | e_loss=2.756770e+01 | f_loss=1.289599e+00 | pref_e=0.493 pref_f=517.493 | ETA 6.3h | speed 2.29 step/s (window 2.29) | GPU mem 25/184 MiB | util 24% | grad_norm 1.15e+00
Step  48400 | batch_size= 8 | lr=3.51e-08 | loss=1.549289e+01 | e_loss=2.470143e+01 | f_loss=1.223945e+00 | pref_e=0.494 pref_f=516.494 | ETA 6.2h | speed 2.29 step/s (window 2.32) | GPU mem 25/184 MiB | util 24% | grad_norm 1.15e+00
Step  48500 | batch_size= 8 | lr=3.51e-08 | loss=2.263232e+01 | e_loss=3.756802e+01 | f_loss=1.503508e+00 | pref_e=0.495 pref_f=515.495 | ETA 6.2h | speed 2.29 step/s (window 2.30) | GPU mem 26/184 MiB | util 23% | grad_norm 1.15e+00
Step  48600 | batch_size= 8 | lr=3.51e-08 | loss=1.731677e+01 | e_loss=2.794453e+01 | f_loss=1.290520e+00 | pref_e=0.496 pref_f=514.496 | ETA 6.2h | speed 2.29 step/s (window 2.29) | GPU mem 25/184 MiB | util 23% | grad_norm 1.15e+00
Step  48700 | batch_size= 8 | lr=3.51e-08 | loss=2.600616e+01 | e_loss=4.414594e+01 | f_loss=1.523923e+00 | pref_e=0.497 pref_f=513.497 | ETA 6.2h | speed 2.29 step/s (window 2.28) | GPU mem 25/184 MiB | util 24% | grad_norm 1.15e+00
Step  48800 | batch_size= 8 | lr=3.51e-08 | loss=3.304545e+01 | e_loss=5.687797e+01 | f_loss=1.771608e+00 | pref_e=0.498 pref_f=512.498 | ETA 6.2h | speed 2.29 step/s (window 2.27) | GPU mem 25/184 MiB | util 23% | grad_norm 1.15e+00
Step  48900 | batch_size= 8 | lr=3.51e-08 | loss=1.771091e+01 | e_loss=2.868239e+01 | f_loss=1.276923e+00 | pref_e=0.499 pref_f=511.499 | ETA 6.2h | speed 2.29 step/s (window 2.31) | GPU mem 25/184 MiB | util 23% | grad_norm 1.15e+00
Step  49000 | batch_size= 8 | lr=3.51e-08 | loss=2.710368e+01 | e_loss=4.565425e+01 | f_loss=1.611889e+00 | pref_e=0.500 pref_f=510.500 | ETA 6.2h | speed 2.29 step/s (window 2.28) | GPU mem 26/184 MiB | util 23% | grad_norm 1.15e+00
Step  49100 | batch_size= 8 | lr=3.51e-08 | loss=1.850810e+01 | e_loss=2.999617e+01 | f_loss=1.313923e+00 | pref_e=0.501 pref_f=509.501 | ETA 6.2h | speed 2.29 step/s (window 2.31) | GPU mem 25/184 MiB | util 24% | grad_norm 1.15e+00
Step  49200 | batch_size= 8 | lr=3.51e-08 | loss=3.612553e+01 | e_loss=6.256965e+01 | f_loss=1.785897e+00 | pref_e=0.502 pref_f=508.502 | ETA 6.2h | speed 2.29 step/s (window 2.30) | GPU mem 25/184 MiB | util 23% | grad_norm 1.15e+00
Step  49300 | batch_size= 8 | lr=3.51e-08 | loss=3.128778e+01 | e_loss=5.312885e+01 | f_loss=1.732221e+00 | pref_e=0.503 pref_f=507.503 | ETA 6.1h | speed 2.29 step/s (window 2.31) | GPU mem 25/184 MiB | util 23% | grad_norm 1.15e+00
Step  49400 | batch_size= 8 | lr=3.51e-08 | loss=2.463163e+01 | e_loss=4.035391e+01 | f_loss=1.632564e+00 | pref_e=0.504 pref_f=506.504 | ETA 6.1h | speed 2.29 step/s (window 2.32) | GPU mem 25/184 MiB | util 23% | grad_norm 1.15e+00
Step  49500 | batch_size= 8 | lr=3.51e-08 | loss=2.716382e+01 | e_loss=4.514746e+01 | f_loss=1.662406e+00 | pref_e=0.505 pref_f=505.505 | ETA 6.1h | speed 2.29 step/s (window 2.28) | GPU mem 25/184 MiB | util 23% | grad_norm 1.15e+00
Step  49600 | batch_size= 8 | lr=3.51e-08 | loss=2.034149e+01 | e_loss=3.290982e+01 | f_loss=1.408360e+00 | pref_e=0.506 pref_f=504.506 | ETA 6.1h | speed 2.29 step/s (window 2.28) | GPU mem 25/184 MiB | util 24% | grad_norm 1.15e+00
Step  49700 | batch_size= 8 | lr=3.51e-08 | loss=2.398234e+01 | e_loss=3.980545e+01 | f_loss=1.454347e+00 | pref_e=0.507 pref_f=503.507 | ETA 6.1h | speed 2.29 step/s (window 2.30) | GPU mem 25/184 MiB | util 23% | grad_norm 1.15e+00
Step  49800 | batch_size= 8 | lr=3.51e-08 | loss=2.670123e+01 | e_loss=4.510774e+01 | f_loss=1.452618e+00 | pref_e=0.508 pref_f=502.508 | ETA 6.1h | speed 2.29 step/s (window 2.32) | GPU mem 26/184 MiB | util 24% | grad_norm 1.15e+00
Step  49900 | batch_size= 8 | lr=3.51e-08 | loss=2.211329e+01 | e_loss=3.635330e+01 | f_loss=1.387828e+00 | pref_e=0.509 pref_f=501.509 | ETA 6.1h | speed 2.29 step/s (window 2.30) | GPU mem 25/184 MiB | util 24% | grad_norm 1.15e+00
Step  50000 | batch_size= 8 | lr=3.51e-08 | loss=2.656003e+01 | e_loss=4.421930e+01 | f_loss=1.544319e+00 | pref_e=0.510 pref_f=500.510 | ETA 6.1h | speed 2.29 step/s (window 2.30) | GPU mem 26/184 MiB | util 24% | grad_norm 1.15e+00
Saved checkpoint to checkpoints_cuda_opt/model_step50000.pt
Step  50100 | batch_size= 8 | lr=3.51e-08 | loss=3.114553e+01 | e_loss=5.230273e+01 | f_loss=1.708096e+00 | pref_e=0.511 pref_f=499.511 | ETA 6.0h | speed 2.29 step/s (window 2.31) | GPU mem 25/184 MiB | util 23% | grad_norm 1.15e+00
Step  50200 | batch_size= 8 | lr=3.51e-08 | loss=2.010962e+01 | e_loss=3.199539e+01 | f_loss=1.439499e+00 | pref_e=0.512 pref_f=498.512 | ETA 6.0h | speed 2.29 step/s (window 2.31) | GPU mem 25/184 MiB | util 23% | grad_norm 1.15e+00
Step  50300 | batch_size= 8 | lr=3.51e-08 | loss=3.117398e+01 | e_loss=5.230453e+01 | f_loss=1.686193e+00 | pref_e=0.513 pref_f=497.513 | ETA 6.0h | speed 2.29 step/s (window 2.31) | GPU mem 25/184 MiB | util 23% | grad_norm 1.15e+00
Step  50400 | batch_size= 8 | lr=3.51e-08 | loss=1.426996e+01 | e_loss=2.142795e+01 | f_loss=1.261630e+00 | pref_e=0.514 pref_f=496.514 | ETA 6.0h | speed 2.29 step/s (window 2.29) | GPU mem 25/184 MiB | util 23% | grad_norm 1.15e+00
Step  50500 | batch_size= 8 | lr=3.51e-08 | loss=2.847432e+01 | e_loss=4.725072e+01 | f_loss=1.613635e+00 | pref_e=0.515 pref_f=495.515 | ETA 6.0h | speed 2.29 step/s (window 2.32) | GPU mem 25/184 MiB | util 23% | grad_norm 1.15e+00
Step  50600 | batch_size= 8 | lr=3.51e-08 | loss=2.173296e+01 | e_loss=3.479776e+01 | f_loss=1.473999e+00 | pref_e=0.516 pref_f=494.516 | ETA 6.0h | speed 2.29 step/s (window 2.30) | GPU mem 26/184 MiB | util 23% | grad_norm 1.15e+00
Step  50700 | batch_size= 8 | lr=3.51e-08 | loss=1.543670e+01 | e_loss=2.365644e+01 | f_loss=1.251085e+00 | pref_e=0.517 pref_f=493.517 | ETA 6.0h | speed 2.29 step/s (window 2.29) | GPU mem 25/184 MiB | util 23% | grad_norm 1.15e+00
Step  50800 | batch_size= 8 | lr=3.51e-08 | loss=2.695049e+01 | e_loss=4.437164e+01 | f_loss=1.556595e+00 | pref_e=0.518 pref_f=492.518 | ETA 6.0h | speed 2.29 step/s (window 2.26) | GPU mem 26/184 MiB | util 22% | grad_norm 1.15e+00
Step  50900 | batch_size= 8 | lr=3.51e-08 | loss=3.113361e+01 | e_loss=5.169011e+01 | f_loss=1.695686e+00 | pref_e=0.519 pref_f=491.519 | ETA 5.9h | speed 2.29 step/s (window 2.30) | GPU mem 26/184 MiB | util 23% | grad_norm 1.15e+00
Step  51000 | batch_size= 8 | lr=3.51e-08 | loss=2.555944e+01 | e_loss=4.135835e+01 | f_loss=1.595869e+00 | pref_e=0.520 pref_f=490.520 | ETA 5.9h | speed 2.29 step/s (window 2.28) | GPU mem 25/184 MiB | util 23% | grad_norm 1.15e+00
Step  51100 | batch_size= 8 | lr=3.51e-08 | loss=2.769988e+01 | e_loss=4.563085e+01 | f_loss=1.552029e+00 | pref_e=0.521 pref_f=489.521 | ETA 5.9h | speed 2.29 step/s (window 2.31) | GPU mem 25/184 MiB | util 23% | grad_norm 1.15e+00
Step  51200 | batch_size= 8 | lr=3.51e-08 | loss=2.084111e+01 | e_loss=3.289331e+01 | f_loss=1.450410e+00 | pref_e=0.522 pref_f=488.522 | ETA 5.9h | speed 2.29 step/s (window 2.29) | GPU mem 25/184 MiB | util 23% | grad_norm 1.15e+00
Step  51300 | batch_size= 8 | lr=3.51e-08 | loss=2.845736e+01 | e_loss=4.705425e+01 | f_loss=1.526002e+00 | pref_e=0.523 pref_f=487.523 | ETA 5.9h | speed 2.29 step/s (window 2.30) | GPU mem 26/184 MiB | util 23% | grad_norm 1.15e+00
Step  51400 | batch_size= 8 | lr=3.51e-08 | loss=2.313222e+01 | e_loss=3.753136e+01 | f_loss=1.379378e+00 | pref_e=0.524 pref_f=486.524 | ETA 5.9h | speed 2.29 step/s (window 2.30) | GPU mem 26/184 MiB | util 23% | grad_norm 1.15e+00
Step  51500 | batch_size= 8 | lr=3.51e-08 | loss=2.113854e+01 | e_loss=3.332982e+01 | f_loss=1.449370e+00 | pref_e=0.525 pref_f=485.525 | ETA 5.9h | speed 2.29 step/s (window 2.29) | GPU mem 26/184 MiB | util 24% | grad_norm 1.15e+00
Step  51600 | batch_size= 8 | lr=3.51e-08 | loss=1.765431e+01 | e_loss=2.704472e+01 | f_loss=1.365479e+00 | pref_e=0.526 pref_f=484.526 | ETA 5.9h | speed 2.29 step/s (window 2.32) | GPU mem 26/184 MiB | util 23% | grad_norm 1.15e+00
Step  51700 | batch_size= 8 | lr=3.51e-08 | loss=2.534735e+01 | e_loss=4.088988e+01 | f_loss=1.521079e+00 | pref_e=0.527 pref_f=483.527 | ETA 5.8h | speed 2.29 step/s (window 2.30) | GPU mem 26/184 MiB | util 23% | grad_norm 1.15e+00
Step  51800 | batch_size= 8 | lr=3.51e-08 | loss=3.347325e+01 | e_loss=5.577529e+01 | f_loss=1.618547e+00 | pref_e=0.528 pref_f=482.528 | ETA 5.8h | speed 2.29 step/s (window 2.30) | GPU mem 25/184 MiB | util 23% | grad_norm 1.15e+00
Step  51900 | batch_size= 8 | lr=3.51e-08 | loss=2.864742e+01 | e_loss=4.648923e+01 | f_loss=1.631127e+00 | pref_e=0.529 pref_f=481.529 | ETA 5.8h | speed 2.29 step/s (window 2.32) | GPU mem 25/184 MiB | util 24% | grad_norm 1.15e+00
Step  52000 | batch_size= 8 | lr=3.51e-08 | loss=3.027679e+01 | e_loss=4.929503e+01 | f_loss=1.673593e+00 | pref_e=0.530 pref_f=480.530 | ETA 5.8h | speed 2.29 step/s (window 2.31) | GPU mem 26/184 MiB | util 24% | grad_norm 1.15e+00
Step  52100 | batch_size= 8 | lr=3.51e-08 | loss=2.851971e+01 | e_loss=4.620469e+01 | f_loss=1.611405e+00 | pref_e=0.531 pref_f=479.531 | ETA 5.8h | speed 2.29 step/s (window 2.31) | GPU mem 25/184 MiB | util 24% | grad_norm 1.15e+00
Step  52200 | batch_size= 8 | lr=3.51e-08 | loss=3.099985e+01 | e_loss=5.007626e+01 | f_loss=1.766937e+00 | pref_e=0.532 pref_f=478.532 | ETA 5.8h | speed 2.29 step/s (window 2.28) | GPU mem 26/184 MiB | util 23% | grad_norm 1.15e+00
Step  52300 | batch_size= 8 | lr=3.51e-08 | loss=1.893074e+01 | e_loss=2.911169e+01 | f_loss=1.381416e+00 | pref_e=0.533 pref_f=477.533 | ETA 5.8h | speed 2.29 step/s (window 2.29) | GPU mem 25/184 MiB | util 24% | grad_norm 1.15e+00
Step  52400 | batch_size= 8 | lr=3.51e-08 | loss=1.604655e+01 | e_loss=2.441555e+01 | f_loss=1.220989e+00 | pref_e=0.534 pref_f=476.534 | ETA 5.8h | speed 2.29 step/s (window 2.30) | GPU mem 25/184 MiB | util 24% | grad_norm 1.15e+00
Step  52500 | batch_size= 8 | lr=3.51e-08 | loss=2.979716e+01 | e_loss=4.834735e+01 | f_loss=1.605723e+00 | pref_e=0.534 pref_f=475.535 | ETA 5.8h | speed 2.29 step/s (window 2.30) | GPU mem 25/184 MiB | util 23% | grad_norm 1.15e+00
Step  52600 | batch_size= 8 | lr=3.51e-08 | loss=1.994658e+01 | e_loss=3.085631e+01 | f_loss=1.390813e+00 | pref_e=0.535 pref_f=474.536 | ETA 5.7h | speed 2.29 step/s (window 2.29) | GPU mem 26/184 MiB | util 24% | grad_norm 1.15e+00
Step  52700 | batch_size= 8 | lr=3.51e-08 | loss=2.918602e+01 | e_loss=4.706009e+01 | f_loss=1.605180e+00 | pref_e=0.536 pref_f=473.537 | ETA 5.7h | speed 2.29 step/s (window 2.33) | GPU mem 26/184 MiB | util 23% | grad_norm 1.15e+00
Step  52800 | batch_size= 8 | lr=3.51e-08 | loss=2.370140e+01 | e_loss=3.674185e+01 | f_loss=1.612173e+00 | pref_e=0.537 pref_f=472.538 | ETA 5.7h | speed 2.29 step/s (window 2.30) | GPU mem 26/184 MiB | util 23% | grad_norm 1.15e+00
Step  52900 | batch_size= 8 | lr=3.51e-08 | loss=3.209868e+01 | e_loss=5.196916e+01 | f_loss=1.685332e+00 | pref_e=0.538 pref_f=471.539 | ETA 5.7h | speed 2.29 step/s (window 2.28) | GPU mem 26/184 MiB | util 24% | grad_norm 1.15e+00
Step  53000 | batch_size= 8 | lr=3.51e-08 | loss=2.431766e+01 | e_loss=3.858524e+01 | f_loss=1.437072e+00 | pref_e=0.539 pref_f=470.540 | ETA 5.7h | speed 2.29 step/s (window 2.31) | GPU mem 26/184 MiB | util 23% | grad_norm 1.15e+00
Step  53100 | batch_size= 8 | lr=3.51e-08 | loss=2.644869e+01 | e_loss=4.169017e+01 | f_loss=1.608802e+00 | pref_e=0.540 pref_f=469.541 | ETA 5.7h | speed 2.29 step/s (window 2.30) | GPU mem 25/184 MiB | util 24% | grad_norm 1.15e+00
Step  53200 | batch_size= 8 | lr=3.51e-08 | loss=2.191819e+01 | e_loss=3.424763e+01 | f_loss=1.389124e+00 | pref_e=0.541 pref_f=468.542 | ETA 5.7h | speed 2.29 step/s (window 2.29) | GPU mem 25/184 MiB | util 23% | grad_norm 1.15e+00
Step  53300 | batch_size= 8 | lr=3.51e-08 | loss=1.568501e+01 | e_loss=2.351796e+01 | f_loss=1.208243e+00 | pref_e=0.542 pref_f=467.543 | ETA 5.7h | speed 2.29 step/s (window 2.30) | GPU mem 26/184 MiB | util 23% | grad_norm 1.15e+00
Step  53400 | batch_size= 8 | lr=3.51e-08 | loss=2.856783e+01 | e_loss=4.526002e+01 | f_loss=1.644143e+00 | pref_e=0.543 pref_f=466.544 | ETA 5.6h | speed 2.29 step/s (window 2.33) | GPU mem 25/184 MiB | util 24% | grad_norm 1.15e+00
Step  53500 | batch_size= 8 | lr=3.51e-08 | loss=3.066601e+01 | e_loss=4.913561e+01 | f_loss=1.624912e+00 | pref_e=0.544 pref_f=465.545 | ETA 5.6h | speed 2.29 step/s (window 2.31) | GPU mem 26/184 MiB | util 23% | grad_norm 1.15e+00
Step  53600 | batch_size= 8 | lr=3.51e-08 | loss=2.404547e+01 | e_loss=3.787680e+01 | f_loss=1.406831e+00 | pref_e=0.545 pref_f=464.546 | ETA 5.6h | speed 2.29 step/s (window 2.29) | GPU mem 26/184 MiB | util 23% | grad_norm 1.15e+00
Step  53700 | batch_size= 8 | lr=3.51e-08 | loss=2.114095e+01 | e_loss=3.293617e+01 | f_loss=1.310315e+00 | pref_e=0.546 pref_f=463.547 | ETA 5.6h | speed 2.29 step/s (window 2.29) | GPU mem 25/184 MiB | util 23% | grad_norm 1.15e+00
Step  53800 | batch_size= 8 | lr=3.51e-08 | loss=3.189135e+01 | e_loss=5.097412e+01 | f_loss=1.668198e+00 | pref_e=0.547 pref_f=462.548 | ETA 5.6h | speed 2.29 step/s (window 2.30) | GPU mem 25/184 MiB | util 23% | grad_norm 1.15e+00
Step  53900 | batch_size= 8 | lr=3.51e-08 | loss=2.300676e+01 | e_loss=3.537342e+01 | f_loss=1.509344e+00 | pref_e=0.548 pref_f=461.549 | ETA 5.6h | speed 2.29 step/s (window 2.30) | GPU mem 25/184 MiB | util 23% | grad_norm 1.15e+00
Step  54000 | batch_size= 8 | lr=3.51e-08 | loss=2.866066e+01 | e_loss=4.541164e+01 | f_loss=1.560132e+00 | pref_e=0.549 pref_f=460.550 | ETA 5.6h | speed 2.29 step/s (window 2.31) | GPU mem 26/184 MiB | util 23% | grad_norm 1.15e+00
Step  54100 | batch_size= 8 | lr=3.51e-08 | loss=2.193456e+01 | e_loss=3.384795e+01 | f_loss=1.389302e+00 | pref_e=0.550 pref_f=459.551 | ETA 5.6h | speed 2.29 step/s (window 2.32) | GPU mem 25/184 MiB | util 24% | grad_norm 1.15e+00
Step  54200 | batch_size= 8 | lr=3.51e-08 | loss=3.073411e+01 | e_loss=4.836353e+01 | f_loss=1.714597e+00 | pref_e=0.551 pref_f=458.552 | ETA 5.5h | speed 2.29 step/s (window 2.30) | GPU mem 25/184 MiB | util 23% | grad_norm 1.15e+00
Step  54300 | batch_size= 8 | lr=3.51e-08 | loss=2.715727e+01 | e_loss=4.217158e+01 | f_loss=1.630841e+00 | pref_e=0.552 pref_f=457.553 | ETA 5.5h | speed 2.29 step/s (window 2.29) | GPU mem 26/184 MiB | util 23% | grad_norm 1.15e+00
Step  54400 | batch_size= 8 | lr=3.51e-08 | loss=2.377534e+01 | e_loss=3.727657e+01 | f_loss=1.332946e+00 | pref_e=0.553 pref_f=456.554 | ETA 5.5h | speed 2.29 step/s (window 2.31) | GPU mem 26/184 MiB | util 24% | grad_norm 1.15e+00
Step  54500 | batch_size= 8 | lr=3.51e-08 | loss=2.984152e+01 | e_loss=4.719233e+01 | f_loss=1.563122e+00 | pref_e=0.554 pref_f=455.555 | ETA 5.5h | speed 2.29 step/s (window 2.31) | GPU mem 25/184 MiB | util 22% | grad_norm 1.15e+00
Step  54600 | batch_size= 8 | lr=3.51e-08 | loss=2.587604e+01 | e_loss=4.022949e+01 | f_loss=1.504191e+00 | pref_e=0.555 pref_f=454.556 | ETA 5.5h | speed 2.29 step/s (window 2.30) | GPU mem 26/184 MiB | util 24% | grad_norm 1.15e+00
Step  54700 | batch_size= 8 | lr=3.51e-08 | loss=2.755589e+01 | e_loss=4.295766e+01 | f_loss=1.559953e+00 | pref_e=0.556 pref_f=453.557 | ETA 5.5h | speed 2.29 step/s (window 2.30) | GPU mem 25/184 MiB | util 24% | grad_norm 1.15e+00
Step  54800 | batch_size= 8 | lr=3.51e-08 | loss=2.017999e+01 | e_loss=3.076566e+01 | f_loss=1.296945e+00 | pref_e=0.557 pref_f=452.558 | ETA 5.5h | speed 2.29 step/s (window 2.29) | GPU mem 26/184 MiB | util 23% | grad_norm 1.15e+00
Step  54900 | batch_size= 8 | lr=3.51e-08 | loss=2.768960e+01 | e_loss=4.346720e+01 | f_loss=1.467523e+00 | pref_e=0.558 pref_f=451.559 | ETA 5.5h | speed 2.29 step/s (window 2.28) | GPU mem 25/184 MiB | util 23% | grad_norm 1.15e+00
Step  55000 | batch_size= 8 | lr=3.51e-08 | loss=2.213388e+01 | e_loss=3.322765e+01 | f_loss=1.522845e+00 | pref_e=0.559 pref_f=450.560 | ETA 5.4h | speed 2.29 step/s (window 2.28) | GPU mem 25/184 MiB | util 22% | grad_norm 1.15e+00
Step  55100 | batch_size= 8 | lr=3.51e-08 | loss=2.557899e+01 | e_loss=3.951099e+01 | f_loss=1.483384e+00 | pref_e=0.560 pref_f=449.561 | ETA 5.4h | speed 2.29 step/s (window 2.29) | GPU mem 26/184 MiB | util 24% | grad_norm 1.15e+00
Step  55200 | batch_size= 8 | lr=3.51e-08 | loss=2.470061e+01 | e_loss=3.781191e+01 | f_loss=1.499711e+00 | pref_e=0.561 pref_f=448.562 | ETA 5.4h | speed 2.29 step/s (window 2.28) | GPU mem 26/184 MiB | util 23% | grad_norm 1.15e+00
Step  55300 | batch_size= 8 | lr=3.51e-08 | loss=3.285399e+01 | e_loss=5.173171e+01 | f_loss=1.633423e+00 | pref_e=0.562 pref_f=447.563 | ETA 5.4h | speed 2.29 step/s (window 2.30) | GPU mem 25/184 MiB | util 24% | grad_norm 1.15e+00
Step  55400 | batch_size= 8 | lr=3.51e-08 | loss=2.837084e+01 | e_loss=4.380592e+01 | f_loss=1.601269e+00 | pref_e=0.563 pref_f=446.564 | ETA 5.4h | speed 2.29 step/s (window 2.30) | GPU mem 25/184 MiB | util 24% | grad_norm 1.15e+00
Step  55500 | batch_size= 8 | lr=3.51e-08 | loss=2.713911e+01 | e_loss=4.211383e+01 | f_loss=1.467083e+00 | pref_e=0.564 pref_f=445.565 | ETA 5.4h | speed 2.29 step/s (window 2.30) | GPU mem 26/184 MiB | util 24% | grad_norm 1.15e+00
Step  55600 | batch_size= 8 | lr=3.51e-08 | loss=2.100814e+01 | e_loss=3.162445e+01 | f_loss=1.362502e+00 | pref_e=0.565 pref_f=444.566 | ETA 5.4h | speed 2.29 step/s (window 2.30) | GPU mem 25/184 MiB | util 23% | grad_norm 1.15e+00
Step  55700 | batch_size= 8 | lr=3.51e-08 | loss=1.832833e+01 | e_loss=2.702240e+01 | f_loss=1.318574e+00 | pref_e=0.566 pref_f=443.567 | ETA 5.4h | speed 2.29 step/s (window 2.28) | GPU mem 25/184 MiB | util 23% | grad_norm 1.15e+00
Step  55800 | batch_size= 8 | lr=3.51e-08 | loss=2.462676e+01 | e_loss=3.781134e+01 | f_loss=1.392348e+00 | pref_e=0.567 pref_f=442.568 | ETA 5.4h | speed 2.29 step/s (window 2.29) | GPU mem 25/184 MiB | util 23% | grad_norm 1.15e+00
Step  55900 | batch_size= 8 | lr=3.51e-08 | loss=3.548735e+01 | e_loss=5.534705e+01 | f_loss=1.776250e+00 | pref_e=0.568 pref_f=441.569 | ETA 5.3h | speed 2.29 step/s (window 2.30) | GPU mem 25/184 MiB | util 23% | grad_norm 1.15e+00
Step  56000 | batch_size= 8 | lr=3.51e-08 | loss=2.772423e+01 | e_loss=4.294191e+01 | f_loss=1.446079e+00 | pref_e=0.569 pref_f=440.570 | ETA 5.3h | speed 2.29 step/s (window 2.30) | GPU mem 26/184 MiB | util 23% | grad_norm 1.15e+00
Step  56100 | batch_size= 8 | lr=3.51e-08 | loss=2.812213e+01 | e_loss=4.259282e+01 | f_loss=1.691288e+00 | pref_e=0.570 pref_f=439.571 | ETA 5.3h | speed 2.29 step/s (window 2.30) | GPU mem 26/184 MiB | util 23% | grad_norm 1.15e+00
Step  56200 | batch_size= 8 | lr=3.51e-08 | loss=2.371189e+01 | e_loss=3.605989e+01 | f_loss=1.377876e+00 | pref_e=0.571 pref_f=438.572 | ETA 5.3h | speed 2.29 step/s (window 2.28) | GPU mem 26/184 MiB | util 23% | grad_norm 1.15e+00
Step  56300 | batch_size= 8 | lr=3.51e-08 | loss=2.850652e+01 | e_loss=4.381000e+01 | f_loss=1.525518e+00 | pref_e=0.572 pref_f=437.573 | ETA 5.3h | speed 2.29 step/s (window 2.27) | GPU mem 25/184 MiB | util 23% | grad_norm 1.15e+00
Step  56400 | batch_size= 8 | lr=3.51e-08 | loss=3.431763e+01 | e_loss=5.317825e+01 | f_loss=1.709003e+00 | pref_e=0.573 pref_f=436.574 | ETA 5.3h | speed 2.29 step/s (window 2.29) | GPU mem 26/184 MiB | util 23% | grad_norm 1.15e+00
Step  56500 | batch_size= 8 | lr=3.51e-08 | loss=2.847249e+01 | e_loss=4.358077e+01 | f_loss=1.536315e+00 | pref_e=0.574 pref_f=435.575 | ETA 5.3h | speed 2.29 step/s (window 2.31) | GPU mem 26/184 MiB | util 23% | grad_norm 1.15e+00
Step  56600 | batch_size= 8 | lr=3.51e-08 | loss=2.314164e+01 | e_loss=3.452696e+01 | f_loss=1.463233e+00 | pref_e=0.575 pref_f=434.576 | ETA 5.3h | speed 2.29 step/s (window 2.28) | GPU mem 25/184 MiB | util 23% | grad_norm 1.15e+00
Step  56700 | batch_size= 8 | lr=3.51e-08 | loss=2.368118e+01 | e_loss=3.510061e+01 | f_loss=1.544880e+00 | pref_e=0.576 pref_f=433.577 | ETA 5.2h | speed 2.29 step/s (window 2.27) | GPU mem 25/184 MiB | util 23% | grad_norm 1.15e+00
Step  56800 | batch_size= 8 | lr=3.51e-08 | loss=2.598736e+01 | e_loss=3.919196e+01 | f_loss=1.509911e+00 | pref_e=0.577 pref_f=432.578 | ETA 5.2h | speed 2.29 step/s (window 2.28) | GPU mem 26/184 MiB | util 24% | grad_norm 1.15e+00
Step  56900 | batch_size= 8 | lr=3.51e-08 | loss=3.166562e+01 | e_loss=4.844345e+01 | f_loss=1.646728e+00 | pref_e=0.578 pref_f=431.579 | ETA 5.2h | speed 2.29 step/s (window 2.32) | GPU mem 25/184 MiB | util 24% | grad_norm 1.15e+00
Step  57000 | batch_size= 8 | lr=3.51e-08 | loss=2.827235e+01 | e_loss=4.284650e+01 | f_loss=1.560308e+00 | pref_e=0.579 pref_f=430.580 | ETA 5.2h | speed 2.29 step/s (window 2.27) | GPU mem 25/184 MiB | util 23% | grad_norm 1.15e+00
Step  57100 | batch_size= 8 | lr=3.51e-08 | loss=3.099709e+01 | e_loss=4.750877e+01 | f_loss=1.556113e+00 | pref_e=0.580 pref_f=429.581 | ETA 5.2h | speed 2.29 step/s (window 2.32) | GPU mem 26/184 MiB | util 24% | grad_norm 1.15e+00
Step  57200 | batch_size= 8 | lr=3.51e-08 | loss=2.688003e+01 | e_loss=3.998889e+01 | f_loss=1.648735e+00 | pref_e=0.581 pref_f=428.582 | ETA 5.2h | speed 2.29 step/s (window 2.29) | GPU mem 25/184 MiB | util 23% | grad_norm 1.15e+00
Step  57300 | batch_size= 8 | lr=3.51e-08 | loss=2.981363e+01 | e_loss=4.465733e+01 | f_loss=1.734212e+00 | pref_e=0.582 pref_f=427.583 | ETA 5.2h | speed 2.29 step/s (window 2.29) | GPU mem 25/184 MiB | util 23% | grad_norm 1.15e+00
Step  57400 | batch_size= 8 | lr=3.51e-08 | loss=2.415398e+01 | e_loss=3.576374e+01 | f_loss=1.501205e+00 | pref_e=0.583 pref_f=426.584 | ETA 5.2h | speed 2.29 step/s (window 2.31) | GPU mem 25/184 MiB | util 24% | grad_norm 1.15e+00
Step  57500 | batch_size= 8 | lr=3.51e-08 | loss=2.579934e+01 | e_loss=3.848966e+01 | f_loss=1.515546e+00 | pref_e=0.583 pref_f=425.585 | ETA 5.1h | speed 2.29 step/s (window 2.29) | GPU mem 26/184 MiB | util 23% | grad_norm 1.15e+00
Step  57600 | batch_size= 8 | lr=3.51e-08 | loss=2.102688e+01 | e_loss=3.100482e+01 | f_loss=1.319608e+00 | pref_e=0.584 pref_f=424.586 | ETA 5.1h | speed 2.29 step/s (window 2.32) | GPU mem 26/184 MiB | util 23% | grad_norm 1.15e+00
Step  57700 | batch_size= 8 | lr=3.51e-08 | loss=2.303887e+01 | e_loss=3.419403e+01 | f_loss=1.375153e+00 | pref_e=0.585 pref_f=423.587 | ETA 5.1h | speed 2.29 step/s (window 2.33) | GPU mem 25/184 MiB | util 24% | grad_norm 1.15e+00
Step  57800 | batch_size= 8 | lr=3.51e-08 | loss=2.919426e+01 | e_loss=4.420091e+01 | f_loss=1.496676e+00 | pref_e=0.586 pref_f=422.588 | ETA 5.1h | speed 2.29 step/s (window 2.31) | GPU mem 26/184 MiB | util 23% | grad_norm 1.15e+00
Step  57900 | batch_size= 8 | lr=3.51e-08 | loss=2.691814e+01 | e_loss=4.028780e+01 | f_loss=1.487387e+00 | pref_e=0.587 pref_f=421.589 | ETA 5.1h | speed 2.29 step/s (window 2.30) | GPU mem 25/184 MiB | util 24% | grad_norm 1.15e+00
Step  58000 | batch_size= 8 | lr=3.51e-08 | loss=2.572343e+01 | e_loss=3.794124e+01 | f_loss=1.559684e+00 | pref_e=0.588 pref_f=420.590 | ETA 5.1h | speed 2.29 step/s (window 2.29) | GPU mem 26/184 MiB | util 22% | grad_norm 1.15e+00
Step  58100 | batch_size= 8 | lr=3.51e-08 | loss=2.599251e+01 | e_loss=3.877419e+01 | f_loss=1.444248e+00 | pref_e=0.589 pref_f=419.591 | ETA 5.1h | speed 2.29 step/s (window 2.33) | GPU mem 25/184 MiB | util 24% | grad_norm 1.15e+00
Step  58200 | batch_size= 8 | lr=3.51e-08 | loss=2.221926e+01 | e_loss=3.278657e+01 | f_loss=1.320284e+00 | pref_e=0.590 pref_f=418.592 | ETA 5.1h | speed 2.29 step/s (window 2.29) | GPU mem 25/184 MiB | util 23% | grad_norm 1.15e+00
Step  58300 | batch_size= 8 | lr=3.51e-08 | loss=3.096232e+01 | e_loss=4.682515e+01 | f_loss=1.512176e+00 | pref_e=0.591 pref_f=417.593 | ETA 5.0h | speed 2.29 step/s (window 2.30) | GPU mem 25/184 MiB | util 23% | grad_norm 1.15e+00
Step  58400 | batch_size= 8 | lr=3.51e-08 | loss=2.585959e+01 | e_loss=3.829874e+01 | f_loss=1.470033e+00 | pref_e=0.592 pref_f=416.594 | ETA 5.0h | speed 2.29 step/s (window 2.30) | GPU mem 26/184 MiB | util 24% | grad_norm 1.15e+00
Step  58500 | batch_size= 8 | lr=3.51e-08 | loss=2.619190e+01 | e_loss=3.857923e+01 | f_loss=1.532777e+00 | pref_e=0.593 pref_f=415.595 | ETA 5.0h | speed 2.29 step/s (window 2.32) | GPU mem 25/184 MiB | util 23% | grad_norm 1.15e+00
Step  58600 | batch_size= 8 | lr=3.51e-08 | loss=2.686033e+01 | e_loss=3.979018e+01 | f_loss=1.495401e+00 | pref_e=0.594 pref_f=414.596 | ETA 5.0h | speed 2.29 step/s (window 2.30) | GPU mem 25/184 MiB | util 23% | grad_norm 1.15e+00
Step  58700 | batch_size= 8 | lr=3.51e-08 | loss=2.413066e+01 | e_loss=3.506839e+01 | f_loss=1.517310e+00 | pref_e=0.595 pref_f=413.597 | ETA 5.0h | speed 2.29 step/s (window 2.30) | GPU mem 25/184 MiB | util 24% | grad_norm 1.15e+00
Step  58800 | batch_size= 8 | lr=3.51e-08 | loss=3.212521e+01 | e_loss=4.775859e+01 | f_loss=1.707398e+00 | pref_e=0.596 pref_f=412.598 | ETA 5.0h | speed 2.29 step/s (window 2.31) | GPU mem 25/184 MiB | util 23% | grad_norm 1.15e+00
Step  58900 | batch_size= 8 | lr=3.51e-08 | loss=3.257292e+01 | e_loss=4.886149e+01 | f_loss=1.592556e+00 | pref_e=0.597 pref_f=411.599 | ETA 5.0h | speed 2.29 step/s (window 2.31) | GPU mem 26/184 MiB | util 23% | grad_norm 1.15e+00
Step  59000 | batch_size= 8 | lr=3.51e-08 | loss=2.453506e+01 | e_loss=3.587037e+01 | f_loss=1.444968e+00 | pref_e=0.598 pref_f=410.600 | ETA 5.0h | speed 2.29 step/s (window 2.29) | GPU mem 26/184 MiB | util 24% | grad_norm 1.15e+00
Step  59100 | batch_size= 8 | lr=3.51e-08 | loss=2.512439e+01 | e_loss=3.666379e+01 | f_loss=1.485943e+00 | pref_e=0.599 pref_f=409.601 | ETA 5.0h | speed 2.29 step/s (window 2.27) | GPU mem 25/184 MiB | util 23% | grad_norm 1.15e+00
Step  59200 | batch_size= 8 | lr=3.51e-08 | loss=2.222461e+01 | e_loss=3.214522e+01 | f_loss=1.384347e+00 | pref_e=0.600 pref_f=408.602 | ETA 4.9h | speed 2.29 step/s (window 2.30) | GPU mem 26/184 MiB | util 23% | grad_norm 1.15e+00
Step  59300 | batch_size= 8 | lr=3.51e-08 | loss=2.610903e+01 | e_loss=3.828048e+01 | f_loss=1.467229e+00 | pref_e=0.601 pref_f=407.603 | ETA 4.9h | speed 2.29 step/s (window 2.31) | GPU mem 25/184 MiB | util 24% | grad_norm 1.15e+00
Step  59400 | batch_size= 8 | lr=3.51e-08 | loss=3.378344e+01 | e_loss=5.058910e+01 | f_loss=1.578404e+00 | pref_e=0.602 pref_f=406.604 | ETA 4.9h | speed 2.29 step/s (window 2.31) | GPU mem 25/184 MiB | util 23% | grad_norm 1.15e+00
Step  59500 | batch_size= 8 | lr=3.51e-08 | loss=1.897611e+01 | e_loss=2.689337e+01 | f_loss=1.308923e+00 | pref_e=0.603 pref_f=405.605 | ETA 4.9h | speed 2.29 step/s (window 2.31) | GPU mem 26/184 MiB | util 24% | grad_norm 1.15e+00
Step  59600 | batch_size= 8 | lr=3.51e-08 | loss=2.864644e+01 | e_loss=4.209787e+01 | f_loss=1.534442e+00 | pref_e=0.604 pref_f=404.606 | ETA 4.9h | speed 2.29 step/s (window 2.29) | GPU mem 25/184 MiB | util 23% | grad_norm 1.15e+00
Step  59700 | batch_size= 8 | lr=3.51e-08 | loss=3.516038e+01 | e_loss=5.225035e+01 | f_loss=1.695345e+00 | pref_e=0.605 pref_f=403.607 | ETA 4.9h | speed 2.29 step/s (window 2.32) | GPU mem 25/184 MiB | util 24% | grad_norm 1.15e+00
Step  59800 | batch_size= 8 | lr=3.51e-08 | loss=2.801398e+01 | e_loss=4.131223e+01 | f_loss=1.429013e+00 | pref_e=0.606 pref_f=402.608 | ETA 4.9h | speed 2.29 step/s (window 2.30) | GPU mem 25/184 MiB | util 24% | grad_norm 1.15e+00
Step  59900 | batch_size= 8 | lr=3.51e-08 | loss=2.487985e+01 | e_loss=3.630243e+01 | f_loss=1.366911e+00 | pref_e=0.607 pref_f=401.609 | ETA 4.9h | speed 2.29 step/s (window 2.32) | GPU mem 26/184 MiB | util 23% | grad_norm 1.15e+00
Step  60000 | batch_size= 8 | lr=3.51e-08 | loss=1.975321e+01 | e_loss=2.788567e+01 | f_loss=1.346243e+00 | pref_e=0.608 pref_f=400.610 | ETA 4.8h | speed 2.29 step/s (window 2.29) | GPU mem 26/184 MiB | util 23% | grad_norm 1.15e+00
Saved checkpoint to checkpoints_cuda_opt/model_step60000.pt
Step  60100 | batch_size= 8 | lr=3.51e-08 | loss=3.549920e+01 | e_loss=5.276796e+01 | f_loss=1.627916e+00 | pref_e=0.609 pref_f=399.611 | ETA 4.8h | speed 2.29 step/s (window 2.28) | GPU mem 25/184 MiB | util 23% | grad_norm 1.15e+00
Step  60200 | batch_size= 8 | lr=3.51e-08 | loss=3.274099e+01 | e_loss=4.794600e+01 | f_loss=1.692498e+00 | pref_e=0.610 pref_f=398.612 | ETA 4.8h | speed 2.29 step/s (window 2.29) | GPU mem 25/184 MiB | util 24% | grad_norm 1.15e+00
Step  60300 | batch_size= 8 | lr=3.51e-08 | loss=2.862252e+01 | e_loss=4.161752e+01 | f_loss=1.550182e+00 | pref_e=0.611 pref_f=397.613 | ETA 4.8h | speed 2.29 step/s (window 2.29) | GPU mem 26/184 MiB | util 24% | grad_norm 1.15e+00
Step  60400 | batch_size= 8 | lr=3.51e-08 | loss=2.726003e+01 | e_loss=3.939818e+01 | f_loss=1.532726e+00 | pref_e=0.612 pref_f=396.614 | ETA 4.8h | speed 2.29 step/s (window 2.28) | GPU mem 25/184 MiB | util 23% | grad_norm 1.15e+00
Step  60500 | batch_size= 8 | lr=3.51e-08 | loss=2.340921e+01 | e_loss=3.356917e+01 | f_loss=1.382753e+00 | pref_e=0.613 pref_f=395.615 | ETA 4.8h | speed 2.29 step/s (window 2.29) | GPU mem 26/184 MiB | util 23% | grad_norm 1.15e+00
Step  60600 | batch_size= 8 | lr=3.51e-08 | loss=3.177307e+01 | e_loss=4.627059e+01 | f_loss=1.649593e+00 | pref_e=0.614 pref_f=394.616 | ETA 4.8h | speed 2.29 step/s (window 2.31) | GPU mem 25/184 MiB | util 23% | grad_norm 1.15e+00
Step  60700 | batch_size= 8 | lr=3.51e-08 | loss=3.040646e+01 | e_loss=4.406332e+01 | f_loss=1.625811e+00 | pref_e=0.615 pref_f=393.617 | ETA 4.8h | speed 2.29 step/s (window 2.32) | GPU mem 26/184 MiB | util 24% | grad_norm 1.15e+00
Step  60800 | batch_size= 8 | lr=3.51e-08 | loss=3.034568e+01 | e_loss=4.427470e+01 | f_loss=1.515926e+00 | pref_e=0.616 pref_f=392.618 | ETA 4.7h | speed 2.29 step/s (window 2.30) | GPU mem 25/184 MiB | util 23% | grad_norm 1.15e+00
Step  60900 | batch_size= 8 | lr=3.51e-08 | loss=2.328355e+01 | e_loss=3.301303e+01 | f_loss=1.436953e+00 | pref_e=0.617 pref_f=391.619 | ETA 4.7h | speed 2.29 step/s (window 2.28) | GPU mem 25/184 MiB | util 23% | grad_norm 1.15e+00
Step  61000 | batch_size= 8 | lr=3.51e-08 | loss=3.560339e+01 | e_loss=5.234057e+01 | f_loss=1.617731e+00 | pref_e=0.618 pref_f=390.620 | ETA 4.7h | speed 2.29 step/s (window 2.28) | GPU mem 25/184 MiB | util 23% | grad_norm 1.15e+00
Step  61100 | batch_size= 8 | lr=3.51e-08 | loss=2.430597e+01 | e_loss=3.463358e+01 | f_loss=1.424042e+00 | pref_e=0.619 pref_f=389.621 | ETA 4.7h | speed 2.29 step/s (window 2.30) | GPU mem 25/184 MiB | util 24% | grad_norm 1.15e+00
Step  61200 | batch_size= 8 | lr=3.51e-08 | loss=2.681894e+01 | e_loss=3.831895e+01 | f_loss=1.525023e+00 | pref_e=0.620 pref_f=388.622 | ETA 4.7h | speed 2.29 step/s (window 2.31) | GPU mem 25/184 MiB | util 24% | grad_norm 1.15e+00
Step  61300 | batch_size= 8 | lr=3.51e-08 | loss=2.930424e+01 | e_loss=4.232527e+01 | f_loss=1.508226e+00 | pref_e=0.621 pref_f=387.623 | ETA 4.7h | speed 2.29 step/s (window 2.31) | GPU mem 26/184 MiB | util 24% | grad_norm 1.15e+00
Step  61400 | batch_size= 8 | lr=3.51e-08 | loss=2.729779e+01 | e_loss=3.921725e+01 | f_loss=1.457306e+00 | pref_e=0.622 pref_f=386.624 | ETA 4.7h | speed 2.29 step/s (window 2.31) | GPU mem 25/184 MiB | util 24% | grad_norm 1.15e+00
Step  61500 | batch_size= 8 | lr=3.51e-08 | loss=2.865058e+01 | e_loss=4.109988e+01 | f_loss=1.528892e+00 | pref_e=0.623 pref_f=385.625 | ETA 4.7h | speed 2.29 step/s (window 2.30) | GPU mem 25/184 MiB | util 24% | grad_norm 1.15e+00
Step  61600 | batch_size= 8 | lr=3.51e-08 | loss=3.741539e+01 | e_loss=5.407277e+01 | f_loss=1.851936e+00 | pref_e=0.624 pref_f=384.626 | ETA 4.6h | speed 2.29 step/s (window 2.32) | GPU mem 25/184 MiB | util 24% | grad_norm 1.15e+00
Step  61700 | batch_size= 8 | lr=3.51e-08 | loss=3.030796e+01 | e_loss=4.374780e+01 | f_loss=1.499896e+00 | pref_e=0.625 pref_f=383.627 | ETA 4.6h | speed 2.29 step/s (window 2.31) | GPU mem 25/184 MiB | util 24% | grad_norm 1.15e+00
Step  61800 | batch_size= 8 | lr=3.51e-08 | loss=2.950726e+01 | e_loss=4.246696e+01 | f_loss=1.483879e+00 | pref_e=0.626 pref_f=382.628 | ETA 4.6h | speed 2.29 step/s (window 2.29) | GPU mem 25/184 MiB | util 23% | grad_norm 1.15e+00
Step  61900 | batch_size= 8 | lr=3.51e-08 | loss=3.266383e+01 | e_loss=4.682762e+01 | f_loss=1.681202e+00 | pref_e=0.627 pref_f=381.629 | ETA 4.6h | speed 2.29 step/s (window 2.31) | GPU mem 25/184 MiB | util 24% | grad_norm 1.15e+00
Step  62000 | batch_size= 8 | lr=3.51e-08 | loss=2.380287e+01 | e_loss=3.351257e+01 | f_loss=1.402298e+00 | pref_e=0.628 pref_f=380.630 | ETA 4.6h | speed 2.29 step/s (window 2.31) | GPU mem 25/184 MiB | util 24% | grad_norm 1.15e+00
Step  62100 | batch_size= 8 | lr=3.51e-08 | loss=2.973271e+01 | e_loss=4.252410e+01 | f_loss=1.527802e+00 | pref_e=0.629 pref_f=379.631 | ETA 4.6h | speed 2.29 step/s (window 2.29) | GPU mem 25/184 MiB | util 24% | grad_norm 1.15e+00
Step  62200 | batch_size= 8 | lr=3.51e-08 | loss=2.078001e+01 | e_loss=2.862529e+01 | f_loss=1.404097e+00 | pref_e=0.630 pref_f=378.632 | ETA 4.6h | speed 2.29 step/s (window 2.29) | GPU mem 25/184 MiB | util 24% | grad_norm 1.15e+00
Step  62300 | batch_size= 8 | lr=3.51e-08 | loss=1.838470e+01 | e_loss=2.525010e+01 | f_loss=1.255450e+00 | pref_e=0.631 pref_f=377.633 | ETA 4.6h | speed 2.29 step/s (window 2.29) | GPU mem 25/184 MiB | util 23% | grad_norm 1.15e+00
Step  62400 | batch_size= 8 | lr=3.51e-08 | loss=2.969653e+01 | e_loss=4.256326e+01 | f_loss=1.443223e+00 | pref_e=0.632 pref_f=376.634 | ETA 4.6h | speed 2.29 step/s (window 2.30) | GPU mem 26/184 MiB | util 23% | grad_norm 1.15e+00
Step  62500 | batch_size= 8 | lr=3.51e-08 | loss=3.433404e+01 | e_loss=4.878517e+01 | f_loss=1.787742e+00 | pref_e=0.632 pref_f=375.635 | ETA 4.5h | speed 2.29 step/s (window 2.29) | GPU mem 25/184 MiB | util 24% | grad_norm 1.15e+00
Step  62600 | batch_size= 8 | lr=3.51e-08 | loss=2.507639e+01 | e_loss=3.547918e+01 | f_loss=1.340248e+00 | pref_e=0.633 pref_f=374.636 | ETA 4.5h | speed 2.29 step/s (window 2.28) | GPU mem 26/184 MiB | util 24% | grad_norm 1.15e+00
Step  62700 | batch_size= 8 | lr=3.51e-08 | loss=2.728027e+01 | e_loss=3.853842e+01 | f_loss=1.460533e+00 | pref_e=0.634 pref_f=373.637 | ETA 4.5h | speed 2.29 step/s (window 2.30) | GPU mem 25/184 MiB | util 23% | grad_norm 1.15e+00
Step  62800 | batch_size= 8 | lr=3.51e-08 | loss=2.532648e+01 | e_loss=3.541419e+01 | f_loss=1.461479e+00 | pref_e=0.635 pref_f=372.638 | ETA 4.5h | speed 2.29 step/s (window 2.31) | GPU mem 25/184 MiB | util 24% | grad_norm 1.15e+00
Step  62900 | batch_size= 8 | lr=3.51e-08 | loss=3.057879e+01 | e_loss=4.353664e+01 | f_loss=1.492447e+00 | pref_e=0.636 pref_f=371.639 | ETA 4.5h | speed 2.29 step/s (window 2.32) | GPU mem 25/184 MiB | util 23% | grad_norm 1.15e+00
Step  63000 | batch_size= 8 | lr=3.51e-08 | loss=2.191383e+01 | e_loss=3.015368e+01 | f_loss=1.400188e+00 | pref_e=0.637 pref_f=370.640 | ETA 4.5h | speed 2.29 step/s (window 2.28) | GPU mem 25/184 MiB | util 23% | grad_norm 1.15e+00
Step  63100 | batch_size= 8 | lr=3.51e-08 | loss=2.755676e+01 | e_loss=3.859707e+01 | f_loss=1.524146e+00 | pref_e=0.638 pref_f=369.641 | ETA 4.5h | speed 2.29 step/s (window 2.28) | GPU mem 25/184 MiB | util 23% | grad_norm 1.15e+00
Step  63200 | batch_size= 8 | lr=3.51e-08 | loss=2.862798e+01 | e_loss=4.051083e+01 | f_loss=1.429287e+00 | pref_e=0.639 pref_f=368.642 | ETA 4.5h | speed 2.29 step/s (window 2.27) | GPU mem 25/184 MiB | util 22% | grad_norm 1.15e+00
Step  63300 | batch_size= 8 | lr=3.51e-08 | loss=2.833574e+01 | e_loss=3.980698e+01 | f_loss=1.494345e+00 | pref_e=0.640 pref_f=367.643 | ETA 4.4h | speed 2.29 step/s (window 2.28) | GPU mem 25/184 MiB | util 23% | grad_norm 1.15e+00
Step  63400 | batch_size= 8 | lr=3.51e-08 | loss=2.493323e+01 | e_loss=3.467233e+01 | f_loss=1.417063e+00 | pref_e=0.641 pref_f=366.644 | ETA 4.4h | speed 2.29 step/s (window 2.31) | GPU mem 25/184 MiB | util 23% | grad_norm 1.15e+00
Step  63500 | batch_size= 8 | lr=3.51e-08 | loss=2.873888e+01 | e_loss=4.032172e+01 | f_loss=1.499096e+00 | pref_e=0.642 pref_f=365.645 | ETA 4.4h | speed 2.29 step/s (window 2.30) | GPU mem 25/184 MiB | util 23% | grad_norm 1.15e+00
Step  63600 | batch_size= 8 | lr=3.51e-08 | loss=3.201782e+01 | e_loss=4.524970e+01 | f_loss=1.540661e+00 | pref_e=0.643 pref_f=364.646 | ETA 4.4h | speed 2.29 step/s (window 2.28) | GPU mem 25/184 MiB | util 23% | grad_norm 1.15e+00
Step  63700 | batch_size= 8 | lr=3.51e-08 | loss=2.586260e+01 | e_loss=3.562181e+01 | f_loss=1.543856e+00 | pref_e=0.644 pref_f=363.647 | ETA 4.4h | speed 2.29 step/s (window 2.31) | GPU mem 25/184 MiB | util 23% | grad_norm 1.15e+00
Step  63800 | batch_size= 8 | lr=3.51e-08 | loss=3.849784e+01 | e_loss=5.466854e+01 | f_loss=1.716479e+00 | pref_e=0.645 pref_f=362.648 | ETA 4.4h | speed 2.29 step/s (window 2.28) | GPU mem 25/184 MiB | util 24% | grad_norm 1.15e+00
Step  63900 | batch_size= 8 | lr=3.51e-08 | loss=3.186134e+01 | e_loss=4.473633e+01 | f_loss=1.577049e+00 | pref_e=0.646 pref_f=361.649 | ETA 4.4h | speed 2.29 step/s (window 2.30) | GPU mem 25/184 MiB | util 24% | grad_norm 1.15e+00
Step  64000 | batch_size= 8 | lr=3.51e-08 | loss=2.804146e+01 | e_loss=3.880471e+01 | f_loss=1.566683e+00 | pref_e=0.647 pref_f=360.650 | ETA 4.4h | speed 2.29 step/s (window 2.30) | GPU mem 25/184 MiB | util 23% | grad_norm 1.15e+00
Step  64100 | batch_size= 8 | lr=3.51e-08 | loss=3.212291e+01 | e_loss=4.505559e+01 | f_loss=1.568627e+00 | pref_e=0.648 pref_f=359.651 | ETA 4.3h | speed 2.29 step/s (window 2.28) | GPU mem 26/184 MiB | util 23% | grad_norm 1.15e+00
Step  64200 | batch_size= 8 | lr=3.51e-08 | loss=2.947136e+01 | e_loss=4.149136e+01 | f_loss=1.366702e+00 | pref_e=0.649 pref_f=358.652 | ETA 4.3h | speed 2.29 step/s (window 2.30) | GPU mem 26/184 MiB | util 24% | grad_norm 1.15e+00
Step  64300 | batch_size= 8 | lr=3.51e-08 | loss=2.591707e+01 | e_loss=3.568807e+01 | f_loss=1.465537e+00 | pref_e=0.650 pref_f=357.653 | ETA 4.3h | speed 2.29 step/s (window 2.32) | GPU mem 25/184 MiB | util 24% | grad_norm 1.15e+00
Step  64400 | batch_size= 8 | lr=3.51e-08 | loss=3.189507e+01 | e_loss=4.439507e+01 | f_loss=1.618420e+00 | pref_e=0.651 pref_f=356.654 | ETA 4.3h | speed 2.29 step/s (window 2.31) | GPU mem 26/184 MiB | util 24% | grad_norm 1.15e+00
Step  64500 | batch_size= 8 | lr=3.51e-08 | loss=3.083717e+01 | e_loss=4.295150e+01 | f_loss=1.536688e+00 | pref_e=0.652 pref_f=355.655 | ETA 4.3h | speed 2.29 step/s (window 2.31) | GPU mem 25/184 MiB | util 23% | grad_norm 1.15e+00
Step  64600 | batch_size= 8 | lr=3.51e-08 | loss=3.078339e+01 | e_loss=4.269473e+01 | f_loss=1.581733e+00 | pref_e=0.653 pref_f=354.656 | ETA 4.3h | speed 2.29 step/s (window 2.31) | GPU mem 25/184 MiB | util 24% | grad_norm 1.15e+00
Step  64700 | batch_size= 8 | lr=3.51e-08 | loss=2.305441e+01 | e_loss=3.135157e+01 | f_loss=1.389278e+00 | pref_e=0.654 pref_f=353.657 | ETA 4.3h | speed 2.29 step/s (window 2.29) | GPU mem 26/184 MiB | util 23% | grad_norm 1.15e+00
Step  64800 | batch_size= 8 | lr=3.51e-08 | loss=2.664450e+01 | e_loss=3.661530e+01 | f_loss=1.456309e+00 | pref_e=0.655 pref_f=352.658 | ETA 4.3h | speed 2.29 step/s (window 2.31) | GPU mem 25/184 MiB | util 24% | grad_norm 1.15e+00
Step  64900 | batch_size= 8 | lr=3.51e-08 | loss=2.766000e+01 | e_loss=3.802972e+01 | f_loss=1.489736e+00 | pref_e=0.656 pref_f=351.659 | ETA 4.3h | speed 2.29 step/s (window 2.30) | GPU mem 25/184 MiB | util 24% | grad_norm 1.15e+00
Step  65000 | batch_size= 8 | lr=3.51e-08 | loss=2.951596e+01 | e_loss=4.085418e+01 | f_loss=1.473461e+00 | pref_e=0.657 pref_f=350.660 | ETA 4.2h | speed 2.29 step/s (window 2.31) | GPU mem 25/184 MiB | util 24% | grad_norm 1.15e+00
Step  65100 | batch_size= 8 | lr=3.51e-08 | loss=2.443290e+01 | e_loss=3.344368e+01 | f_loss=1.341128e+00 | pref_e=0.658 pref_f=349.661 | ETA 4.2h | speed 2.29 step/s (window 2.29) | GPU mem 25/184 MiB | util 23% | grad_norm 1.15e+00
Step  65200 | batch_size= 8 | lr=3.51e-08 | loss=3.530911e+01 | e_loss=4.918554e+01 | f_loss=1.608671e+00 | pref_e=0.659 pref_f=348.662 | ETA 4.2h | speed 2.29 step/s (window 2.29) | GPU mem 25/184 MiB | util 23% | grad_norm 1.15e+00
Step  65300 | batch_size= 8 | lr=3.51e-08 | loss=3.531270e+01 | e_loss=4.878062e+01 | f_loss=1.733741e+00 | pref_e=0.660 pref_f=347.663 | ETA 4.2h | speed 2.29 step/s (window 2.28) | GPU mem 25/184 MiB | util 23% | grad_norm 1.15e+00
Step  65400 | batch_size= 8 | lr=3.51e-08 | loss=3.205463e+01 | e_loss=4.436217e+01 | f_loss=1.523662e+00 | pref_e=0.661 pref_f=346.664 | ETA 4.2h | speed 2.29 step/s (window 2.30) | GPU mem 26/184 MiB | util 23% | grad_norm 1.15e+00
Step  65500 | batch_size= 8 | lr=3.51e-08 | loss=3.395425e+01 | e_loss=4.670282e+01 | f_loss=1.697559e+00 | pref_e=0.662 pref_f=345.665 | ETA 4.2h | speed 2.29 step/s (window 2.31) | GPU mem 26/184 MiB | util 24% | grad_norm 1.15e+00
Step  65600 | batch_size= 8 | lr=3.51e-08 | loss=2.155561e+01 | e_loss=2.915485e+01 | f_loss=1.249514e+00 | pref_e=0.663 pref_f=344.666 | ETA 4.2h | speed 2.29 step/s (window 2.29) | GPU mem 25/184 MiB | util 23% | grad_norm 1.15e+00
Step  65700 | batch_size= 8 | lr=3.51e-08 | loss=2.554547e+01 | e_loss=3.432034e+01 | f_loss=1.549415e+00 | pref_e=0.664 pref_f=343.667 | ETA 4.2h | speed 2.29 step/s (window 2.28) | GPU mem 25/184 MiB | util 24% | grad_norm 1.15e+00
Step  65800 | batch_size= 8 | lr=3.51e-08 | loss=2.767257e+01 | e_loss=3.787060e+01 | f_loss=1.404097e+00 | pref_e=0.665 pref_f=342.668 | ETA 4.1h | speed 2.29 step/s (window 2.30) | GPU mem 26/184 MiB | util 24% | grad_norm 1.15e+00
Step  65900 | batch_size= 8 | lr=3.51e-08 | loss=2.722749e+01 | e_loss=3.689555e+01 | f_loss=1.503417e+00 | pref_e=0.666 pref_f=341.669 | ETA 4.1h | speed 2.29 step/s (window 2.31) | GPU mem 25/184 MiB | util 23% | grad_norm 1.15e+00
Step  66000 | batch_size= 8 | lr=3.51e-08 | loss=3.274092e+01 | e_loss=4.509987e+01 | f_loss=1.514094e+00 | pref_e=0.667 pref_f=340.670 | ETA 4.1h | speed 2.29 step/s (window 2.32) | GPU mem 26/184 MiB | util 23% | grad_norm 1.15e+00
Step  66100 | batch_size= 8 | lr=3.51e-08 | loss=2.888143e+01 | e_loss=3.926841e+01 | f_loss=1.510751e+00 | pref_e=0.668 pref_f=339.671 | ETA 4.1h | speed 2.29 step/s (window 2.30) | GPU mem 26/184 MiB | util 24% | grad_norm 1.15e+00
Step  66200 | batch_size= 8 | lr=3.51e-08 | loss=2.725541e+01 | e_loss=3.678271e+01 | f_loss=1.513552e+00 | pref_e=0.669 pref_f=338.672 | ETA 4.1h | speed 2.29 step/s (window 2.29) | GPU mem 25/184 MiB | util 22% | grad_norm 1.15e+00
Step  66300 | batch_size= 8 | lr=3.51e-08 | loss=2.615775e+01 | e_loss=3.525089e+01 | f_loss=1.456073e+00 | pref_e=0.670 pref_f=337.673 | ETA 4.1h | speed 2.29 step/s (window 2.31) | GPU mem 25/184 MiB | util 24% | grad_norm 1.15e+00
Step  66400 | batch_size= 8 | lr=3.51e-08 | loss=3.523546e+01 | e_loss=4.820355e+01 | f_loss=1.666552e+00 | pref_e=0.671 pref_f=336.674 | ETA 4.1h | speed 2.29 step/s (window 2.31) | GPU mem 25/184 MiB | util 24% | grad_norm 1.15e+00
Step  66500 | batch_size= 8 | lr=3.51e-08 | loss=3.244371e+01 | e_loss=4.425132e+01 | f_loss=1.567457e+00 | pref_e=0.672 pref_f=335.675 | ETA 4.1h | speed 2.29 step/s (window 2.30) | GPU mem 25/184 MiB | util 22% | grad_norm 1.15e+00
Step  66600 | batch_size= 8 | lr=3.51e-08 | loss=2.473091e+01 | e_loss=3.327419e+01 | f_loss=1.352567e+00 | pref_e=0.673 pref_f=334.676 | ETA 4.0h | speed 2.29 step/s (window 2.27) | GPU mem 25/184 MiB | util 23% | grad_norm 1.15e+00
Step  66700 | batch_size= 8 | lr=3.51e-08 | loss=3.172181e+01 | e_loss=4.294820e+01 | f_loss=1.615219e+00 | pref_e=0.674 pref_f=333.677 | ETA 4.0h | speed 2.29 step/s (window 2.31) | GPU mem 25/184 MiB | util 24% | grad_norm 1.15e+00
Step  66800 | batch_size= 8 | lr=3.51e-08 | loss=3.022079e+01 | e_loss=4.109754e+01 | f_loss=1.449622e+00 | pref_e=0.675 pref_f=332.678 | ETA 4.0h | speed 2.29 step/s (window 2.29) | GPU mem 25/184 MiB | util 23% | grad_norm 1.15e+00
Step  66900 | batch_size= 8 | lr=3.51e-08 | loss=3.309734e+01 | e_loss=4.530531e+01 | f_loss=1.451850e+00 | pref_e=0.676 pref_f=331.679 | ETA 4.0h | speed 2.29 step/s (window 2.29) | GPU mem 26/184 MiB | util 23% | grad_norm 1.15e+00
Step  67000 | batch_size= 8 | lr=3.51e-08 | loss=3.338780e+01 | e_loss=4.535694e+01 | f_loss=1.577928e+00 | pref_e=0.677 pref_f=330.680 | ETA 4.0h | speed 2.29 step/s (window 2.32) | GPU mem 25/184 MiB | util 24% | grad_norm 1.15e+00
Step  67100 | batch_size= 8 | lr=3.51e-08 | loss=2.713861e+01 | e_loss=3.615289e+01 | f_loss=1.546961e+00 | pref_e=0.678 pref_f=329.681 | ETA 4.0h | speed 2.29 step/s (window 2.29) | GPU mem 26/184 MiB | util 23% | grad_norm 1.15e+00
Step  67200 | batch_size= 8 | lr=3.51e-08 | loss=2.780973e+01 | e_loss=3.708079e+01 | f_loss=1.555041e+00 | pref_e=0.679 pref_f=328.682 | ETA 4.0h | speed 2.29 step/s (window 2.30) | GPU mem 25/184 MiB | util 23% | grad_norm 1.15e+00
Step  67300 | batch_size= 8 | lr=3.51e-08 | loss=3.292502e+01 | e_loss=4.433514e+01 | f_loss=1.650153e+00 | pref_e=0.680 pref_f=327.683 | ETA 4.0h | speed 2.29 step/s (window 2.32) | GPU mem 25/184 MiB | util 24% | grad_norm 1.15e+00
Step  67400 | batch_size= 8 | lr=3.51e-08 | loss=2.477575e+01 | e_loss=3.281804e+01 | f_loss=1.443553e+00 | pref_e=0.681 pref_f=326.684 | ETA 3.9h | speed 2.29 step/s (window 2.28) | GPU mem 26/184 MiB | util 24% | grad_norm 1.15e+00
Step  67500 | batch_size= 8 | lr=3.51e-08 | loss=3.229554e+01 | e_loss=4.358338e+01 | f_loss=1.536599e+00 | pref_e=0.681 pref_f=325.685 | ETA 3.9h | speed 2.29 step/s (window 2.29) | GPU mem 25/184 MiB | util 23% | grad_norm 1.15e+00
Step  67600 | batch_size= 8 | lr=3.51e-08 | loss=2.631289e+01 | e_loss=3.505157e+01 | f_loss=1.421098e+00 | pref_e=0.682 pref_f=324.686 | ETA 3.9h | speed 2.29 step/s (window 2.31) | GPU mem 25/184 MiB | util 24% | grad_norm 1.15e+00
Step  67700 | batch_size= 8 | lr=3.51e-08 | loss=3.468112e+01 | e_loss=4.701820e+01 | f_loss=1.521189e+00 | pref_e=0.683 pref_f=323.687 | ETA 3.9h | speed 2.29 step/s (window 2.29) | GPU mem 26/184 MiB | util 23% | grad_norm 1.15e+00
Step  67800 | batch_size= 8 | lr=3.51e-08 | loss=2.406885e+01 | e_loss=3.158532e+01 | f_loss=1.465910e+00 | pref_e=0.684 pref_f=322.688 | ETA 3.9h | speed 2.29 step/s (window 2.31) | GPU mem 25/184 MiB | util 23% | grad_norm 1.15e+00
Step  67900 | batch_size= 8 | lr=3.51e-08 | loss=3.086705e+01 | e_loss=4.149286e+01 | f_loss=1.461964e+00 | pref_e=0.685 pref_f=321.689 | ETA 3.9h | speed 2.29 step/s (window 2.29) | GPU mem 26/184 MiB | util 23% | grad_norm 1.15e+00
Step  68000 | batch_size= 8 | lr=3.51e-08 | loss=2.938242e+01 | e_loss=3.920092e+01 | f_loss=1.489422e+00 | pref_e=0.686 pref_f=320.690 | ETA 3.9h | speed 2.29 step/s (window 2.31) | GPU mem 25/184 MiB | util 23% | grad_norm 1.15e+00
Step  68100 | batch_size= 8 | lr=3.51e-08 | loss=2.907968e+01 | e_loss=3.899039e+01 | f_loss=1.378456e+00 | pref_e=0.687 pref_f=319.691 | ETA 3.9h | speed 2.29 step/s (window 2.29) | GPU mem 26/184 MiB | util 23% | grad_norm 1.15e+00
Step  68200 | batch_size= 8 | lr=3.51e-08 | loss=3.170203e+01 | e_loss=4.261674e+01 | f_loss=1.436022e+00 | pref_e=0.688 pref_f=318.692 | ETA 3.9h | speed 2.29 step/s (window 2.32) | GPU mem 25/184 MiB | util 23% | grad_norm 1.15e+00
Step  68300 | batch_size= 8 | lr=3.51e-08 | loss=3.129395e+01 | e_loss=4.156483e+01 | f_loss=1.604923e+00 | pref_e=0.689 pref_f=317.693 | ETA 3.8h | speed 2.29 step/s (window 2.29) | GPU mem 25/184 MiB | util 24% | grad_norm 1.15e+00
Step  68400 | batch_size= 8 | lr=3.51e-08 | loss=2.886781e+01 | e_loss=3.829884e+01 | f_loss=1.480628e+00 | pref_e=0.690 pref_f=316.694 | ETA 3.8h | speed 2.29 step/s (window 2.28) | GPU mem 26/184 MiB | util 24% | grad_norm 1.15e+00
Step  68500 | batch_size= 8 | lr=3.51e-08 | loss=3.775436e+01 | e_loss=5.067465e+01 | f_loss=1.668107e+00 | pref_e=0.691 pref_f=315.695 | ETA 3.8h | speed 2.29 step/s (window 2.30) | GPU mem 26/184 MiB | util 24% | grad_norm 1.15e+00
Step  68600 | batch_size= 8 | lr=3.51e-08 | loss=3.454601e+01 | e_loss=4.613001e+01 | f_loss=1.605494e+00 | pref_e=0.692 pref_f=314.696 | ETA 3.8h | speed 2.29 step/s (window 2.32) | GPU mem 25/184 MiB | util 23% | grad_norm 1.15e+00
Step  68700 | batch_size= 8 | lr=3.51e-08 | loss=3.139434e+01 | e_loss=4.174683e+01 | f_loss=1.512540e+00 | pref_e=0.693 pref_f=313.697 | ETA 3.8h | speed 2.29 step/s (window 2.30) | GPU mem 25/184 MiB | util 23% | grad_norm 1.15e+00
Step  68800 | batch_size= 8 | lr=3.51e-08 | loss=3.120855e+01 | e_loss=4.137143e+01 | f_loss=1.536285e+00 | pref_e=0.694 pref_f=312.698 | ETA 3.8h | speed 2.29 step/s (window 2.31) | GPU mem 25/184 MiB | util 24% | grad_norm 1.15e+00
Step  68900 | batch_size= 8 | lr=3.51e-08 | loss=2.135621e+01 | e_loss=2.788208e+01 | f_loss=1.220937e+00 | pref_e=0.695 pref_f=311.699 | ETA 3.8h | speed 2.29 step/s (window 2.31) | GPU mem 25/184 MiB | util 24% | grad_norm 1.15e+00
Step  69000 | batch_size= 8 | lr=3.51e-08 | loss=2.312796e+01 | e_loss=3.003294e+01 | f_loss=1.378868e+00 | pref_e=0.696 pref_f=310.700 | ETA 3.8h | speed 2.29 step/s (window 2.31) | GPU mem 25/184 MiB | util 23% | grad_norm 1.15e+00
Step  69100 | batch_size= 8 | lr=3.51e-08 | loss=3.069287e+01 | e_loss=4.048926e+01 | f_loss=1.536967e+00 | pref_e=0.697 pref_f=309.701 | ETA 3.7h | speed 2.29 step/s (window 2.30) | GPU mem 25/184 MiB | util 24% | grad_norm 1.15e+00
Step  69200 | batch_size= 8 | lr=3.51e-08 | loss=4.041564e+01 | e_loss=5.376299e+01 | f_loss=1.805453e+00 | pref_e=0.698 pref_f=308.702 | ETA 3.7h | speed 2.29 step/s (window 2.30) | GPU mem 25/184 MiB | util 24% | grad_norm 1.15e+00
Step  69300 | batch_size= 8 | lr=3.51e-08 | loss=2.371841e+01 | e_loss=3.091946e+01 | f_loss=1.320355e+00 | pref_e=0.699 pref_f=307.703 | ETA 3.7h | speed 2.29 step/s (window 2.31) | GPU mem 25/184 MiB | util 24% | grad_norm 1.15e+00
Step  69400 | batch_size= 8 | lr=3.51e-08 | loss=3.086430e+01 | e_loss=4.066601e+01 | f_loss=1.505311e+00 | pref_e=0.700 pref_f=306.704 | ETA 3.7h | speed 2.29 step/s (window 2.28) | GPU mem 25/184 MiB | util 23% | grad_norm 1.15e+00
Step  69500 | batch_size= 8 | lr=3.51e-08 | loss=3.037808e+01 | e_loss=3.980728e+01 | f_loss=1.560165e+00 | pref_e=0.701 pref_f=305.705 | ETA 3.7h | speed 2.29 step/s (window 2.30) | GPU mem 25/184 MiB | util 23% | grad_norm 1.15e+00
Step  69600 | batch_size= 8 | lr=3.51e-08 | loss=3.298803e+01 | e_loss=4.362637e+01 | f_loss=1.495197e+00 | pref_e=0.702 pref_f=304.706 | ETA 3.7h | speed 2.29 step/s (window 2.30) | GPU mem 26/184 MiB | util 23% | grad_norm 1.15e+00
Step  69700 | batch_size= 8 | lr=3.51e-08 | loss=3.557676e+01 | e_loss=4.714704e+01 | f_loss=1.548935e+00 | pref_e=0.703 pref_f=303.707 | ETA 3.7h | speed 2.29 step/s (window 2.30) | GPU mem 26/184 MiB | util 24% | grad_norm 1.15e+00
Step  69800 | batch_size= 8 | lr=3.51e-08 | loss=2.701590e+01 | e_loss=3.517865e+01 | f_loss=1.435519e+00 | pref_e=0.704 pref_f=302.708 | ETA 3.7h | speed 2.29 step/s (window 2.32) | GPU mem 25/184 MiB | util 24% | grad_norm 1.15e+00
Step  69900 | batch_size= 8 | lr=3.51e-08 | loss=3.693370e+01 | e_loss=4.885100e+01 | f_loss=1.599995e+00 | pref_e=0.705 pref_f=301.709 | ETA 3.6h | speed 2.29 step/s (window 2.29) | GPU mem 25/184 MiB | util 24% | grad_norm 1.15e+00
Step  70000 | batch_size= 8 | lr=3.51e-08 | loss=3.070759e+01 | e_loss=4.000180e+01 | f_loss=1.585620e+00 | pref_e=0.706 pref_f=300.710 | ETA 3.6h | speed 2.29 step/s (window 2.31) | GPU mem 25/184 MiB | util 23% | grad_norm 1.15e+00
Saved checkpoint to checkpoints_cuda_opt/model_step70000.pt
Step  70100 | batch_size= 8 | lr=3.51e-08 | loss=2.158339e+01 | e_loss=2.781754e+01 | f_loss=1.235299e+00 | pref_e=0.707 pref_f=299.711 | ETA 3.6h | speed 2.29 step/s (window 2.29) | GPU mem 25/184 MiB | util 23% | grad_norm 1.15e+00
Step  70200 | batch_size= 8 | lr=3.51e-08 | loss=3.016777e+01 | e_loss=3.949698e+01 | f_loss=1.427059e+00 | pref_e=0.708 pref_f=298.712 | ETA 3.6h | speed 2.29 step/s (window 2.32) | GPU mem 26/184 MiB | util 23% | grad_norm 1.15e+00
Step  70300 | batch_size= 8 | lr=3.51e-08 | loss=3.962173e+01 | e_loss=5.202090e+01 | f_loss=1.781316e+00 | pref_e=0.709 pref_f=297.713 | ETA 3.6h | speed 2.29 step/s (window 2.31) | GPU mem 25/184 MiB | util 24% | grad_norm 1.15e+00
Step  70400 | batch_size= 8 | lr=3.51e-08 | loss=2.602721e+01 | e_loss=3.342316e+01 | f_loss=1.495796e+00 | pref_e=0.710 pref_f=296.714 | ETA 3.6h | speed 2.29 step/s (window 2.29) | GPU mem 25/184 MiB | util 24% | grad_norm 1.15e+00
Step  70500 | batch_size= 8 | lr=3.51e-08 | loss=3.490404e+01 | e_loss=4.564332e+01 | f_loss=1.606467e+00 | pref_e=0.711 pref_f=295.715 | ETA 3.6h | speed 2.29 step/s (window 2.31) | GPU mem 25/184 MiB | util 23% | grad_norm 1.15e+00
Step  70600 | batch_size= 8 | lr=3.51e-08 | loss=2.887757e+01 | e_loss=3.730681e+01 | f_loss=1.519370e+00 | pref_e=0.712 pref_f=294.716 | ETA 3.6h | speed 2.29 step/s (window 2.29) | GPU mem 26/184 MiB | util 23% | grad_norm 1.15e+00
Step  70700 | batch_size= 8 | lr=3.51e-08 | loss=3.569497e+01 | e_loss=4.651446e+01 | f_loss=1.671150e+00 | pref_e=0.713 pref_f=293.717 | ETA 3.5h | speed 2.29 step/s (window 2.30) | GPU mem 26/184 MiB | util 24% | grad_norm 1.15e+00
Step  70800 | batch_size= 8 | lr=3.51e-08 | loss=2.754202e+01 | e_loss=3.541100e+01 | f_loss=1.494358e+00 | pref_e=0.714 pref_f=292.718 | ETA 3.5h | speed 2.29 step/s (window 2.29) | GPU mem 25/184 MiB | util 23% | grad_norm 1.15e+00
Step  70900 | batch_size= 8 | lr=3.51e-08 | loss=2.924922e+01 | e_loss=3.775409e+01 | f_loss=1.498791e+00 | pref_e=0.715 pref_f=291.719 | ETA 3.5h | speed 2.29 step/s (window 2.28) | GPU mem 25/184 MiB | util 23% | grad_norm 1.15e+00
Step  71000 | batch_size= 8 | lr=3.51e-08 | loss=2.500206e+01 | e_loss=3.218176e+01 | f_loss=1.305771e+00 | pref_e=0.716 pref_f=290.720 | ETA 3.5h | speed 2.29 step/s (window 2.30) | GPU mem 26/184 MiB | util 23% | grad_norm 1.15e+00
Step  71100 | batch_size= 8 | lr=3.51e-08 | loss=3.302906e+01 | e_loss=4.309630e+01 | f_loss=1.430027e+00 | pref_e=0.717 pref_f=289.721 | ETA 3.5h | speed 2.29 step/s (window 2.29) | GPU mem 26/184 MiB | util 23% | grad_norm 1.15e+00
Step  71200 | batch_size= 8 | lr=3.51e-08 | loss=3.610297e+01 | e_loss=4.703478e+01 | f_loss=1.570894e+00 | pref_e=0.718 pref_f=288.722 | ETA 3.5h | speed 2.29 step/s (window 2.30) | GPU mem 25/184 MiB | util 23% | grad_norm 1.15e+00
Step  71300 | batch_size= 8 | lr=3.51e-08 | loss=3.496165e+01 | e_loss=4.545203e+01 | f_loss=1.539974e+00 | pref_e=0.719 pref_f=287.723 | ETA 3.5h | speed 2.29 step/s (window 2.31) | GPU mem 26/184 MiB | util 24% | grad_norm 1.15e+00
Step  71400 | batch_size= 8 | lr=3.51e-08 | loss=3.712205e+01 | e_loss=4.814755e+01 | f_loss=1.667159e+00 | pref_e=0.720 pref_f=286.724 | ETA 3.5h | speed 2.29 step/s (window 2.29) | GPU mem 25/184 MiB | util 22% | grad_norm 1.15e+00
Step  71500 | batch_size= 8 | lr=3.51e-08 | loss=2.533583e+01 | e_loss=3.235120e+01 | f_loss=1.366091e+00 | pref_e=0.721 pref_f=285.725 | ETA 3.5h | speed 2.29 step/s (window 2.26) | GPU mem 25/184 MiB | util 23% | grad_norm 1.15e+00
Step  71600 | batch_size= 8 | lr=3.51e-08 | loss=3.425375e+01 | e_loss=4.419466e+01 | f_loss=1.603628e+00 | pref_e=0.722 pref_f=284.726 | ETA 3.4h | speed 2.29 step/s (window 2.29) | GPU mem 26/184 MiB | util 24% | grad_norm 1.15e+00
Step  71700 | batch_size= 8 | lr=3.51e-08 | loss=3.045877e+01 | e_loss=3.934469e+01 | f_loss=1.380476e+00 | pref_e=0.723 pref_f=283.727 | ETA 3.4h | speed 2.29 step/s (window 2.30) | GPU mem 25/184 MiB | util 24% | grad_norm 1.15e+00
Step  71800 | batch_size= 8 | lr=3.51e-08 | loss=2.887559e+01 | e_loss=3.691948e+01 | f_loss=1.477483e+00 | pref_e=0.724 pref_f=282.728 | ETA 3.4h | speed 2.29 step/s (window 2.29) | GPU mem 25/184 MiB | util 24% | grad_norm 1.15e+00
Step  71900 | batch_size= 8 | lr=3.51e-08 | loss=2.913203e+01 | e_loss=3.749438e+01 | f_loss=1.346098e+00 | pref_e=0.725 pref_f=281.729 | ETA 3.4h | speed 2.29 step/s (window 2.29) | GPU mem 25/184 MiB | util 23% | grad_norm 1.15e+00
Step  72000 | batch_size= 8 | lr=3.51e-08 | loss=2.211927e+01 | e_loss=2.776150e+01 | f_loss=1.358025e+00 | pref_e=0.726 pref_f=280.730 | ETA 3.4h | speed 2.29 step/s (window 2.30) | GPU mem 26/184 MiB | util 24% | grad_norm 1.15e+00
Step  72100 | batch_size= 8 | lr=3.51e-08 | loss=3.254986e+01 | e_loss=4.173207e+01 | f_loss=1.539280e+00 | pref_e=0.727 pref_f=279.731 | ETA 3.4h | speed 2.29 step/s (window 2.30) | GPU mem 26/184 MiB | util 23% | grad_norm 1.15e+00
Step  72200 | batch_size= 8 | lr=3.51e-08 | loss=2.389193e+01 | e_loss=3.012129e+01 | f_loss=1.369617e+00 | pref_e=0.728 pref_f=278.732 | ETA 3.4h | speed 2.29 step/s (window 2.30) | GPU mem 26/184 MiB | util 23% | grad_norm 1.15e+00
Step  72300 | batch_size= 8 | lr=3.51e-08 | loss=2.588500e+01 | e_loss=3.269634e+01 | f_loss=1.435241e+00 | pref_e=0.729 pref_f=277.733 | ETA 3.4h | speed 2.29 step/s (window 2.31) | GPU mem 26/184 MiB | util 23% | grad_norm 1.15e+00
Step  72400 | batch_size= 8 | lr=3.51e-08 | loss=4.285082e+01 | e_loss=5.554084e+01 | f_loss=1.633902e+00 | pref_e=0.730 pref_f=276.734 | ETA 3.3h | speed 2.29 step/s (window 2.30) | GPU mem 26/184 MiB | util 24% | grad_norm 1.15e+00
Step  72500 | batch_size= 8 | lr=3.51e-08 | loss=2.958377e+01 | e_loss=3.752742e+01 | f_loss=1.522491e+00 | pref_e=0.730 pref_f=275.735 | ETA 3.3h | speed 2.29 step/s (window 2.29) | GPU mem 25/184 MiB | util 23% | grad_norm 1.15e+00
Step  72600 | batch_size= 8 | lr=3.51e-08 | loss=3.953581e+01 | e_loss=5.076877e+01 | f_loss=1.694350e+00 | pref_e=0.731 pref_f=274.736 | ETA 3.3h | speed 2.29 step/s (window 2.31) | GPU mem 25/184 MiB | util 24% | grad_norm 1.15e+00
Step  72700 | batch_size= 8 | lr=3.51e-08 | loss=3.720435e+01 | e_loss=4.749467e+01 | f_loss=1.706760e+00 | pref_e=0.732 pref_f=273.737 | ETA 3.3h | speed 2.29 step/s (window 2.31) | GPU mem 26/184 MiB | util 24% | grad_norm 1.15e+00
Step  72800 | batch_size= 8 | lr=3.51e-08 | loss=3.010151e+01 | e_loss=3.826633e+01 | f_loss=1.445724e+00 | pref_e=0.733 pref_f=272.738 | ETA 3.3h | speed 2.29 step/s (window 2.31) | GPU mem 25/184 MiB | util 23% | grad_norm 1.15e+00
Step  72900 | batch_size= 2 | lr=3.51e-08 | loss=4.226822e+01 | e_loss=5.418307e+01 | f_loss=1.765642e+00 | pref_e=0.734 pref_f=271.739 | ETA 3.3h | speed 2.29 step/s (window 2.31) | GPU mem 26/184 MiB | util 23% | grad_norm 1.15e+00
Step  73000 | batch_size= 8 | lr=3.51e-08 | loss=3.001624e+01 | e_loss=3.793590e+01 | f_loss=1.513419e+00 | pref_e=0.735 pref_f=270.740 | ETA 3.3h | speed 2.29 step/s (window 2.28) | GPU mem 26/184 MiB | util 24% | grad_norm 1.15e+00
Step  73100 | batch_size= 8 | lr=3.51e-08 | loss=3.429047e+01 | e_loss=4.363021e+01 | f_loss=1.550534e+00 | pref_e=0.736 pref_f=269.741 | ETA 3.3h | speed 2.29 step/s (window 2.31) | GPU mem 26/184 MiB | util 24% | grad_norm 1.15e+00
Step  73200 | batch_size= 8 | lr=3.51e-08 | loss=2.661921e+01 | e_loss=3.366136e+01 | f_loss=1.294222e+00 | pref_e=0.737 pref_f=268.742 | ETA 3.2h | speed 2.29 step/s (window 2.30) | GPU mem 25/184 MiB | util 23% | grad_norm 1.15e+00
Step  73300 | batch_size= 8 | lr=3.51e-08 | loss=3.347714e+01 | e_loss=4.247508e+01 | f_loss=1.531470e+00 | pref_e=0.738 pref_f=267.743 | ETA 3.2h | speed 2.29 step/s (window 2.31) | GPU mem 25/184 MiB | util 24% | grad_norm 1.15e+00
Step  73400 | batch_size= 8 | lr=3.51e-08 | loss=3.082322e+01 | e_loss=3.901417e+01 | f_loss=1.437829e+00 | pref_e=0.739 pref_f=266.744 | ETA 3.2h | speed 2.29 step/s (window 2.29) | GPU mem 25/184 MiB | util 24% | grad_norm 1.15e+00
Step  73500 | batch_size= 8 | lr=3.51e-08 | loss=3.403971e+01 | e_loss=4.317347e+01 | f_loss=1.517434e+00 | pref_e=0.740 pref_f=265.745 | ETA 3.2h | speed 2.29 step/s (window 2.30) | GPU mem 26/184 MiB | util 23% | grad_norm 1.15e+00
Step  73600 | batch_size= 8 | lr=3.51e-08 | loss=2.673863e+01 | e_loss=3.352806e+01 | f_loss=1.377000e+00 | pref_e=0.741 pref_f=264.746 | ETA 3.2h | speed 2.29 step/s (window 2.26) | GPU mem 25/184 MiB | util 23% | grad_norm 1.15e+00
Step  73700 | batch_size= 8 | lr=3.51e-08 | loss=3.557166e+01 | e_loss=4.505241e+01 | f_loss=1.562658e+00 | pref_e=0.742 pref_f=263.747 | ETA 3.2h | speed 2.29 step/s (window 2.29) | GPU mem 25/184 MiB | util 24% | grad_norm 1.15e+00
Step  73800 | batch_size= 8 | lr=3.51e-08 | loss=2.987438e+01 | e_loss=3.740084e+01 | f_loss=1.527292e+00 | pref_e=0.743 pref_f=262.748 | ETA 3.2h | speed 2.29 step/s (window 2.30) | GPU mem 25/184 MiB | util 23% | grad_norm 1.15e+00
Step  73900 | batch_size= 8 | lr=3.51e-08 | loss=2.885630e+01 | e_loss=3.619722e+01 | f_loss=1.416221e+00 | pref_e=0.744 pref_f=261.749 | ETA 3.2h | speed 2.29 step/s (window 2.31) | GPU mem 25/184 MiB | util 23% | grad_norm 1.15e+00
Step  74000 | batch_size= 8 | lr=3.51e-08 | loss=3.900679e+01 | e_loss=4.911858e+01 | f_loss=1.785549e+00 | pref_e=0.745 pref_f=260.750 | ETA 3.1h | speed 2.29 step/s (window 2.27) | GPU mem 26/184 MiB | util 23% | grad_norm 1.15e+00
Step  74100 | batch_size= 8 | lr=3.51e-08 | loss=2.546611e+01 | e_loss=3.171298e+01 | f_loss=1.342415e+00 | pref_e=0.746 pref_f=259.751 | ETA 3.1h | speed 2.29 step/s (window 2.28) | GPU mem 25/184 MiB | util 23% | grad_norm 1.15e+00
Step  74200 | batch_size= 8 | lr=3.51e-08 | loss=3.679908e+01 | e_loss=4.624646e+01 | f_loss=1.678470e+00 | pref_e=0.747 pref_f=258.752 | ETA 3.1h | speed 2.29 step/s (window 2.31) | GPU mem 25/184 MiB | util 24% | grad_norm 1.15e+00
Step  74300 | batch_size= 8 | lr=3.51e-08 | loss=2.987644e+01 | e_loss=3.725797e+01 | f_loss=1.501276e+00 | pref_e=0.748 pref_f=257.753 | ETA 3.1h | speed 2.29 step/s (window 2.30) | GPU mem 26/184 MiB | util 24% | grad_norm 1.15e+00
Step  74400 | batch_size= 8 | lr=3.51e-08 | loss=4.000268e+01 | e_loss=5.054303e+01 | f_loss=1.615548e+00 | pref_e=0.749 pref_f=256.754 | ETA 3.1h | speed 2.29 step/s (window 2.28) | GPU mem 26/184 MiB | util 23% | grad_norm 1.15e+00
Step  74500 | batch_size= 8 | lr=3.51e-08 | loss=3.212159e+01 | e_loss=4.022418e+01 | f_loss=1.474197e+00 | pref_e=0.750 pref_f=255.755 | ETA 3.1h | speed 2.29 step/s (window 2.29) | GPU mem 26/184 MiB | util 24% | grad_norm 1.15e+00
Step  74600 | batch_size= 8 | lr=3.51e-08 | loss=4.244545e+01 | e_loss=5.339398e+01 | f_loss=1.781166e+00 | pref_e=0.751 pref_f=254.756 | ETA 3.1h | speed 2.29 step/s (window 2.32) | GPU mem 25/184 MiB | util 24% | grad_norm 1.15e+00
Step  74700 | batch_size= 8 | lr=3.51e-08 | loss=3.471953e+01 | e_loss=4.352827e+01 | f_loss=1.512896e+00 | pref_e=0.752 pref_f=253.757 | ETA 3.1h | speed 2.29 step/s (window 2.31) | GPU mem 25/184 MiB | util 23% | grad_norm 1.15e+00
Step  74800 | batch_size= 8 | lr=3.51e-08 | loss=2.500639e+01 | e_loss=3.089269e+01 | f_loss=1.333430e+00 | pref_e=0.753 pref_f=252.758 | ETA 3.1h | speed 2.29 step/s (window 2.28) | GPU mem 25/184 MiB | util 23% | grad_norm 1.15e+00
Step  74900 | batch_size= 8 | lr=3.51e-08 | loss=3.194091e+01 | e_loss=3.987188e+01 | f_loss=1.444647e+00 | pref_e=0.754 pref_f=251.759 | ETA 3.0h | speed 2.29 step/s (window 2.30) | GPU mem 25/184 MiB | util 23% | grad_norm 1.15e+00
Step  75000 | batch_size= 8 | lr=3.51e-08 | loss=2.686383e+01 | e_loss=3.324727e+01 | f_loss=1.358403e+00 | pref_e=0.755 pref_f=250.760 | ETA 3.0h | speed 2.29 step/s (window 2.31) | GPU mem 25/184 MiB | util 24% | grad_norm 1.15e+00
Step  75100 | batch_size= 8 | lr=3.51e-08 | loss=3.169931e+01 | e_loss=3.938668e+01 | f_loss=1.491193e+00 | pref_e=0.756 pref_f=249.761 | ETA 3.0h | speed 2.29 step/s (window 2.30) | GPU mem 26/184 MiB | util 24% | grad_norm 1.15e+00
Step  75200 | batch_size= 8 | lr=3.51e-08 | loss=2.735261e+01 | e_loss=3.369881e+01 | f_loss=1.434460e+00 | pref_e=0.757 pref_f=248.762 | ETA 3.0h | speed 2.29 step/s (window 2.30) | GPU mem 25/184 MiB | util 24% | grad_norm 1.15e+00
Step  75300 | batch_size= 8 | lr=3.51e-08 | loss=3.989860e+01 | e_loss=4.969822e+01 | f_loss=1.743310e+00 | pref_e=0.758 pref_f=247.763 | ETA 3.0h | speed 2.29 step/s (window 2.29) | GPU mem 26/184 MiB | util 23% | grad_norm 1.15e+00
Step  75400 | batch_size= 8 | lr=3.51e-08 | loss=3.345918e+01 | e_loss=4.162822e+01 | f_loss=1.462705e+00 | pref_e=0.759 pref_f=246.764 | ETA 3.0h | speed 2.29 step/s (window 2.30) | GPU mem 26/184 MiB | util 24% | grad_norm 1.15e+00
Step  75500 | batch_size= 8 | lr=3.51e-08 | loss=3.778965e+01 | e_loss=4.700024e+01 | f_loss=1.636866e+00 | pref_e=0.760 pref_f=245.765 | ETA 3.0h | speed 2.29 step/s (window 2.30) | GPU mem 26/184 MiB | util 24% | grad_norm 1.15e+00
Step  75600 | batch_size= 8 | lr=3.51e-08 | loss=3.317944e+01 | e_loss=4.098842e+01 | f_loss=1.575444e+00 | pref_e=0.761 pref_f=244.766 | ETA 3.0h | speed 2.29 step/s (window 2.25) | GPU mem 25/184 MiB | util 23% | grad_norm 1.15e+00
Step  75700 | batch_size= 8 | lr=3.51e-08 | loss=2.910163e+01 | e_loss=3.589226e+01 | f_loss=1.398240e+00 | pref_e=0.762 pref_f=243.767 | ETA 2.9h | speed 2.29 step/s (window 2.30) | GPU mem 26/184 MiB | util 24% | grad_norm 1.15e+00
Step  75800 | batch_size= 8 | lr=3.51e-08 | loss=3.115731e+01 | e_loss=3.820977e+01 | f_loss=1.599997e+00 | pref_e=0.763 pref_f=242.768 | ETA 2.9h | speed 2.29 step/s (window 2.29) | GPU mem 26/184 MiB | util 23% | grad_norm 1.15e+00
Step  75900 | batch_size= 8 | lr=3.51e-08 | loss=2.495084e+01 | e_loss=3.048444e+01 | f_loss=1.332707e+00 | pref_e=0.764 pref_f=241.769 | ETA 2.9h | speed 2.29 step/s (window 2.30) | GPU mem 25/184 MiB | util 24% | grad_norm 1.15e+00
Step  76000 | batch_size= 8 | lr=3.51e-08 | loss=3.571151e+01 | e_loss=4.414526e+01 | f_loss=1.570582e+00 | pref_e=0.765 pref_f=240.770 | ETA 2.9h | speed 2.29 step/s (window 2.31) | GPU mem 25/184 MiB | util 23% | grad_norm 1.15e+00
Step  76100 | batch_size= 8 | lr=3.51e-08 | loss=2.874303e+01 | e_loss=3.520202e+01 | f_loss=1.442647e+00 | pref_e=0.766 pref_f=239.771 | ETA 2.9h | speed 2.29 step/s (window 2.33) | GPU mem 25/184 MiB | util 24% | grad_norm 1.15e+00
Step  76200 | batch_size= 8 | lr=3.51e-08 | loss=3.035048e+01 | e_loss=3.724306e+01 | f_loss=1.455175e+00 | pref_e=0.767 pref_f=238.772 | ETA 2.9h | speed 2.29 step/s (window 2.31) | GPU mem 25/184 MiB | util 24% | grad_norm 1.15e+00
Step  76300 | batch_size= 8 | lr=3.51e-08 | loss=2.825510e+01 | e_loss=3.449173e+01 | f_loss=1.442361e+00 | pref_e=0.768 pref_f=237.773 | ETA 2.9h | speed 2.29 step/s (window 2.30) | GPU mem 25/184 MiB | util 23% | grad_norm 1.15e+00
Step  76400 | batch_size= 8 | lr=3.51e-08 | loss=3.128451e+01 | e_loss=3.835323e+01 | f_loss=1.472193e+00 | pref_e=0.769 pref_f=236.774 | ETA 2.9h | speed 2.29 step/s (window 2.30) | GPU mem 26/184 MiB | util 23% | grad_norm 1.15e+00
Step  76500 | batch_size= 8 | lr=3.51e-08 | loss=2.478050e+01 | e_loss=2.992961e+01 | f_loss=1.428531e+00 | pref_e=0.770 pref_f=235.775 | ETA 2.8h | speed 2.29 step/s (window 2.29) | GPU mem 25/184 MiB | util 23% | grad_norm 1.15e+00
Step  76600 | batch_size= 8 | lr=3.51e-08 | loss=3.256564e+01 | e_loss=4.006190e+01 | f_loss=1.395528e+00 | pref_e=0.771 pref_f=234.776 | ETA 2.8h | speed 2.29 step/s (window 2.29) | GPU mem 25/184 MiB | util 23% | grad_norm 1.15e+00
Step  76700 | batch_size= 8 | lr=3.51e-08 | loss=2.810286e+01 | e_loss=3.415359e+01 | f_loss=1.447055e+00 | pref_e=0.772 pref_f=233.777 | ETA 2.8h | speed 2.29 step/s (window 2.31) | GPU mem 25/184 MiB | util 23% | grad_norm 1.15e+00
Step  76800 | batch_size= 8 | lr=3.51e-08 | loss=4.029640e+01 | e_loss=4.950338e+01 | f_loss=1.706732e+00 | pref_e=0.773 pref_f=232.778 | ETA 2.8h | speed 2.29 step/s (window 2.29) | GPU mem 26/184 MiB | util 23% | grad_norm 1.15e+00
Step  76900 | batch_size= 8 | lr=3.51e-08 | loss=4.679585e+01 | e_loss=5.789670e+01 | f_loss=1.680912e+00 | pref_e=0.774 pref_f=231.779 | ETA 2.8h | speed 2.29 step/s (window 2.30) | GPU mem 26/184 MiB | util 22% | grad_norm 1.15e+00
Step  77000 | batch_size= 8 | lr=3.51e-08 | loss=3.845558e+01 | e_loss=4.721370e+01 | f_loss=1.581661e+00 | pref_e=0.775 pref_f=230.780 | ETA 2.8h | speed 2.29 step/s (window 2.26) | GPU mem 26/184 MiB | util 23% | grad_norm 1.15e+00
Step  77100 | batch_size= 8 | lr=3.51e-08 | loss=3.672464e+01 | e_loss=4.480431e+01 | f_loss=1.666654e+00 | pref_e=0.776 pref_f=229.781 | ETA 2.8h | speed 2.29 step/s (window 2.31) | GPU mem 26/184 MiB | util 23% | grad_norm 1.15e+00
Step  77200 | batch_size= 8 | lr=3.51e-08 | loss=3.065915e+01 | e_loss=3.727432e+01 | f_loss=1.449458e+00 | pref_e=0.777 pref_f=228.782 | ETA 2.8h | speed 2.29 step/s (window 2.31) | GPU mem 25/184 MiB | util 23% | grad_norm 1.15e+00
Step  77300 | batch_size= 8 | lr=3.51e-08 | loss=3.518705e+01 | e_loss=4.295924e+01 | f_loss=1.517110e+00 | pref_e=0.778 pref_f=227.783 | ETA 2.7h | speed 2.29 step/s (window 2.28) | GPU mem 25/184 MiB | util 23% | grad_norm 1.15e+00
Step  77400 | batch_size= 8 | lr=3.51e-08 | loss=4.167905e+01 | e_loss=5.086299e+01 | f_loss=1.782308e+00 | pref_e=0.779 pref_f=226.784 | ETA 2.7h | speed 2.29 step/s (window 2.33) | GPU mem 25/184 MiB | util 24% | grad_norm 1.15e+00
Step  77500 | batch_size= 8 | lr=3.51e-08 | loss=3.757861e+01 | e_loss=4.596160e+01 | f_loss=1.510163e+00 | pref_e=0.779 pref_f=225.785 | ETA 2.7h | speed 2.29 step/s (window 2.31) | GPU mem 25/184 MiB | util 24% | grad_norm 1.15e+00
Step  77600 | batch_size= 8 | lr=3.51e-08 | loss=3.079346e+01 | e_loss=3.743171e+01 | f_loss=1.360171e+00 | pref_e=0.780 pref_f=224.786 | ETA 2.7h | speed 2.29 step/s (window 2.31) | GPU mem 25/184 MiB | util 23% | grad_norm 1.15e+00
Step  77700 | batch_size= 8 | lr=3.51e-08 | loss=3.109256e+01 | e_loss=3.762185e+01 | f_loss=1.462421e+00 | pref_e=0.781 pref_f=223.787 | ETA 2.7h | speed 2.29 step/s (window 2.27) | GPU mem 25/184 MiB | util 24% | grad_norm 1.15e+00
Step  77800 | batch_size= 8 | lr=3.51e-08 | loss=3.286167e+01 | e_loss=3.972948e+01 | f_loss=1.544681e+00 | pref_e=0.782 pref_f=222.788 | ETA 2.7h | speed 2.29 step/s (window 2.31) | GPU mem 26/184 MiB | util 24% | grad_norm 1.15e+00
Step  77900 | batch_size= 8 | lr=3.51e-08 | loss=3.865751e+01 | e_loss=4.700369e+01 | f_loss=1.607910e+00 | pref_e=0.783 pref_f=221.789 | ETA 2.7h | speed 2.29 step/s (window 2.29) | GPU mem 26/184 MiB | util 23% | grad_norm 1.15e+00
Step  78000 | batch_size= 8 | lr=3.51e-08 | loss=3.731701e+01 | e_loss=4.533851e+01 | f_loss=1.540403e+00 | pref_e=0.784 pref_f=220.790 | ETA 2.7h | speed 2.29 step/s (window 2.31) | GPU mem 25/184 MiB | util 23% | grad_norm 1.15e+00
Step  78100 | batch_size= 8 | lr=3.51e-08 | loss=2.716479e+01 | e_loss=3.248070e+01 | f_loss=1.455158e+00 | pref_e=0.785 pref_f=219.791 | ETA 2.7h | speed 2.29 step/s (window 2.30) | GPU mem 25/184 MiB | util 24% | grad_norm 1.15e+00
Step  78200 | batch_size= 8 | lr=3.51e-08 | loss=3.101470e+01 | e_loss=3.722549e+01 | f_loss=1.542510e+00 | pref_e=0.786 pref_f=218.792 | ETA 2.6h | speed 2.29 step/s (window 2.30) | GPU mem 25/184 MiB | util 23% | grad_norm 1.15e+00
Step  78300 | batch_size= 8 | lr=3.51e-08 | loss=3.120189e+01 | e_loss=3.761053e+01 | f_loss=1.413529e+00 | pref_e=0.787 pref_f=217.793 | ETA 2.6h | speed 2.29 step/s (window 2.29) | GPU mem 26/184 MiB | util 23% | grad_norm 1.15e+00
Step  78400 | batch_size= 8 | lr=3.51e-08 | loss=2.713780e+01 | e_loss=3.236395e+01 | f_loss=1.447576e+00 | pref_e=0.788 pref_f=216.794 | ETA 2.6h | speed 2.29 step/s (window 2.28) | GPU mem 25/184 MiB | util 24% | grad_norm 1.15e+00
Step  78500 | batch_size= 8 | lr=3.51e-08 | loss=2.883808e+01 | e_loss=3.445934e+01 | f_loss=1.468668e+00 | pref_e=0.789 pref_f=215.795 | ETA 2.6h | speed 2.29 step/s (window 2.31) | GPU mem 25/184 MiB | util 23% | grad_norm 1.15e+00
Step  78600 | batch_size= 8 | lr=3.51e-08 | loss=3.159038e+01 | e_loss=3.782984e+01 | f_loss=1.528222e+00 | pref_e=0.790 pref_f=214.796 | ETA 2.6h | speed 2.29 step/s (window 2.31) | GPU mem 26/184 MiB | util 24% | grad_norm 1.15e+00
Step  78700 | batch_size= 8 | lr=3.51e-08 | loss=3.159665e+01 | e_loss=3.798768e+01 | f_loss=1.397505e+00 | pref_e=0.791 pref_f=213.797 | ETA 2.6h | speed 2.29 step/s (window 2.33) | GPU mem 25/184 MiB | util 24% | grad_norm 1.15e+00
Step  78800 | batch_size= 8 | lr=3.51e-08 | loss=4.017783e+01 | e_loss=4.865763e+01 | f_loss=1.491713e+00 | pref_e=0.792 pref_f=212.798 | ETA 2.6h | speed 2.29 step/s (window 2.32) | GPU mem 26/184 MiB | util 23% | grad_norm 1.15e+00
Step  78900 | batch_size= 8 | lr=3.51e-08 | loss=2.319273e+01 | e_loss=2.753365e+01 | f_loss=1.234509e+00 | pref_e=0.793 pref_f=211.799 | ETA 2.6h | speed 2.29 step/s (window 2.31) | GPU mem 26/184 MiB | util 24% | grad_norm 1.15e+00
Step  79000 | batch_size= 8 | lr=3.51e-08 | loss=3.632405e+01 | e_loss=4.371131e+01 | f_loss=1.479991e+00 | pref_e=0.794 pref_f=210.800 | ETA 2.5h | speed 2.29 step/s (window 2.29) | GPU mem 26/184 MiB | util 24% | grad_norm 1.15e+00
Step  79100 | batch_size= 8 | lr=3.51e-08 | loss=2.947432e+01 | e_loss=3.513448e+01 | f_loss=1.417109e+00 | pref_e=0.795 pref_f=209.801 | ETA 2.5h | speed 2.29 step/s (window 2.30) | GPU mem 26/184 MiB | util 24% | grad_norm 1.15e+00
Step  79200 | batch_size= 8 | lr=3.51e-08 | loss=2.828324e+01 | e_loss=3.349925e+01 | f_loss=1.496621e+00 | pref_e=0.796 pref_f=208.802 | ETA 2.5h | speed 2.29 step/s (window 2.30) | GPU mem 26/184 MiB | util 24% | grad_norm 1.15e+00
Step  79300 | batch_size= 8 | lr=3.51e-08 | loss=3.959010e+01 | e_loss=4.738518e+01 | f_loss=1.695337e+00 | pref_e=0.797 pref_f=207.803 | ETA 2.5h | speed 2.29 step/s (window 2.31) | GPU mem 25/184 MiB | util 24% | grad_norm 1.15e+00
Step  79400 | batch_size= 8 | lr=3.51e-08 | loss=3.851299e+01 | e_loss=4.619080e+01 | f_loss=1.550534e+00 | pref_e=0.798 pref_f=206.804 | ETA 2.5h | speed 2.29 step/s (window 2.31) | GPU mem 26/184 MiB | util 24% | grad_norm 1.15e+00
Step  79500 | batch_size= 8 | lr=3.51e-08 | loss=2.898172e+01 | e_loss=3.434903e+01 | f_loss=1.443859e+00 | pref_e=0.799 pref_f=205.805 | ETA 2.5h | speed 2.29 step/s (window 2.29) | GPU mem 26/184 MiB | util 24% | grad_norm 1.15e+00
Step  79600 | batch_size= 8 | lr=3.51e-08 | loss=3.242579e+01 | e_loss=3.859167e+01 | f_loss=1.468197e+00 | pref_e=0.800 pref_f=204.806 | ETA 2.5h | speed 2.29 step/s (window 2.31) | GPU mem 26/184 MiB | util 23% | grad_norm 1.15e+00
Step  79700 | batch_size= 8 | lr=3.51e-08 | loss=3.384916e+01 | e_loss=4.032088e+01 | f_loss=1.471839e+00 | pref_e=0.801 pref_f=203.807 | ETA 2.5h | speed 2.29 step/s (window 2.31) | GPU mem 25/184 MiB | util 23% | grad_norm 1.15e+00
Step  79800 | batch_size= 8 | lr=3.51e-08 | loss=4.436859e+01 | e_loss=5.308136e+01 | f_loss=1.721246e+00 | pref_e=0.802 pref_f=202.808 | ETA 2.4h | speed 2.29 step/s (window 2.28) | GPU mem 26/184 MiB | util 24% | grad_norm 1.15e+00
Step  79900 | batch_size= 8 | lr=3.51e-08 | loss=4.076121e+01 | e_loss=4.856544e+01 | f_loss=1.693187e+00 | pref_e=0.803 pref_f=201.809 | ETA 2.4h | speed 2.29 step/s (window 2.28) | GPU mem 26/184 MiB | util 23% | grad_norm 1.15e+00
Step  80000 | batch_size= 8 | lr=3.51e-08 | loss=2.640385e+01 | e_loss=3.114470e+01 | f_loss=1.316739e+00 | pref_e=0.804 pref_f=200.810 | ETA 2.4h | speed 2.29 step/s (window 2.28) | GPU mem 25/184 MiB | util 23% | grad_norm 1.15e+00
Saved checkpoint to checkpoints_cuda_opt/model_step80000.pt
Step  80100 | batch_size= 8 | lr=3.51e-08 | loss=3.926402e+01 | e_loss=4.667802e+01 | f_loss=1.637084e+00 | pref_e=0.805 pref_f=199.811 | ETA 2.4h | speed 2.29 step/s (window 2.28) | GPU mem 25/184 MiB | util 23% | grad_norm 1.15e+00
Step  80200 | batch_size= 8 | lr=3.51e-08 | loss=3.548472e+01 | e_loss=4.191305e+01 | f_loss=1.659503e+00 | pref_e=0.806 pref_f=198.812 | ETA 2.4h | speed 2.29 step/s (window 2.30) | GPU mem 25/184 MiB | util 23% | grad_norm 1.15e+00
Step  80300 | batch_size= 8 | lr=3.51e-08 | loss=2.935331e+01 | e_loss=3.470494e+01 | f_loss=1.321779e+00 | pref_e=0.807 pref_f=197.813 | ETA 2.4h | speed 2.29 step/s (window 2.28) | GPU mem 25/184 MiB | util 23% | grad_norm 1.15e+00
Step  80400 | batch_size= 8 | lr=3.51e-08 | loss=3.574103e+01 | e_loss=4.241316e+01 | f_loss=1.455832e+00 | pref_e=0.808 pref_f=196.814 | ETA 2.4h | speed 2.29 step/s (window 2.31) | GPU mem 26/184 MiB | util 24% | grad_norm 1.15e+00
Step  80500 | batch_size= 8 | lr=3.51e-08 | loss=2.462123e+01 | e_loss=2.876813e+01 | f_loss=1.335317e+00 | pref_e=0.809 pref_f=195.815 | ETA 2.4h | speed 2.29 step/s (window 2.31) | GPU mem 26/184 MiB | util 23% | grad_norm 1.15e+00
Step  80600 | batch_size= 8 | lr=3.51e-08 | loss=3.253810e+01 | e_loss=3.840664e+01 | f_loss=1.428142e+00 | pref_e=0.810 pref_f=194.816 | ETA 2.3h | speed 2.29 step/s (window 2.28) | GPU mem 26/184 MiB | util 23% | grad_norm 1.15e+00
Step  80700 | batch_size= 8 | lr=3.51e-08 | loss=2.701898e+01 | e_loss=3.161849e+01 | f_loss=1.378333e+00 | pref_e=0.811 pref_f=193.817 | ETA 2.3h | speed 2.29 step/s (window 2.29) | GPU mem 26/184 MiB | util 24% | grad_norm 1.15e+00
Step  80800 | batch_size= 8 | lr=3.51e-08 | loss=4.196316e+01 | e_loss=4.971339e+01 | f_loss=1.613321e+00 | pref_e=0.812 pref_f=192.818 | ETA 2.3h | speed 2.29 step/s (window 2.30) | GPU mem 26/184 MiB | util 23% | grad_norm 1.15e+00
Step  80900 | batch_size= 8 | lr=3.51e-08 | loss=3.023133e+01 | e_loss=3.553705e+01 | f_loss=1.363472e+00 | pref_e=0.813 pref_f=191.819 | ETA 2.3h | speed 2.29 step/s (window 2.29) | GPU mem 25/184 MiB | util 23% | grad_norm 1.15e+00
Step  81000 | batch_size= 8 | lr=3.51e-08 | loss=3.286063e+01 | e_loss=3.860731e+01 | f_loss=1.467531e+00 | pref_e=0.814 pref_f=190.820 | ETA 2.3h | speed 2.29 step/s (window 2.28) | GPU mem 25/184 MiB | util 23% | grad_norm 1.15e+00
Step  81100 | batch_size= 8 | lr=3.51e-08 | loss=4.471771e+01 | e_loss=5.271022e+01 | f_loss=1.810560e+00 | pref_e=0.815 pref_f=189.821 | ETA 2.3h | speed 2.29 step/s (window 2.30) | GPU mem 25/184 MiB | util 23% | grad_norm 1.15e+00
Step  81200 | batch_size= 8 | lr=3.51e-08 | loss=2.835527e+01 | e_loss=3.305895e+01 | f_loss=1.423500e+00 | pref_e=0.816 pref_f=188.822 | ETA 2.3h | speed 2.29 step/s (window 2.30) | GPU mem 26/184 MiB | util 24% | grad_norm 1.15e+00
Step  81300 | batch_size= 8 | lr=3.51e-08 | loss=3.558093e+01 | e_loss=4.180050e+01 | f_loss=1.485155e+00 | pref_e=0.817 pref_f=187.823 | ETA 2.3h | speed 2.29 step/s (window 2.29) | GPU mem 25/184 MiB | util 23% | grad_norm 1.15e+00
Step  81400 | batch_size= 8 | lr=3.51e-08 | loss=3.598791e+01 | e_loss=4.207060e+01 | f_loss=1.650766e+00 | pref_e=0.818 pref_f=186.824 | ETA 2.3h | speed 2.29 step/s (window 2.30) | GPU mem 25/184 MiB | util 23% | grad_norm 1.15e+00
Step  81500 | batch_size= 8 | lr=3.51e-08 | loss=2.926391e+01 | e_loss=3.399516e+01 | f_loss=1.492304e+00 | pref_e=0.819 pref_f=185.825 | ETA 2.2h | speed 2.29 step/s (window 2.30) | GPU mem 25/184 MiB | util 24% | grad_norm 1.15e+00
Step  81600 | batch_size= 8 | lr=3.51e-08 | loss=4.939879e+01 | e_loss=5.812865e+01 | f_loss=1.845053e+00 | pref_e=0.820 pref_f=184.826 | ETA 2.2h | speed 2.29 step/s (window 2.30) | GPU mem 25/184 MiB | util 24% | grad_norm 1.15e+00
Step  81700 | batch_size= 8 | lr=3.51e-08 | loss=3.378008e+01 | e_loss=3.941562e+01 | f_loss=1.516810e+00 | pref_e=0.821 pref_f=183.827 | ETA 2.2h | speed 2.29 step/s (window 2.30) | GPU mem 25/184 MiB | util 23% | grad_norm 1.15e+00
Step  81800 | batch_size= 8 | lr=3.51e-08 | loss=3.323567e+01 | e_loss=3.862599e+01 | f_loss=1.588024e+00 | pref_e=0.822 pref_f=182.828 | ETA 2.2h | speed 2.29 step/s (window 2.27) | GPU mem 26/184 MiB | util 23% | grad_norm 1.15e+00
Step  81900 | batch_size= 8 | lr=3.51e-08 | loss=3.833960e+01 | e_loss=4.481069e+01 | f_loss=1.578260e+00 | pref_e=0.823 pref_f=181.829 | ETA 2.2h | speed 2.29 step/s (window 2.29) | GPU mem 26/184 MiB | util 24% | grad_norm 1.15e+00
Step  82000 | batch_size= 8 | lr=3.51e-08 | loss=3.960622e+01 | e_loss=4.624197e+01 | f_loss=1.635497e+00 | pref_e=0.824 pref_f=180.830 | ETA 2.2h | speed 2.29 step/s (window 2.30) | GPU mem 26/184 MiB | util 23% | grad_norm 1.15e+00
Step  82100 | batch_size= 8 | lr=3.51e-08 | loss=2.750847e+01 | e_loss=3.189434e+01 | f_loss=1.301901e+00 | pref_e=0.825 pref_f=179.831 | ETA 2.2h | speed 2.29 step/s (window 2.30) | GPU mem 26/184 MiB | util 24% | grad_norm 1.15e+00
Step  82200 | batch_size= 8 | lr=3.51e-08 | loss=3.192858e+01 | e_loss=3.705580e+01 | f_loss=1.453702e+00 | pref_e=0.826 pref_f=178.832 | ETA 2.2h | speed 2.29 step/s (window 2.31) | GPU mem 25/184 MiB | util 24% | grad_norm 1.15e+00
Step  82300 | batch_size= 8 | lr=3.51e-08 | loss=4.076076e+01 | e_loss=4.756171e+01 | f_loss=1.586857e+00 | pref_e=0.827 pref_f=177.833 | ETA 2.1h | speed 2.29 step/s (window 2.30) | GPU mem 25/184 MiB | util 23% | grad_norm 1.15e+00
Step  82400 | batch_size= 8 | lr=3.51e-08 | loss=4.655322e+01 | e_loss=5.440706e+01 | f_loss=1.683744e+00 | pref_e=0.828 pref_f=176.834 | ETA 2.1h | speed 2.29 step/s (window 2.30) | GPU mem 26/184 MiB | util 24% | grad_norm 1.15e+00
Step  82500 | batch_size= 8 | lr=3.51e-08 | loss=2.512334e+01 | e_loss=2.894029e+01 | f_loss=1.262677e+00 | pref_e=0.828 pref_f=175.835 | ETA 2.1h | speed 2.29 step/s (window 2.30) | GPU mem 25/184 MiB | util 24% | grad_norm 1.15e+00
Step  82600 | batch_size= 8 | lr=3.51e-08 | loss=2.959683e+01 | e_loss=3.407895e+01 | f_loss=1.475587e+00 | pref_e=0.829 pref_f=174.836 | ETA 2.1h | speed 2.29 step/s (window 2.31) | GPU mem 26/184 MiB | util 23% | grad_norm 1.15e+00
Step  82700 | batch_size= 8 | lr=3.51e-08 | loss=3.856443e+01 | e_loss=4.460814e+01 | f_loss=1.698022e+00 | pref_e=0.830 pref_f=173.837 | ETA 2.1h | speed 2.29 step/s (window 2.29) | GPU mem 25/184 MiB | util 23% | grad_norm 1.15e+00
Step  82800 | batch_size= 8 | lr=3.51e-08 | loss=2.739678e+01 | e_loss=3.148705e+01 | f_loss=1.366753e+00 | pref_e=0.831 pref_f=172.838 | ETA 2.1h | speed 2.29 step/s (window 2.31) | GPU mem 25/184 MiB | util 24% | grad_norm 1.15e+00
Step  82900 | batch_size= 8 | lr=3.51e-08 | loss=3.629615e+01 | e_loss=4.198436e+01 | f_loss=1.520765e+00 | pref_e=0.832 pref_f=171.839 | ETA 2.1h | speed 2.29 step/s (window 2.28) | GPU mem 26/184 MiB | util 23% | grad_norm 1.15e+00
Step  83000 | batch_size= 8 | lr=3.51e-08 | loss=4.118556e+01 | e_loss=4.768138e+01 | f_loss=1.648552e+00 | pref_e=0.833 pref_f=170.840 | ETA 2.1h | speed 2.29 step/s (window 2.29) | GPU mem 25/184 MiB | util 24% | grad_norm 1.15e+00
Step  83100 | batch_size= 8 | lr=3.51e-08 | loss=3.605951e+01 | e_loss=4.171461e+01 | f_loss=1.441529e+00 | pref_e=0.834 pref_f=169.841 | ETA 2.0h | speed 2.29 step/s (window 2.33) | GPU mem 25/184 MiB | util 24% | grad_norm 1.15e+00
Step  83200 | batch_size= 8 | lr=3.51e-08 | loss=4.678825e+01 | e_loss=5.418616e+01 | f_loss=1.753059e+00 | pref_e=0.835 pref_f=168.842 | ETA 2.0h | speed 2.29 step/s (window 2.29) | GPU mem 25/184 MiB | util 24% | grad_norm 1.15e+00
Step  83300 | batch_size= 8 | lr=3.51e-08 | loss=3.072979e+01 | e_loss=3.519654e+01 | f_loss=1.492830e+00 | pref_e=0.836 pref_f=167.843 | ETA 2.0h | speed 2.29 step/s (window 2.33) | GPU mem 26/184 MiB | util 24% | grad_norm 1.15e+00
Step  83400 | batch_size= 8 | lr=3.51e-08 | loss=2.751722e+01 | e_loss=3.155479e+01 | f_loss=1.275796e+00 | pref_e=0.837 pref_f=166.844 | ETA 2.0h | speed 2.29 step/s (window 2.33) | GPU mem 25/184 MiB | util 24% | grad_norm 1.15e+00
Step  83500 | batch_size= 8 | lr=3.51e-08 | loss=4.162124e+01 | e_loss=4.805148e+01 | f_loss=1.570467e+00 | pref_e=0.838 pref_f=165.845 | ETA 2.0h | speed 2.29 step/s (window 2.30) | GPU mem 25/184 MiB | util 24% | grad_norm 1.15e+00
Step  83600 | batch_size= 8 | lr=3.51e-08 | loss=3.345894e+01 | e_loss=3.829329e+01 | f_loss=1.554535e+00 | pref_e=0.839 pref_f=164.846 | ETA 2.0h | speed 2.29 step/s (window 2.29) | GPU mem 25/184 MiB | util 23% | grad_norm 1.15e+00
Step  83700 | batch_size= 8 | lr=3.51e-08 | loss=4.218748e+01 | e_loss=4.861454e+01 | f_loss=1.590603e+00 | pref_e=0.840 pref_f=163.847 | ETA 2.0h | speed 2.29 step/s (window 2.29) | GPU mem 26/184 MiB | util 23% | grad_norm 1.15e+00
Step  83800 | batch_size= 8 | lr=3.51e-08 | loss=2.905207e+01 | e_loss=3.313380e+01 | f_loss=1.402546e+00 | pref_e=0.841 pref_f=162.848 | ETA 2.0h | speed 2.29 step/s (window 2.28) | GPU mem 25/184 MiB | util 23% | grad_norm 1.15e+00
Step  83900 | batch_size= 8 | lr=3.51e-08 | loss=3.195009e+01 | e_loss=3.649459e+01 | f_loss=1.458310e+00 | pref_e=0.842 pref_f=161.849 | ETA 1.9h | speed 2.29 step/s (window 2.27) | GPU mem 26/184 MiB | util 24% | grad_norm 1.15e+00
Step  84000 | batch_size= 8 | lr=3.51e-08 | loss=3.735108e+01 | e_loss=4.267967e+01 | f_loss=1.644354e+00 | pref_e=0.843 pref_f=160.850 | ETA 1.9h | speed 2.29 step/s (window 2.31) | GPU mem 26/184 MiB | util 23% | grad_norm 1.15e+00
Step  84100 | batch_size= 8 | lr=3.51e-08 | loss=3.381360e+01 | e_loss=3.852240e+01 | f_loss=1.572864e+00 | pref_e=0.844 pref_f=159.851 | ETA 1.9h | speed 2.29 step/s (window 2.30) | GPU mem 25/184 MiB | util 23% | grad_norm 1.15e+00
Step  84200 | batch_size= 8 | lr=3.51e-08 | loss=3.172201e+01 | e_loss=3.614885e+01 | f_loss=1.430547e+00 | pref_e=0.845 pref_f=158.852 | ETA 1.9h | speed 2.29 step/s (window 2.30) | GPU mem 25/184 MiB | util 23% | grad_norm 1.15e+00
Step  84300 | batch_size= 8 | lr=3.51e-08 | loss=3.717013e+01 | e_loss=4.245441e+01 | f_loss=1.535735e+00 | pref_e=0.846 pref_f=157.853 | ETA 1.9h | speed 2.29 step/s (window 2.28) | GPU mem 25/184 MiB | util 23% | grad_norm 1.15e+00
Step  84400 | batch_size= 8 | lr=3.51e-08 | loss=3.750910e+01 | e_loss=4.292431e+01 | f_loss=1.424717e+00 | pref_e=0.847 pref_f=156.854 | ETA 1.9h | speed 2.29 step/s (window 2.29) | GPU mem 25/184 MiB | util 23% | grad_norm 1.15e+00
Step  84500 | batch_size= 8 | lr=3.51e-08 | loss=2.680900e+01 | e_loss=3.034764e+01 | f_loss=1.331406e+00 | pref_e=0.848 pref_f=155.855 | ETA 1.9h | speed 2.29 step/s (window 2.30) | GPU mem 25/184 MiB | util 24% | grad_norm 1.15e+00
Step  84600 | batch_size= 8 | lr=3.51e-08 | loss=4.186537e+01 | e_loss=4.780735e+01 | f_loss=1.603307e+00 | pref_e=0.849 pref_f=154.856 | ETA 1.9h | speed 2.29 step/s (window 2.31) | GPU mem 26/184 MiB | util 23% | grad_norm 1.15e+00
Step  84700 | batch_size= 8 | lr=3.51e-08 | loss=3.835980e+01 | e_loss=4.373097e+01 | f_loss=1.501789e+00 | pref_e=0.850 pref_f=153.857 | ETA 1.9h | speed 2.29 step/s (window 2.33) | GPU mem 26/184 MiB | util 24% | grad_norm 1.15e+00
Step  84800 | batch_size= 8 | lr=3.51e-08 | loss=2.392073e+01 | e_loss=2.686366e+01 | f_loss=1.343207e+00 | pref_e=0.851 pref_f=152.858 | ETA 1.8h | speed 2.29 step/s (window 2.30) | GPU mem 25/184 MiB | util 23% | grad_norm 1.15e+00
Step  84900 | batch_size= 8 | lr=3.51e-08 | loss=4.682668e+01 | e_loss=5.345276e+01 | f_loss=1.648919e+00 | pref_e=0.852 pref_f=151.859 | ETA 1.8h | speed 2.29 step/s (window 2.29) | GPU mem 26/184 MiB | util 24% | grad_norm 1.15e+00
Step  85000 | batch_size= 8 | lr=3.51e-08 | loss=3.135937e+01 | e_loss=3.542359e+01 | f_loss=1.476085e+00 | pref_e=0.853 pref_f=150.860 | ETA 1.8h | speed 2.29 step/s (window 2.29) | GPU mem 25/184 MiB | util 23% | grad_norm 1.15e+00
Step  85100 | batch_size= 8 | lr=3.51e-08 | loss=3.003028e+01 | e_loss=3.390639e+01 | f_loss=1.394122e+00 | pref_e=0.854 pref_f=149.861 | ETA 1.8h | speed 2.29 step/s (window 2.28) | GPU mem 25/184 MiB | util 23% | grad_norm 1.15e+00
Step  85200 | batch_size= 8 | lr=3.51e-08 | loss=3.402404e+01 | e_loss=3.849111e+01 | f_loss=1.462251e+00 | pref_e=0.855 pref_f=148.862 | ETA 1.8h | speed 2.29 step/s (window 2.31) | GPU mem 25/184 MiB | util 24% | grad_norm 1.15e+00
Step  85300 | batch_size= 8 | lr=3.51e-08 | loss=3.310893e+01 | e_loss=3.744851e+01 | f_loss=1.390986e+00 | pref_e=0.856 pref_f=147.863 | ETA 1.8h | speed 2.29 step/s (window 2.29) | GPU mem 25/184 MiB | util 24% | grad_norm 1.15e+00
Step  85400 | batch_size= 8 | lr=3.51e-08 | loss=4.428191e+01 | e_loss=5.020926e+01 | f_loss=1.670239e+00 | pref_e=0.857 pref_f=146.864 | ETA 1.8h | speed 2.29 step/s (window 2.32) | GPU mem 25/184 MiB | util 23% | grad_norm 1.15e+00
Step  85500 | batch_size= 8 | lr=3.51e-08 | loss=3.797971e+01 | e_loss=4.294625e+01 | f_loss=1.515400e+00 | pref_e=0.858 pref_f=145.865 | ETA 1.8h | speed 2.29 step/s (window 2.30) | GPU mem 26/184 MiB | util 23% | grad_norm 1.15e+00
Step  85600 | batch_size= 8 | lr=3.51e-08 | loss=4.969999e+01 | e_loss=5.631454e+01 | f_loss=1.801164e+00 | pref_e=0.859 pref_f=144.866 | ETA 1.7h | speed 2.29 step/s (window 2.29) | GPU mem 25/184 MiB | util 23% | grad_norm 1.15e+00
Step  85700 | batch_size= 8 | lr=3.51e-08 | loss=3.449580e+01 | e_loss=3.886760e+01 | f_loss=1.454651e+00 | pref_e=0.860 pref_f=143.867 | ETA 1.7h | speed 2.29 step/s (window 2.28) | GPU mem 25/184 MiB | util 23% | grad_norm 1.15e+00
Step  85800 | batch_size= 8 | lr=3.51e-08 | loss=3.076860e+01 | e_loss=3.450846e+01 | f_loss=1.442534e+00 | pref_e=0.861 pref_f=142.868 | ETA 1.7h | speed 2.29 step/s (window 2.30) | GPU mem 26/184 MiB | util 23% | grad_norm 1.15e+00
Step  85900 | batch_size= 8 | lr=3.51e-08 | loss=3.681272e+01 | e_loss=4.144959e+01 | f_loss=1.503117e+00 | pref_e=0.862 pref_f=141.869 | ETA 1.7h | speed 2.29 step/s (window 2.28) | GPU mem 25/184 MiB | util 22% | grad_norm 1.15e+00
Step  86000 | batch_size= 8 | lr=3.51e-08 | loss=2.716933e+01 | e_loss=3.021082e+01 | f_loss=1.522329e+00 | pref_e=0.863 pref_f=140.870 | ETA 1.7h | speed 2.29 step/s (window 2.27) | GPU mem 26/184 MiB | util 24% | grad_norm 1.15e+00
Step  86100 | batch_size= 8 | lr=3.51e-08 | loss=3.233721e+01 | e_loss=3.620338e+01 | f_loss=1.482188e+00 | pref_e=0.864 pref_f=139.871 | ETA 1.7h | speed 2.29 step/s (window 2.30) | GPU mem 25/184 MiB | util 23% | grad_norm 1.15e+00
Step  86200 | batch_size= 8 | lr=3.51e-08 | loss=4.350696e+01 | e_loss=4.899154e+01 | f_loss=1.608351e+00 | pref_e=0.865 pref_f=138.872 | ETA 1.7h | speed 2.29 step/s (window 2.28) | GPU mem 25/184 MiB | util 23% | grad_norm 1.15e+00
Step  86300 | batch_size= 8 | lr=3.51e-08 | loss=3.508879e+01 | e_loss=3.936649e+01 | f_loss=1.425033e+00 | pref_e=0.866 pref_f=137.873 | ETA 1.7h | speed 2.29 step/s (window 2.32) | GPU mem 25/184 MiB | util 24% | grad_norm 1.15e+00
Step  86400 | batch_size= 8 | lr=3.51e-08 | loss=4.939407e+01 | e_loss=5.556222e+01 | f_loss=1.769160e+00 | pref_e=0.867 pref_f=136.874 | ETA 1.6h | speed 2.29 step/s (window 2.31) | GPU mem 25/184 MiB | util 23% | grad_norm 1.15e+00
Step  86500 | batch_size= 8 | lr=3.51e-08 | loss=3.368645e+01 | e_loss=3.758222e+01 | f_loss=1.538683e+00 | pref_e=0.868 pref_f=135.875 | ETA 1.6h | speed 2.29 step/s (window 2.30) | GPU mem 25/184 MiB | util 23% | grad_norm 1.15e+00
Step  86600 | batch_size= 8 | lr=3.51e-08 | loss=3.645671e+01 | e_loss=4.068670e+01 | f_loss=1.603244e+00 | pref_e=0.869 pref_f=134.876 | ETA 1.6h | speed 2.29 step/s (window 2.31) | GPU mem 25/184 MiB | util 24% | grad_norm 1.15e+00
Step  86700 | batch_size= 8 | lr=3.51e-08 | loss=4.366647e+01 | e_loss=4.893848e+01 | f_loss=1.618025e+00 | pref_e=0.870 pref_f=133.877 | ETA 1.6h | speed 2.29 step/s (window 2.31) | GPU mem 25/184 MiB | util 23% | grad_norm 1.15e+00
Step  86800 | batch_size= 8 | lr=3.51e-08 | loss=2.575217e+01 | e_loss=2.860333e+01 | f_loss=1.239906e+00 | pref_e=0.871 pref_f=132.878 | ETA 1.6h | speed 2.29 step/s (window 2.28) | GPU mem 25/184 MiB | util 23% | grad_norm 1.15e+00
Step  86900 | batch_size= 8 | lr=3.51e-08 | loss=3.080185e+01 | e_loss=3.424486e+01 | f_loss=1.407780e+00 | pref_e=0.872 pref_f=131.879 | ETA 1.6h | speed 2.29 step/s (window 2.30) | GPU mem 25/184 MiB | util 24% | grad_norm 1.15e+00
Step  87000 | batch_size= 8 | lr=3.51e-08 | loss=3.815759e+01 | e_loss=4.252912e+01 | f_loss=1.557471e+00 | pref_e=0.873 pref_f=130.880 | ETA 1.6h | speed 2.29 step/s (window 2.29) | GPU mem 25/184 MiB | util 24% | grad_norm 1.15e+00
Step  87100 | batch_size= 8 | lr=3.51e-08 | loss=2.934832e+01 | e_loss=3.248938e+01 | f_loss=1.444111e+00 | pref_e=0.874 pref_f=129.881 | ETA 1.6h | speed 2.29 step/s (window 2.29) | GPU mem 25/184 MiB | util 24% | grad_norm 1.15e+00
Step  87200 | batch_size= 8 | lr=3.51e-08 | loss=4.075936e+01 | e_loss=4.533929e+01 | f_loss=1.676858e+00 | pref_e=0.875 pref_f=128.882 | ETA 1.5h | speed 2.29 step/s (window 2.30) | GPU mem 25/184 MiB | util 24% | grad_norm 1.15e+00
Step  87300 | batch_size= 8 | lr=3.51e-08 | loss=1.729284e+01 | e_loss=1.888795e+01 | f_loss=1.145201e+00 | pref_e=0.876 pref_f=127.883 | ETA 1.5h | speed 2.29 step/s (window 2.28) | GPU mem 25/184 MiB | util 23% | grad_norm 1.15e+00
Step  87400 | batch_size= 8 | lr=3.51e-08 | loss=4.344537e+01 | e_loss=4.836672e+01 | f_loss=1.624211e+00 | pref_e=0.877 pref_f=126.884 | ETA 1.5h | speed 2.29 step/s (window 2.32) | GPU mem 25/184 MiB | util 23% | grad_norm 1.15e+00
Step  87500 | batch_size= 8 | lr=3.51e-08 | loss=4.260877e+01 | e_loss=4.741128e+01 | f_loss=1.565861e+00 | pref_e=0.877 pref_f=125.885 | ETA 1.5h | speed 2.29 step/s (window 2.29) | GPU mem 26/184 MiB | util 23% | grad_norm 1.15e+00
Step  87600 | batch_size= 8 | lr=3.51e-08 | loss=2.818453e+01 | e_loss=3.114734e+01 | f_loss=1.281031e+00 | pref_e=0.878 pref_f=124.886 | ETA 1.5h | speed 2.29 step/s (window 2.30) | GPU mem 25/184 MiB | util 23% | grad_norm 1.15e+00
Step  87700 | batch_size= 8 | lr=3.51e-08 | loss=2.964994e+01 | e_loss=3.264886e+01 | f_loss=1.473193e+00 | pref_e=0.879 pref_f=123.887 | ETA 1.5h | speed 2.29 step/s (window 2.31) | GPU mem 25/184 MiB | util 23% | grad_norm 1.15e+00
Step  87800 | batch_size= 8 | lr=3.51e-08 | loss=4.583259e+01 | e_loss=5.093713e+01 | f_loss=1.575377e+00 | pref_e=0.880 pref_f=122.888 | ETA 1.5h | speed 2.29 step/s (window 2.30) | GPU mem 25/184 MiB | util 23% | grad_norm 1.15e+00
Step  87900 | batch_size= 8 | lr=3.51e-08 | loss=3.619401e+01 | e_loss=3.998023e+01 | f_loss=1.528137e+00 | pref_e=0.881 pref_f=121.889 | ETA 1.5h | speed 2.29 step/s (window 2.31) | GPU mem 25/184 MiB | util 24% | grad_norm 1.15e+00
Step  88000 | batch_size= 8 | lr=3.51e-08 | loss=3.534025e+01 | e_loss=3.897435e+01 | f_loss=1.527236e+00 | pref_e=0.882 pref_f=120.890 | ETA 1.5h | speed 2.29 step/s (window 2.26) | GPU mem 25/184 MiB | util 23% | grad_norm 1.15e+00
Step  88100 | batch_size= 8 | lr=3.51e-08 | loss=2.987798e+01 | e_loss=3.276716e+01 | f_loss=1.509242e+00 | pref_e=0.883 pref_f=119.891 | ETA 1.4h | speed 2.29 step/s (window 2.30) | GPU mem 25/184 MiB | util 24% | grad_norm 1.15e+00
Step  88200 | batch_size= 8 | lr=3.51e-08 | loss=4.466383e+01 | e_loss=4.935447e+01 | f_loss=1.672831e+00 | pref_e=0.884 pref_f=118.892 | ETA 1.4h | speed 2.29 step/s (window 2.29) | GPU mem 25/184 MiB | util 23% | grad_norm 1.15e+00
Step  88300 | batch_size= 8 | lr=3.51e-08 | loss=4.020299e+01 | e_loss=4.438427e+01 | f_loss=1.507292e+00 | pref_e=0.885 pref_f=117.893 | ETA 1.4h | speed 2.29 step/s (window 2.29) | GPU mem 25/184 MiB | util 23% | grad_norm 1.15e+00
Step  88400 | batch_size= 8 | lr=3.51e-08 | loss=3.533531e+01 | e_loss=3.887980e+01 | f_loss=1.459376e+00 | pref_e=0.886 pref_f=116.894 | ETA 1.4h | speed 2.29 step/s (window 2.29) | GPU mem 25/184 MiB | util 24% | grad_norm 1.15e+00
Step  88500 | batch_size= 8 | lr=3.51e-08 | loss=3.880448e+01 | e_loss=4.270201e+01 | f_loss=1.543290e+00 | pref_e=0.887 pref_f=115.895 | ETA 1.4h | speed 2.29 step/s (window 2.28) | GPU mem 26/184 MiB | util 24% | grad_norm 1.15e+00
Step  88600 | batch_size= 8 | lr=3.51e-08 | loss=3.200398e+01 | e_loss=3.501746e+01 | f_loss=1.518523e+00 | pref_e=0.888 pref_f=114.896 | ETA 1.4h | speed 2.29 step/s (window 2.29) | GPU mem 25/184 MiB | util 23% | grad_norm 1.15e+00
Step  88700 | batch_size= 8 | lr=3.51e-08 | loss=3.215905e+01 | e_loss=3.521304e+01 | f_loss=1.446418e+00 | pref_e=0.889 pref_f=113.897 | ETA 1.4h | speed 2.29 step/s (window 2.29) | GPU mem 25/184 MiB | util 23% | grad_norm 1.15e+00
Step  88800 | batch_size= 8 | lr=3.51e-08 | loss=4.156418e+01 | e_loss=4.568392e+01 | f_loss=1.549770e+00 | pref_e=0.890 pref_f=112.898 | ETA 1.4h | speed 2.29 step/s (window 2.30) | GPU mem 25/184 MiB | util 24% | grad_norm 1.15e+00
Step  88900 | batch_size= 8 | lr=3.51e-08 | loss=4.320250e+01 | e_loss=4.748004e+01 | f_loss=1.561329e+00 | pref_e=0.891 pref_f=111.899 | ETA 1.3h | speed 2.29 step/s (window 2.29) | GPU mem 25/184 MiB | util 23% | grad_norm 1.15e+00
Step  89000 | batch_size= 8 | lr=3.51e-08 | loss=3.245793e+01 | e_loss=3.550187e+01 | f_loss=1.380775e+00 | pref_e=0.892 pref_f=110.900 | ETA 1.3h | speed 2.29 step/s (window 2.29) | GPU mem 25/184 MiB | util 23% | grad_norm 1.15e+00
Step  89100 | batch_size= 8 | lr=3.51e-08 | loss=3.575089e+01 | e_loss=3.909542e+01 | f_loss=1.475680e+00 | pref_e=0.893 pref_f=109.901 | ETA 1.3h | speed 2.29 step/s (window 2.31) | GPU mem 26/184 MiB | util 24% | grad_norm 1.15e+00
Step  89200 | batch_size= 8 | lr=3.51e-08 | loss=3.912714e+01 | e_loss=4.285132e+01 | f_loss=1.469158e+00 | pref_e=0.894 pref_f=108.902 | ETA 1.3h | speed 2.29 step/s (window 2.31) | GPU mem 25/184 MiB | util 24% | grad_norm 1.15e+00
Step  89300 | batch_size= 8 | lr=3.51e-08 | loss=3.818472e+01 | e_loss=4.170620e+01 | f_loss=1.547341e+00 | pref_e=0.895 pref_f=107.903 | ETA 1.3h | speed 2.29 step/s (window 2.29) | GPU mem 26/184 MiB | util 22% | grad_norm 1.15e+00
Step  89400 | batch_size= 8 | lr=3.51e-08 | loss=3.184182e+01 | e_loss=3.465525e+01 | f_loss=1.441647e+00 | pref_e=0.896 pref_f=106.904 | ETA 1.3h | speed 2.29 step/s (window 2.29) | GPU mem 26/184 MiB | util 23% | grad_norm 1.15e+00
Step  89500 | batch_size= 8 | lr=3.51e-08 | loss=3.301499e+01 | e_loss=3.591925e+01 | f_loss=1.463788e+00 | pref_e=0.897 pref_f=105.905 | ETA 1.3h | speed 2.29 step/s (window 2.31) | GPU mem 26/184 MiB | util 23% | grad_norm 1.15e+00
Step  89600 | batch_size= 8 | lr=3.51e-08 | loss=3.249444e+01 | e_loss=3.528663e+01 | f_loss=1.498191e+00 | pref_e=0.898 pref_f=104.906 | ETA 1.3h | speed 2.29 step/s (window 2.28) | GPU mem 25/184 MiB | util 23% | grad_norm 1.15e+00
Step  89700 | batch_size= 8 | lr=3.51e-08 | loss=3.969384e+01 | e_loss=4.326593e+01 | f_loss=1.504743e+00 | pref_e=0.899 pref_f=103.907 | ETA 1.2h | speed 2.29 step/s (window 2.28) | GPU mem 26/184 MiB | util 24% | grad_norm 1.15e+00
Step  89800 | batch_size= 8 | lr=3.51e-08 | loss=4.600795e+01 | e_loss=5.015804e+01 | f_loss=1.650527e+00 | pref_e=0.900 pref_f=102.908 | ETA 1.2h | speed 2.29 step/s (window 2.30) | GPU mem 25/184 MiB | util 24% | grad_norm 1.15e+00
Step  89900 | batch_size= 8 | lr=3.51e-08 | loss=3.511463e+01 | e_loss=3.813837e+01 | f_loss=1.444714e+00 | pref_e=0.901 pref_f=101.909 | ETA 1.2h | speed 2.29 step/s (window 2.31) | GPU mem 25/184 MiB | util 24% | grad_norm 1.15e+00
Step  90000 | batch_size= 8 | lr=3.51e-08 | loss=3.016308e+01 | e_loss=3.263974e+01 | f_loss=1.401678e+00 | pref_e=0.902 pref_f=100.910 | ETA 1.2h | speed 2.29 step/s (window 2.31) | GPU mem 25/184 MiB | util 23% | grad_norm 1.15e+00
Saved checkpoint to checkpoints_cuda_opt/model_step90000.pt
Step  90100 | batch_size= 8 | lr=3.51e-08 | loss=4.334358e+01 | e_loss=4.709146e+01 | f_loss=1.607197e+00 | pref_e=0.903 pref_f=99.911 | ETA 1.2h | speed 2.29 step/s (window 2.27) | GPU mem 26/184 MiB | util 24% | grad_norm 1.15e+00
Step  90200 | batch_size= 8 | lr=3.51e-08 | loss=4.322407e+01 | e_loss=4.690024e+01 | f_loss=1.647087e+00 | pref_e=0.904 pref_f=98.912 | ETA 1.2h | speed 2.29 step/s (window 2.28) | GPU mem 26/184 MiB | util 23% | grad_norm 1.15e+00
Step  90300 | batch_size= 8 | lr=3.51e-08 | loss=3.814209e+01 | e_loss=4.129025e+01 | f_loss=1.554228e+00 | pref_e=0.905 pref_f=97.913 | ETA 1.2h | speed 2.29 step/s (window 2.29) | GPU mem 26/184 MiB | util 24% | grad_norm 1.15e+00
Step  90400 | batch_size= 8 | lr=3.51e-08 | loss=4.404368e+01 | e_loss=4.773969e+01 | f_loss=1.614512e+00 | pref_e=0.906 pref_f=96.914 | ETA 1.2h | speed 2.29 step/s (window 2.32) | GPU mem 25/184 MiB | util 24% | grad_norm 1.15e+00
Step  90500 | batch_size= 8 | lr=3.51e-08 | loss=3.548581e+01 | e_loss=3.830336e+01 | f_loss=1.531183e+00 | pref_e=0.907 pref_f=95.915 | ETA 1.2h | speed 2.29 step/s (window 2.31) | GPU mem 25/184 MiB | util 24% | grad_norm 1.15e+00
Step  90600 | batch_size= 8 | lr=3.51e-08 | loss=2.531417e+01 | e_loss=2.720842e+01 | f_loss=1.257515e+00 | pref_e=0.908 pref_f=94.916 | ETA 1.1h | speed 2.29 step/s (window 2.29) | GPU mem 26/184 MiB | util 24% | grad_norm 1.15e+00
Step  90700 | batch_size= 8 | lr=3.51e-08 | loss=3.993267e+01 | e_loss=4.311606e+01 | f_loss=1.564591e+00 | pref_e=0.909 pref_f=93.917 | ETA 1.1h | speed 2.29 step/s (window 2.29) | GPU mem 26/184 MiB | util 23% | grad_norm 1.15e+00
Step  90800 | batch_size= 8 | lr=3.51e-08 | loss=3.549016e+01 | e_loss=3.823879e+01 | f_loss=1.471523e+00 | pref_e=0.910 pref_f=92.918 | ETA 1.1h | speed 2.29 step/s (window 2.30) | GPU mem 25/184 MiB | util 24% | grad_norm 1.15e+00
Step  90900 | batch_size= 8 | lr=3.51e-08 | loss=4.072681e+01 | e_loss=4.391563e+01 | f_loss=1.547419e+00 | pref_e=0.911 pref_f=91.919 | ETA 1.1h | speed 2.29 step/s (window 2.31) | GPU mem 25/184 MiB | util 24% | grad_norm 1.15e+00
Step  91000 | batch_size= 8 | lr=3.51e-08 | loss=3.502398e+01 | e_loss=3.765719e+01 | f_loss=1.488400e+00 | pref_e=0.912 pref_f=90.920 | ETA 1.1h | speed 2.29 step/s (window 2.30) | GPU mem 25/184 MiB | util 24% | grad_norm 1.15e+00
Step  91100 | batch_size= 8 | lr=3.51e-08 | loss=4.478882e+01 | e_loss=4.825290e+01 | f_loss=1.632017e+00 | pref_e=0.913 pref_f=89.921 | ETA 1.1h | speed 2.29 step/s (window 2.28) | GPU mem 26/184 MiB | util 24% | grad_norm 1.15e+00
Step  91200 | batch_size= 8 | lr=3.51e-08 | loss=4.491549e+01 | e_loss=4.830754e+01 | f_loss=1.713538e+00 | pref_e=0.914 pref_f=88.922 | ETA 1.1h | speed 2.29 step/s (window 2.30) | GPU mem 26/184 MiB | util 23% | grad_norm 1.15e+00
Step  91300 | batch_size= 8 | lr=3.51e-08 | loss=4.444318e+01 | e_loss=4.784026e+01 | f_loss=1.541568e+00 | pref_e=0.915 pref_f=87.923 | ETA 1.1h | speed 2.29 step/s (window 2.30) | GPU mem 25/184 MiB | util 23% | grad_norm 1.15e+00
Step  91400 | batch_size= 8 | lr=3.51e-08 | loss=3.779642e+01 | e_loss=4.048414e+01 | f_loss=1.631309e+00 | pref_e=0.916 pref_f=86.924 | ETA 1.0h | speed 2.29 step/s (window 2.28) | GPU mem 26/184 MiB | util 23% | grad_norm 1.15e+00
Step  91500 | batch_size= 8 | lr=3.51e-08 | loss=3.036044e+01 | e_loss=3.247199e+01 | f_loss=1.355850e+00 | pref_e=0.917 pref_f=85.925 | ETA 1.0h | speed 2.29 step/s (window 2.28) | GPU mem 25/184 MiB | util 23% | grad_norm 1.15e+00
Step  91600 | batch_size= 8 | lr=3.51e-08 | loss=4.239678e+01 | e_loss=4.546907e+01 | f_loss=1.561244e+00 | pref_e=0.918 pref_f=84.926 | ETA 1.0h | speed 2.29 step/s (window 2.28) | GPU mem 26/184 MiB | util 23% | grad_norm 1.15e+00
Step  91700 | batch_size= 8 | lr=3.51e-08 | loss=3.223052e+01 | e_loss=3.442853e+01 | f_loss=1.411320e+00 | pref_e=0.919 pref_f=83.927 | ETA 1.0h | speed 2.29 step/s (window 2.31) | GPU mem 25/184 MiB | util 24% | grad_norm 1.15e+00
Step  91800 | batch_size= 8 | lr=3.51e-08 | loss=3.114173e+01 | e_loss=3.322187e+01 | f_loss=1.387095e+00 | pref_e=0.920 pref_f=82.928 | ETA 1.0h | speed 2.29 step/s (window 2.28) | GPU mem 25/184 MiB | util 23% | grad_norm 1.15e+00
Step  91900 | batch_size= 8 | lr=3.51e-08 | loss=4.450673e+01 | e_loss=4.760807e+01 | f_loss=1.629248e+00 | pref_e=0.921 pref_f=81.929 | ETA 1.0h | speed 2.29 step/s (window 2.30) | GPU mem 25/184 MiB | util 23% | grad_norm 1.15e+00
Step  92000 | batch_size= 8 | lr=3.51e-08 | loss=4.484912e+01 | e_loss=4.796948e+01 | f_loss=1.567438e+00 | pref_e=0.922 pref_f=80.930 | ETA 1.0h | speed 2.29 step/s (window 2.30) | GPU mem 25/184 MiB | util 23% | grad_norm 1.15e+00
Step  92100 | batch_size= 8 | lr=3.51e-08 | loss=4.025888e+01 | e_loss=4.297070e+01 | f_loss=1.534769e+00 | pref_e=0.923 pref_f=79.931 | ETA 1.0h | speed 2.29 step/s (window 2.27) | GPU mem 26/184 MiB | util 23% | grad_norm 1.15e+00
Step  92200 | batch_size= 8 | lr=3.51e-08 | loss=4.739859e+01 | e_loss=5.055740e+01 | f_loss=1.767614e+00 | pref_e=0.924 pref_f=78.932 | ETA 0.9h | speed 2.29 step/s (window 2.28) | GPU mem 26/184 MiB | util 23% | grad_norm 1.15e+00
Step  92300 | batch_size= 8 | lr=3.51e-08 | loss=2.855378e+01 | e_loss=3.029399e+01 | f_loss=1.371917e+00 | pref_e=0.925 pref_f=77.933 | ETA 0.9h | speed 2.29 step/s (window 2.30) | GPU mem 26/184 MiB | util 23% | grad_norm 1.15e+00
Step  92400 | batch_size= 8 | lr=3.51e-08 | loss=3.496061e+01 | e_loss=3.717986e+01 | f_loss=1.406427e+00 | pref_e=0.926 pref_f=76.934 | ETA 0.9h | speed 2.29 step/s (window 2.30) | GPU mem 25/184 MiB | util 23% | grad_norm 1.15e+00
Step  92500 | batch_size= 8 | lr=3.51e-08 | loss=2.736030e+01 | e_loss=2.897981e+01 | f_loss=1.323733e+00 | pref_e=0.926 pref_f=75.935 | ETA 0.9h | speed 2.29 step/s (window 2.29) | GPU mem 25/184 MiB | util 23% | grad_norm 1.15e+00
Step  92600 | batch_size= 8 | lr=3.51e-08 | loss=3.498685e+01 | e_loss=3.710866e+01 | f_loss=1.500792e+00 | pref_e=0.927 pref_f=74.936 | ETA 0.9h | speed 2.29 step/s (window 2.29) | GPU mem 26/184 MiB | util 23% | grad_norm 1.15e+00
Step  92700 | batch_size= 8 | lr=3.51e-08 | loss=4.830948e+01 | e_loss=5.129987e+01 | f_loss=1.823625e+00 | pref_e=0.928 pref_f=73.937 | ETA 0.9h | speed 2.29 step/s (window 2.31) | GPU mem 25/184 MiB | util 24% | grad_norm 1.15e+00
Step  92800 | batch_size= 8 | lr=3.51e-08 | loss=3.889494e+01 | e_loss=4.125620e+01 | f_loss=1.494410e+00 | pref_e=0.929 pref_f=72.938 | ETA 0.9h | speed 2.29 step/s (window 2.30) | GPU mem 25/184 MiB | util 23% | grad_norm 1.15e+00
Step  92900 | batch_size= 8 | lr=3.51e-08 | loss=3.907724e+01 | e_loss=4.143103e+01 | f_loss=1.452679e+00 | pref_e=0.930 pref_f=71.939 | ETA 0.9h | speed 2.29 step/s (window 2.30) | GPU mem 26/184 MiB | util 23% | grad_norm 1.15e+00
Step  93000 | batch_size= 8 | lr=3.51e-08 | loss=4.166341e+01 | e_loss=4.410485e+01 | f_loss=1.631187e+00 | pref_e=0.931 pref_f=70.940 | ETA 0.8h | speed 2.29 step/s (window 2.29) | GPU mem 25/184 MiB | util 23% | grad_norm 1.15e+00
Step  93100 | batch_size= 8 | lr=3.51e-08 | loss=3.420142e+01 | e_loss=3.615989e+01 | f_loss=1.379291e+00 | pref_e=0.932 pref_f=69.941 | ETA 0.8h | speed 2.29 step/s (window 2.28) | GPU mem 25/184 MiB | util 24% | grad_norm 1.15e+00
Step  93200 | batch_size= 8 | lr=3.51e-08 | loss=3.268228e+01 | e_loss=3.449771e+01 | f_loss=1.381909e+00 | pref_e=0.933 pref_f=68.942 | ETA 0.8h | speed 2.29 step/s (window 2.31) | GPU mem 25/184 MiB | util 24% | grad_norm 1.15e+00
Step  93300 | batch_size= 8 | lr=3.51e-08 | loss=3.175678e+01 | e_loss=3.346256e+01 | f_loss=1.426374e+00 | pref_e=0.934 pref_f=67.943 | ETA 0.8h | speed 2.29 step/s (window 2.32) | GPU mem 25/184 MiB | util 24% | grad_norm 1.15e+00
Step  93400 | batch_size= 8 | lr=3.51e-08 | loss=5.002059e+01 | e_loss=5.288586e+01 | f_loss=1.663131e+00 | pref_e=0.935 pref_f=66.944 | ETA 0.8h | speed 2.29 step/s (window 2.31) | GPU mem 25/184 MiB | util 24% | grad_norm 1.15e+00
Step  93500 | batch_size= 8 | lr=3.51e-08 | loss=3.174767e+01 | e_loss=3.340537e+01 | f_loss=1.403017e+00 | pref_e=0.936 pref_f=65.945 | ETA 0.8h | speed 2.29 step/s (window 2.33) | GPU mem 26/184 MiB | util 23% | grad_norm 1.15e+00
Step  93600 | batch_size= 8 | lr=3.51e-08 | loss=4.993602e+01 | e_loss=5.268236e+01 | f_loss=1.719993e+00 | pref_e=0.937 pref_f=64.946 | ETA 0.8h | speed 2.29 step/s (window 2.32) | GPU mem 26/184 MiB | util 24% | grad_norm 1.15e+00
Step  93700 | batch_size= 8 | lr=3.51e-08 | loss=3.546044e+01 | e_loss=3.726111e+01 | f_loss=1.543390e+00 | pref_e=0.938 pref_f=63.947 | ETA 0.8h | speed 2.29 step/s (window 2.30) | GPU mem 25/184 MiB | util 24% | grad_norm 1.15e+00
Step  93800 | batch_size= 8 | lr=3.51e-08 | loss=5.119907e+01 | e_loss=5.392738e+01 | f_loss=1.738970e+00 | pref_e=0.939 pref_f=62.948 | ETA 0.8h | speed 2.29 step/s (window 2.29) | GPU mem 26/184 MiB | util 23% | grad_norm 1.15e+00
Step  93900 | batch_size= 8 | lr=3.51e-08 | loss=3.802536e+01 | e_loss=3.995225e+01 | f_loss=1.481248e+00 | pref_e=0.940 pref_f=61.949 | ETA 0.7h | speed 2.29 step/s (window 2.30) | GPU mem 25/184 MiB | util 23% | grad_norm 1.15e+00
Step  94000 | batch_size= 8 | lr=3.51e-08 | loss=3.926288e+01 | e_loss=4.122022e+01 | f_loss=1.524995e+00 | pref_e=0.941 pref_f=60.950 | ETA 0.7h | speed 2.29 step/s (window 2.27) | GPU mem 25/184 MiB | util 23% | grad_norm 1.15e+00
Step  94100 | batch_size= 8 | lr=3.51e-08 | loss=3.598390e+01 | e_loss=3.771279e+01 | f_loss=1.491354e+00 | pref_e=0.942 pref_f=59.951 | ETA 0.7h | speed 2.29 step/s (window 2.29) | GPU mem 25/184 MiB | util 24% | grad_norm 1.15e+00
Step  94200 | batch_size= 8 | lr=3.51e-08 | loss=3.371243e+01 | e_loss=3.532558e+01 | f_loss=1.331887e+00 | pref_e=0.943 pref_f=58.952 | ETA 0.7h | speed 2.29 step/s (window 2.27) | GPU mem 25/184 MiB | util 24% | grad_norm 1.15e+00
Step  94300 | batch_size= 8 | lr=3.51e-08 | loss=4.738584e+01 | e_loss=4.967497e+01 | f_loss=1.670140e+00 | pref_e=0.944 pref_f=57.953 | ETA 0.7h | speed 2.29 step/s (window 2.31) | GPU mem 25/184 MiB | util 24% | grad_norm 1.15e+00
Step  94400 | batch_size= 8 | lr=3.51e-08 | loss=3.322165e+01 | e_loss=3.469570e+01 | f_loss=1.494704e+00 | pref_e=0.945 pref_f=56.954 | ETA 0.7h | speed 2.29 step/s (window 2.29) | GPU mem 26/184 MiB | util 24% | grad_norm 1.15e+00
Step  94500 | batch_size= 8 | lr=3.51e-08 | loss=2.497816e+01 | e_loss=2.601835e+01 | f_loss=1.269533e+00 | pref_e=0.946 pref_f=55.955 | ETA 0.7h | speed 2.29 step/s (window 2.32) | GPU mem 26/184 MiB | util 24% | grad_norm 1.15e+00
Step  94600 | batch_size= 8 | lr=3.51e-08 | loss=3.162804e+01 | e_loss=3.299336e+01 | f_loss=1.370770e+00 | pref_e=0.947 pref_f=54.956 | ETA 0.7h | speed 2.29 step/s (window 2.31) | GPU mem 25/184 MiB | util 24% | grad_norm 1.15e+00
Step  94700 | batch_size= 8 | lr=3.51e-08 | loss=2.772399e+01 | e_loss=2.885710e+01 | f_loss=1.342654e+00 | pref_e=0.948 pref_f=53.957 | ETA 0.6h | speed 2.29 step/s (window 2.29) | GPU mem 25/184 MiB | util 22% | grad_norm 1.15e+00
Step  94800 | batch_size= 8 | lr=3.51e-08 | loss=4.850353e+01 | e_loss=5.063973e+01 | f_loss=1.691192e+00 | pref_e=0.949 pref_f=52.958 | ETA 0.6h | speed 2.29 step/s (window 2.29) | GPU mem 25/184 MiB | util 23% | grad_norm 1.15e+00
Step  94900 | batch_size= 8 | lr=3.51e-08 | loss=4.120205e+01 | e_loss=4.293556e+01 | f_loss=1.599631e+00 | pref_e=0.950 pref_f=51.959 | ETA 0.6h | speed 2.29 step/s (window 2.29) | GPU mem 25/184 MiB | util 23% | grad_norm 1.15e+00
Step  95000 | batch_size= 8 | lr=3.51e-08 | loss=4.088184e+01 | e_loss=4.258042e+01 | f_loss=1.533155e+00 | pref_e=0.951 pref_f=50.960 | ETA 0.6h | speed 2.29 step/s (window 2.30) | GPU mem 26/184 MiB | util 24% | grad_norm 1.15e+00
Step  95100 | batch_size= 8 | lr=3.51e-08 | loss=3.515698e+01 | e_loss=3.655717e+01 | f_loss=1.417438e+00 | pref_e=0.952 pref_f=49.961 | ETA 0.6h | speed 2.29 step/s (window 2.31) | GPU mem 26/184 MiB | util 24% | grad_norm 1.15e+00
Step  95200 | batch_size= 8 | lr=3.51e-08 | loss=3.234288e+01 | e_loss=3.356605e+01 | f_loss=1.442492e+00 | pref_e=0.953 pref_f=48.962 | ETA 0.6h | speed 2.29 step/s (window 2.32) | GPU mem 25/184 MiB | util 24% | grad_norm 1.15e+00
Step  95300 | batch_size= 8 | lr=3.51e-08 | loss=4.217742e+01 | e_loss=4.384158e+01 | f_loss=1.495778e+00 | pref_e=0.954 pref_f=47.963 | ETA 0.6h | speed 2.29 step/s (window 2.30) | GPU mem 25/184 MiB | util 24% | grad_norm 1.15e+00
Step  95400 | batch_size= 8 | lr=3.51e-08 | loss=4.704247e+01 | e_loss=4.887190e+01 | f_loss=1.611662e+00 | pref_e=0.955 pref_f=46.964 | ETA 0.6h | speed 2.29 step/s (window 2.32) | GPU mem 25/184 MiB | util 24% | grad_norm 1.15e+00
Step  95500 | batch_size= 8 | lr=3.51e-08 | loss=3.754633e+01 | e_loss=3.891713e+01 | f_loss=1.502421e+00 | pref_e=0.956 pref_f=45.965 | ETA 0.5h | speed 2.29 step/s (window 2.31) | GPU mem 26/184 MiB | util 23% | grad_norm 1.15e+00
Step  95600 | batch_size= 8 | lr=3.51e-08 | loss=3.888137e+01 | e_loss=4.028245e+01 | f_loss=1.487806e+00 | pref_e=0.957 pref_f=44.966 | ETA 0.5h | speed 2.29 step/s (window 2.27) | GPU mem 26/184 MiB | util 24% | grad_norm 1.15e+00
Step  95700 | batch_size= 8 | lr=3.51e-08 | loss=3.826112e+01 | e_loss=3.960784e+01 | f_loss=1.485329e+00 | pref_e=0.958 pref_f=43.967 | ETA 0.5h | speed 2.29 step/s (window 2.29) | GPU mem 26/184 MiB | util 23% | grad_norm 1.15e+00
Step  95800 | batch_size= 8 | lr=3.51e-08 | loss=4.036880e+01 | e_loss=4.176382e+01 | f_loss=1.532629e+00 | pref_e=0.959 pref_f=42.968 | ETA 0.5h | speed 2.29 step/s (window 2.30) | GPU mem 25/184 MiB | util 23% | grad_norm 1.15e+00
Step  95900 | batch_size= 8 | lr=3.51e-08 | loss=5.256638e+01 | e_loss=5.438578e+01 | f_loss=1.795249e+00 | pref_e=0.960 pref_f=41.969 | ETA 0.5h | speed 2.29 step/s (window 2.28) | GPU mem 25/184 MiB | util 24% | grad_norm 1.15e+00
Step  96000 | batch_size= 8 | lr=3.51e-08 | loss=4.114486e+01 | e_loss=4.250407e+01 | f_loss=1.509471e+00 | pref_e=0.961 pref_f=40.970 | ETA 0.5h | speed 2.29 step/s (window 2.30) | GPU mem 25/184 MiB | util 23% | grad_norm 1.15e+00
Step  96100 | batch_size= 8 | lr=3.51e-08 | loss=2.336654e+01 | e_loss=2.404768e+01 | f_loss=1.186050e+00 | pref_e=0.962 pref_f=39.971 | ETA 0.5h | speed 2.29 step/s (window 2.28) | GPU mem 26/184 MiB | util 23% | grad_norm 1.15e+00
Step  96200 | batch_size= 8 | lr=3.51e-08 | loss=3.657976e+01 | e_loss=3.768414e+01 | f_loss=1.546316e+00 | pref_e=0.963 pref_f=38.972 | ETA 0.5h | speed 2.29 step/s (window 2.29) | GPU mem 26/184 MiB | util 23% | grad_norm 1.15e+00
Step  96300 | batch_size= 8 | lr=3.51e-08 | loss=3.778088e+01 | e_loss=3.891349e+01 | f_loss=1.489051e+00 | pref_e=0.964 pref_f=37.973 | ETA 0.4h | speed 2.29 step/s (window 2.28) | GPU mem 25/184 MiB | util 23% | grad_norm 1.15e+00
Step  96400 | batch_size= 8 | lr=3.51e-08 | loss=3.515865e+01 | e_loss=3.618350e+01 | f_loss=1.390824e+00 | pref_e=0.965 pref_f=36.974 | ETA 0.4h | speed 2.29 step/s (window 2.31) | GPU mem 25/184 MiB | util 23% | grad_norm 1.15e+00
Step  96500 | batch_size= 8 | lr=3.51e-08 | loss=3.527913e+01 | e_loss=3.626428e+01 | f_loss=1.475742e+00 | pref_e=0.966 pref_f=35.975 | ETA 0.4h | speed 2.29 step/s (window 2.30) | GPU mem 25/184 MiB | util 23% | grad_norm 1.15e+00
Step  96600 | batch_size= 8 | lr=3.51e-08 | loss=4.687589e+01 | e_loss=4.821755e+01 | f_loss=1.576420e+00 | pref_e=0.967 pref_f=34.976 | ETA 0.4h | speed 2.29 step/s (window 2.29) | GPU mem 26/184 MiB | util 23% | grad_norm 1.15e+00
Step  96700 | batch_size= 8 | lr=3.51e-08 | loss=3.461454e+01 | e_loss=3.551984e+01 | f_loss=1.445639e+00 | pref_e=0.968 pref_f=33.977 | ETA 0.4h | speed 2.29 step/s (window 2.31) | GPU mem 26/184 MiB | util 22% | grad_norm 1.15e+00
Step  96800 | batch_size= 8 | lr=3.51e-08 | loss=3.405062e+01 | e_loss=3.490646e+01 | f_loss=1.455298e+00 | pref_e=0.969 pref_f=32.978 | ETA 0.4h | speed 2.29 step/s (window 2.30) | GPU mem 25/184 MiB | util 24% | grad_norm 1.15e+00
Step  96900 | batch_size= 8 | lr=3.51e-08 | loss=3.371799e+01 | e_loss=3.454305e+01 | f_loss=1.423991e+00 | pref_e=0.970 pref_f=31.979 | ETA 0.4h | speed 2.29 step/s (window 2.28) | GPU mem 26/184 MiB | util 23% | grad_norm 1.15e+00
Step  97000 | batch_size= 8 | lr=3.51e-08 | loss=3.395470e+01 | e_loss=3.475844e+01 | f_loss=1.438481e+00 | pref_e=0.971 pref_f=30.980 | ETA 0.4h | speed 2.29 step/s (window 2.31) | GPU mem 25/184 MiB | util 24% | grad_norm 1.15e+00
Step  97100 | batch_size= 8 | lr=3.51e-08 | loss=5.199481e+01 | e_loss=5.327563e+01 | f_loss=1.635760e+00 | pref_e=0.972 pref_f=29.981 | ETA 0.4h | speed 2.29 step/s (window 2.28) | GPU mem 26/184 MiB | util 23% | grad_norm 1.15e+00
Step  97200 | batch_size= 8 | lr=3.51e-08 | loss=3.394999e+01 | e_loss=3.470041e+01 | f_loss=1.425220e+00 | pref_e=0.973 pref_f=28.982 | ETA 0.3h | speed 2.29 step/s (window 2.30) | GPU mem 26/184 MiB | util 23% | grad_norm 1.15e+00
Step  97300 | batch_size= 8 | lr=3.51e-08 | loss=5.846128e+01 | e_loss=5.980815e+01 | f_loss=1.803413e+00 | pref_e=0.974 pref_f=27.983 | ETA 0.3h | speed 2.29 step/s (window 2.31) | GPU mem 25/184 MiB | util 24% | grad_norm 1.15e+00
Step  97400 | batch_size= 8 | lr=3.51e-08 | loss=2.851906e+01 | e_loss=2.907629e+01 | f_loss=1.389504e+00 | pref_e=0.975 pref_f=26.984 | ETA 0.3h | speed 2.29 step/s (window 2.31) | GPU mem 25/184 MiB | util 23% | grad_norm 1.15e+00
Step  97500 | batch_size= 8 | lr=3.51e-08 | loss=4.268612e+01 | e_loss=4.356010e+01 | f_loss=1.575054e+00 | pref_e=0.975 pref_f=25.985 | ETA 0.3h | speed 2.29 step/s (window 2.28) | GPU mem 26/184 MiB | util 23% | grad_norm 1.15e+00
Step  97600 | batch_size= 8 | lr=3.51e-08 | loss=3.727107e+01 | e_loss=3.799934e+01 | f_loss=1.380940e+00 | pref_e=0.976 pref_f=24.986 | ETA 0.3h | speed 2.29 step/s (window 2.29) | GPU mem 25/184 MiB | util 23% | grad_norm 1.15e+00
Step  97700 | batch_size= 8 | lr=3.51e-08 | loss=5.088697e+01 | e_loss=5.184833e+01 | f_loss=1.826934e+00 | pref_e=0.977 pref_f=23.987 | ETA 0.3h | speed 2.29 step/s (window 2.31) | GPU mem 25/184 MiB | util 24% | grad_norm 1.15e+00
Step  97800 | batch_size= 8 | lr=3.51e-08 | loss=2.538656e+01 | e_loss=2.581422e+01 | f_loss=1.154826e+00 | pref_e=0.978 pref_f=22.988 | ETA 0.3h | speed 2.29 step/s (window 2.31) | GPU mem 26/184 MiB | util 23% | grad_norm 1.15e+00
Step  97900 | batch_size= 8 | lr=3.51e-08 | loss=4.483244e+01 | e_loss=4.562077e+01 | f_loss=1.488724e+00 | pref_e=0.979 pref_f=21.989 | ETA 0.3h | speed 2.29 step/s (window 2.30) | GPU mem 25/184 MiB | util 24% | grad_norm 1.15e+00
Step  98000 | batch_size= 8 | lr=3.51e-08 | loss=3.748715e+01 | e_loss=3.808694e+01 | f_loss=1.478423e+00 | pref_e=0.980 pref_f=20.990 | ETA 0.2h | speed 2.29 step/s (window 2.32) | GPU mem 25/184 MiB | util 23% | grad_norm 1.15e+00
Step  98100 | batch_size= 8 | lr=3.51e-08 | loss=3.647485e+01 | e_loss=3.702346e+01 | f_loss=1.495147e+00 | pref_e=0.981 pref_f=19.991 | ETA 0.2h | speed 2.29 step/s (window 2.30) | GPU mem 26/184 MiB | util 23% | grad_norm 1.15e+00
Step  98200 | batch_size= 8 | lr=3.51e-08 | loss=5.524571e+01 | e_loss=5.609867e+01 | f_loss=1.620212e+00 | pref_e=0.982 pref_f=18.992 | ETA 0.2h | speed 2.29 step/s (window 2.32) | GPU mem 25/184 MiB | util 23% | grad_norm 1.15e+00
Step  98300 | batch_size= 8 | lr=3.51e-08 | loss=3.270645e+01 | e_loss=3.314364e+01 | f_loss=1.348350e+00 | pref_e=0.983 pref_f=17.993 | ETA 0.2h | speed 2.29 step/s (window 2.28) | GPU mem 26/184 MiB | util 22% | grad_norm 1.15e+00
Step  98400 | batch_size= 8 | lr=3.51e-08 | loss=4.062165e+01 | e_loss=4.114567e+01 | f_loss=1.533065e+00 | pref_e=0.984 pref_f=16.994 | ETA 0.2h | speed 2.29 step/s (window 2.27) | GPU mem 25/184 MiB | util 23% | grad_norm 1.15e+00
Step  98500 | batch_size= 8 | lr=3.51e-08 | loss=2.860544e+01 | e_loss=2.892649e+01 | f_loss=1.378323e+00 | pref_e=0.985 pref_f=15.995 | ETA 0.2h | speed 2.29 step/s (window 2.29) | GPU mem 25/184 MiB | util 23% | grad_norm 1.15e+00
Step  98600 | batch_size= 8 | lr=3.51e-08 | loss=4.383314e+01 | e_loss=4.433670e+01 | f_loss=1.575034e+00 | pref_e=0.986 pref_f=14.996 | ETA 0.2h | speed 2.29 step/s (window 2.30) | GPU mem 25/184 MiB | util 24% | grad_norm 1.15e+00
Step  98700 | batch_size= 8 | lr=3.51e-08 | loss=4.221211e+01 | e_loss=4.265350e+01 | f_loss=1.641171e+00 | pref_e=0.987 pref_f=13.997 | ETA 0.2h | speed 2.29 step/s (window 2.27) | GPU mem 26/184 MiB | util 24% | grad_norm 1.15e+00
Step  98800 | batch_size= 8 | lr=3.51e-08 | loss=4.164438e+01 | e_loss=4.205504e+01 | f_loss=1.541235e+00 | pref_e=0.988 pref_f=12.998 | ETA 0.1h | speed 2.29 step/s (window 2.27) | GPU mem 25/184 MiB | util 23% | grad_norm 1.15e+00
Step  98900 | batch_size= 8 | lr=3.51e-08 | loss=3.505832e+01 | e_loss=3.536096e+01 | f_loss=1.513000e+00 | pref_e=0.989 pref_f=11.999 | ETA 0.1h | speed 2.29 step/s (window 2.31) | GPU mem 25/184 MiB | util 24% | grad_norm 1.15e+00
Step  99000 | batch_size= 8 | lr=3.51e-08 | loss=4.778671e+01 | e_loss=4.818375e+01 | f_loss=1.663000e+00 | pref_e=0.990 pref_f=11.000 | ETA 0.1h | speed 2.29 step/s (window 2.31) | GPU mem 26/184 MiB | util 23% | grad_norm 1.15e+00
Step  99100 | batch_size= 8 | lr=3.51e-08 | loss=4.861543e+01 | e_loss=4.898147e+01 | f_loss=1.636987e+00 | pref_e=0.991 pref_f=10.001 | ETA 0.1h | speed 2.29 step/s (window 2.32) | GPU mem 25/184 MiB | util 24% | grad_norm 1.15e+00
Step  99200 | batch_size= 8 | lr=3.51e-08 | loss=3.518659e+01 | e_loss=3.541454e+01 | f_loss=1.383785e+00 | pref_e=0.992 pref_f=9.002 | ETA 0.1h | speed 2.29 step/s (window 2.32) | GPU mem 26/184 MiB | util 24% | grad_norm 1.15e+00
Step  99300 | batch_size= 8 | lr=3.51e-08 | loss=3.099435e+01 | e_loss=3.116496e+01 | f_loss=1.398437e+00 | pref_e=0.993 pref_f=8.003 | ETA 0.1h | speed 2.29 step/s (window 2.34) | GPU mem 26/184 MiB | util 24% | grad_norm 1.15e+00
Step  99400 | batch_size= 8 | lr=3.51e-08 | loss=4.247256e+01 | e_loss=4.268415e+01 | f_loss=1.578820e+00 | pref_e=0.994 pref_f=7.004 | ETA 0.1h | speed 2.29 step/s (window 2.31) | GPU mem 25/184 MiB | util 24% | grad_norm 1.15e+00
Step  99500 | batch_size= 8 | lr=3.51e-08 | loss=3.444305e+01 | e_loss=3.458208e+01 | f_loss=1.393922e+00 | pref_e=0.995 pref_f=6.005 | ETA 0.1h | speed 2.29 step/s (window 2.28) | GPU mem 26/184 MiB | util 23% | grad_norm 1.15e+00
Step  99600 | batch_size= 8 | lr=3.51e-08 | loss=4.309431e+01 | e_loss=4.324042e+01 | f_loss=1.626919e+00 | pref_e=0.996 pref_f=5.006 | ETA 0.0h | speed 2.29 step/s (window 2.30) | GPU mem 26/184 MiB | util 23% | grad_norm 1.15e+00
Step  99700 | batch_size= 8 | lr=3.51e-08 | loss=5.197784e+01 | e_loss=5.211458e+01 | f_loss=1.721489e+00 | pref_e=0.997 pref_f=4.007 | ETA 0.0h | speed 2.29 step/s (window 2.29) | GPU mem 26/184 MiB | util 24% | grad_norm 1.15e+00
Step  99800 | batch_size= 8 | lr=3.51e-08 | loss=4.261256e+01 | e_loss=4.268638e+01 | f_loss=1.514200e+00 | pref_e=0.998 pref_f=3.008 | ETA 0.0h | speed 2.29 step/s (window 2.31) | GPU mem 25/184 MiB | util 23% | grad_norm 1.15e+00
Step  99900 | batch_size= 8 | lr=3.51e-08 | loss=3.117943e+01 | e_loss=3.120633e+01 | f_loss=1.440558e+00 | pref_e=0.999 pref_f=2.009 | ETA 0.0h | speed 2.29 step/s (window 2.30) | GPU mem 25/184 MiB | util 23% | grad_norm 1.15e+00
Step 100000 | batch_size= 8 | lr=3.51e-08 | loss=3.881433e+01 | e_loss=3.882150e+01 | f_loss=1.505487e+00 | pref_e=1.000 pref_f=1.010 | ETA 0.0h | speed 2.29 step/s (window 2.28) | GPU mem 25/184 MiB | util 23% | grad_norm 1.15e+00
Saved checkpoint to checkpoints_cuda_opt/model_step100000.pt

Training complete! Exported model to exports_cuda_opt/model_cuda_20251228-121805.pth

Training Summary:
  Total steps: 100076
  Total time: 12.12 hours (727.0 minutes)
  Average speed: 2.29 steps/second
  Device used: cuda
