nohup: 忽略输入
======================================================================
启动优化版本V3的DeepMD训练 (DataLoader + Accum=4)
======================================================================

优化配置:
  ✓ DataLoader: 启用 (4 workers, persistent_workers)
  ✓ Batch Size: 4 (真实批处理)
  ✓ Grad Accumulation: 4 (仅累积末尾step)
  ✓ pin_memory: True, prefetch_factor: 2
  ✓ non_blocking H2D

Starting optimized DeepMD training v3...
================================================================================
CUDA OPTIMIZATION CONFIGURATION
================================================================================
CUDA Available: True
PyTorch Version: 2.4.1
CUDA Version: 11.8
cuDNN Version: 91001
Number of GPUs: 1
cuDNN benchmark: ENABLED (faster conv/attn kernels)
TF32 tensor operations: ENABLED (safe for training)

GPU 0: NVIDIA L20-8Q
  Compute Capability: 8.9
  Total Memory: 8.36 GB

================================================================================
TRAINING CONFIGURATION (V3)
================================================================================
Training data: ['collect/O64H128']
Batch size: 4
Num workers: 4
Grad accumulation steps: 4
Total steps: 100000
pin_memory: True, persistent_workers: True, non_blocking: True
Loaded 1823 frames, 192 atoms per frame
Atom types distribution: [ 64 128]
Dataset: 1823 frames, 192 atoms per frame
DataLoader: 456 batches per epoch

Creating model...
Model parameters: 514,661
Device: cuda

================================================================================
Training for 100000 steps...
================================================================================

[Epoch 1]
Step      1 (update=     0) | lr=9.999e-05 | loss=374.5789 | e_rmse=4.8750 f_rmse=1.3664 f_ema=1.3664 | 0.96 step/s | ETA: 29.0h
Step      2 (update=     0) | lr=9.999e-05 | loss=114.3623 | e_rmse=4.9151 f_rmse=0.7522 f_ema=1.3602 | 1.18 step/s | ETA: 23.5h
Step      3 (update=     0) | lr=9.998e-05 | loss=109.4114 | e_rmse=4.9176 f_rmse=0.7355 f_ema=1.3540 | 1.29 step/s | ETA: 21.6h
Step      4 (update=     1) | lr=9.997e-05 | loss=339.5711 | e_rmse=4.8862 f_rmse=1.3007 f_ema=1.3534 | 1.32 step/s | ETA: 21.1h
Step      5 (update=     1) | lr=9.997e-05 | loss=618.0470 | e_rmse=4.8785 f_rmse=1.7562 f_ema=1.3575 | 1.36 step/s | ETA: 20.4h
Step    100 (update=    25) | lr=9.931e-05 | loss=119.5125 | e_rmse=4.9031 f_rmse=0.7693 f_ema=1.2246 | 1.54 step/s | ETA: 18.0h
Step    200 (update=    50) | lr=9.863e-05 | loss=133.1782 | e_rmse=4.5040 f_rmse=0.8134 f_ema=1.1412 | 1.55 step/s | ETA: 17.9h
Step    300 (update=    75) | lr=9.795e-05 | loss=110.8747 | e_rmse=4.5200 f_rmse=0.7418 f_ema=1.1276 | 1.55 step/s | ETA: 17.9h
Step    400 (update=   100) | lr=9.727e-05 | loss=393.7857 | e_rmse=4.5356 f_rmse=1.4033 f_ema=1.1022 | 1.54 step/s | ETA: 18.0h
Step    500 (update=   125) | lr=9.661e-05 | loss=142.2365 | e_rmse=4.5453 f_rmse=0.8415 f_ema=1.1251 | 1.54 step/s | ETA: 17.9h
Step    600 (update=   150) | lr=9.594e-05 | loss=280.9913 | e_rmse=4.6992 f_rmse=1.1854 f_ema=1.1204 | 1.54 step/s | ETA: 17.9h
Step    700 (update=   175) | lr=9.528e-05 | loss=100.7451 | e_rmse=4.2720 f_rmse=0.7079 f_ema=1.0851 | 1.54 step/s | ETA: 17.9h
Step    800 (update=   200) | lr=9.462e-05 | loss=138.6302 | e_rmse=4.2448 f_rmse=0.8319 f_ema=1.1648 | 1.54 step/s | ETA: 17.9h
Step    900 (update=   225) | lr=9.397e-05 | loss=135.9559 | e_rmse=3.9622 f_rmse=0.8245 f_ema=1.1774 | 1.54 step/s | ETA: 17.9h
Step   1000 (update=   250) | lr=9.333e-05 | loss=312.7467 | e_rmse=3.9408 f_rmse=1.2534 f_ema=1.1623 | 1.54 step/s | ETA: 17.9h
Step   1100 (update=   275) | lr=9.268e-05 | loss=135.5029 | e_rmse=3.7894 f_rmse=0.8239 f_ema=1.0696 | 1.54 step/s | ETA: 17.8h
Step   1200 (update=   300) | lr=9.204e-05 | loss=236.8812 | e_rmse=3.7185 f_rmse=1.0913 f_ema=1.0913 | 1.54 step/s | ETA: 17.8h
Step   1300 (update=   325) | lr=9.141e-05 | loss=95.6334 | e_rmse=2.8797 f_rmse=0.6930 f_ema=1.1223 | 1.54 step/s | ETA: 17.8h
Step   1400 (update=   350) | lr=9.078e-05 | loss=115.9869 | e_rmse=2.9873 f_rmse=0.7637 f_ema=1.0740 | 1.54 step/s | ETA: 17.8h
Step   1500 (update=   375) | lr=9.016e-05 | loss=446.5245 | e_rmse=3.0457 f_rmse=1.5017 f_ema=1.0729 | 1.54 step/s | ETA: 17.8h
Step   1600 (update=   400) | lr=8.954e-05 | loss=100.0505 | e_rmse=2.2641 f_rmse=0.7104 f_ema=1.0805 | 1.54 step/s | ETA: 17.7h
Step   1700 (update=   425) | lr=8.892e-05 | loss=93.8214 | e_rmse=2.9442 f_rmse=0.6872 f_ema=1.0474 | 1.54 step/s | ETA: 17.7h
Step   1800 (update=   450) | lr=8.831e-05 | loss=83.0289 | e_rmse=1.5291 f_rmse=0.6481 f_ema=1.0445 | 1.54 step/s | ETA: 17.7h

[Epoch 2]
Step   1900 (update=   475) | lr=8.770e-05 | loss=833.1270 | e_rmse=1.7812 f_rmse=2.0554 f_ema=1.0749 | 1.54 step/s | ETA: 17.7h
Step   2000 (update=   500) | lr=8.710e-05 | loss=96.6503 | e_rmse=2.2656 f_rmse=0.6992 f_ema=1.0576 | 1.54 step/s | ETA: 17.7h
Step   2100 (update=   525) | lr=8.650e-05 | loss=205.5815 | e_rmse=2.2043 f_rmse=1.0211 f_ema=1.0527 | 1.54 step/s | ETA: 17.7h
Step   2200 (update=   550) | lr=8.590e-05 | loss=118.3258 | e_rmse=2.3437 f_rmse=0.7743 f_ema=1.0740 | 1.54 step/s | ETA: 17.7h
Step   2300 (update=   575) | lr=8.531e-05 | loss=234.9900 | e_rmse=1.5319 f_rmse=1.0930 f_ema=1.0735 | 1.54 step/s | ETA: 17.6h
Step   2400 (update=   600) | lr=8.472e-05 | loss=135.8868 | e_rmse=1.8161 f_rmse=0.8311 f_ema=1.0397 | 1.54 step/s | ETA: 17.6h
Step   2500 (update=   625) | lr=8.414e-05 | loss=93.9055 | e_rmse=1.6168 f_rmse=0.6910 f_ema=1.0829 | 1.54 step/s | ETA: 17.6h
Step   2600 (update=   650) | lr=8.356e-05 | loss=304.1862 | e_rmse=2.0133 f_rmse=1.2448 f_ema=1.0364 | 1.54 step/s | ETA: 17.6h
Step   2700 (update=   675) | lr=8.299e-05 | loss=203.1396 | e_rmse=1.9300 f_rmse=1.0175 f_ema=1.0761 | 1.54 step/s | ETA: 17.6h
Step   2800 (update=   700) | lr=8.241e-05 | loss=235.9113 | e_rmse=2.0881 f_rmse=1.0969 f_ema=1.0712 | 1.54 step/s | ETA: 17.5h
Step   2900 (update=   725) | lr=8.185e-05 | loss=1132.9039 | e_rmse=2.4312 f_rmse=2.4059 f_ema=1.0953 | 1.54 step/s | ETA: 17.5h
Step   3000 (update=   750) | lr=8.128e-05 | loss=120.1510 | e_rmse=2.3007 f_rmse=0.7826 f_ema=1.0764 | 1.54 step/s | ETA: 17.5h
Step   3100 (update=   775) | lr=8.072e-05 | loss=430.9917 | e_rmse=0.6662 f_rmse=1.4853 f_ema=1.0746 | 1.54 step/s | ETA: 17.5h
Step   3200 (update=   800) | lr=8.017e-05 | loss=392.2437 | e_rmse=0.4224 f_rmse=1.4175 f_ema=1.0868 | 1.54 step/s | ETA: 17.5h
Step   3300 (update=   825) | lr=7.962e-05 | loss=718.4379 | e_rmse=0.2509 f_rmse=1.9192 f_ema=1.0710 | 1.54 step/s | ETA: 17.4h
Step   3400 (update=   850) | lr=7.907e-05 | loss=122.1713 | e_rmse=1.3547 f_rmse=0.7912 f_ema=1.0265 | 1.54 step/s | ETA: 17.4h
Step   3500 (update=   875) | lr=7.852e-05 | loss=266.8280 | e_rmse=2.3913 f_rmse=1.1695 f_ema=1.0765 | 1.54 step/s | ETA: 17.4h
Step   3600 (update=   900) | lr=7.798e-05 | loss=330.4302 | e_rmse=1.6411 f_rmse=1.3026 f_ema=1.1096 | 1.54 step/s | ETA: 17.4h

[Epoch 3]
Step   3700 (update=   925) | lr=7.745e-05 | loss=83.8263 | e_rmse=1.5395 f_rmse=0.6558 f_ema=1.1263 | 1.54 step/s | ETA: 17.4h
Step   3800 (update=   950) | lr=7.691e-05 | loss=101.1271 | e_rmse=2.2484 f_rmse=0.7199 f_ema=1.1006 | 1.54 step/s | ETA: 17.4h
Step   3900 (update=   975) | lr=7.638e-05 | loss=550.4764 | e_rmse=2.0646 f_rmse=1.6833 f_ema=1.0605 | 1.54 step/s | ETA: 17.3h
Step   4000 (update=  1000) | lr=7.586e-05 | loss=120.3669 | e_rmse=1.0082 f_rmse=0.7874 f_ema=1.0559 | 1.54 step/s | ETA: 17.3h
Step   4100 (update=  1025) | lr=7.534e-05 | loss=127.7964 | e_rmse=2.1833 f_rmse=0.8106 f_ema=1.0426 | 1.54 step/s | ETA: 17.3h
Step   4200 (update=  1050) | lr=7.482e-05 | loss=113.8677 | e_rmse=2.0565 f_rmse=0.7654 f_ema=1.0495 | 1.54 step/s | ETA: 17.3h
Step   4300 (update=  1075) | lr=7.430e-05 | loss=107.0660 | e_rmse=2.1230 f_rmse=0.7423 f_ema=1.0185 | 1.54 step/s | ETA: 17.3h
Step   4400 (update=  1100) | lr=7.379e-05 | loss=95.9621 | e_rmse=2.0613 f_rmse=0.7030 f_ema=1.0371 | 1.54 step/s | ETA: 17.2h
Step   4500 (update=  1125) | lr=7.328e-05 | loss=552.7115 | e_rmse=1.9010 f_rmse=1.6907 f_ema=1.0742 | 1.54 step/s | ETA: 17.2h
Step   4600 (update=  1150) | lr=7.278e-05 | loss=175.5830 | e_rmse=1.8100 f_rmse=0.9527 f_ema=1.0041 | 1.54 step/s | ETA: 17.2h
Step   4700 (update=  1175) | lr=7.228e-05 | loss=142.6640 | e_rmse=2.5531 f_rmse=0.8580 f_ema=1.0346 | 1.54 step/s | ETA: 17.2h
Step   4800 (update=  1200) | lr=7.178e-05 | loss=323.6715 | e_rmse=1.1565 f_rmse=1.2954 f_ema=1.0661 | 1.54 step/s | ETA: 17.2h
Step   4900 (update=  1225) | lr=7.129e-05 | loss=115.5997 | e_rmse=1.7992 f_rmse=0.7736 f_ema=1.0309 | 1.54 step/s | ETA: 17.2h
Step   5000 (update=  1250) | lr=7.079e-05 | loss=88.4719 | e_rmse=1.2596 f_rmse=0.6773 f_ema=1.0435 | 1.54 step/s | ETA: 17.1h
Step   5100 (update=  1275) | lr=7.031e-05 | loss=572.2429 | e_rmse=2.1458 f_rmse=1.7241 f_ema=1.1000 | 1.54 step/s | ETA: 17.1h
Step   5200 (update=  1300) | lr=6.982e-05 | loss=103.5133 | e_rmse=1.5132 f_rmse=0.7331 f_ema=1.0565 | 1.54 step/s | ETA: 17.1h
Step   5300 (update=  1325) | lr=6.934e-05 | loss=269.6066 | e_rmse=1.8073 f_rmse=1.1841 f_ema=1.0553 | 1.54 step/s | ETA: 17.1h
Step   5400 (update=  1350) | lr=6.887e-05 | loss=99.3558 | e_rmse=1.8644 f_rmse=0.7183 f_ema=1.0692 | 1.54 step/s | ETA: 17.1h

[Epoch 4]
Step   5500 (update=  1375) | lr=6.839e-05 | loss=348.5601 | e_rmse=0.7561 f_rmse=1.3481 f_ema=1.0346 | 1.54 step/s | ETA: 17.1h
Step   5600 (update=  1400) | lr=6.792e-05 | loss=109.4538 | e_rmse=0.3533 f_rmse=0.7558 f_ema=1.0519 | 1.54 step/s | ETA: 17.0h
Step   5700 (update=  1425) | lr=6.745e-05 | loss=104.5855 | e_rmse=1.6000 f_rmse=0.7382 f_ema=1.0082 | 1.54 step/s | ETA: 17.0h
Step   5800 (update=  1450) | lr=6.699e-05 | loss=187.3735 | e_rmse=1.8397 f_rmse=0.9887 f_ema=1.0324 | 1.54 step/s | ETA: 17.0h
Step   5900 (update=  1475) | lr=6.653e-05 | loss=114.3372 | e_rmse=2.0443 f_rmse=0.7719 f_ema=1.0243 | 1.54 step/s | ETA: 17.0h
Step   6000 (update=  1500) | lr=6.607e-05 | loss=95.6346 | e_rmse=1.6099 f_rmse=0.7066 f_ema=1.0954 | 1.54 step/s | ETA: 17.0h
Step   6100 (update=  1525) | lr=6.561e-05 | loss=483.2656 | e_rmse=1.3962 f_rmse=1.5909 f_ema=1.0737 | 1.54 step/s | ETA: 16.9h
Step   6200 (update=  1550) | lr=6.516e-05 | loss=792.5461 | e_rmse=1.8683 f_rmse=2.0381 f_ema=1.0946 | 1.54 step/s | ETA: 16.9h
Step   6300 (update=  1575) | lr=6.471e-05 | loss=103.4503 | e_rmse=2.0767 f_rmse=0.7351 f_ema=1.0577 | 1.54 step/s | ETA: 16.9h
Step   6400 (update=  1600) | lr=6.427e-05 | loss=281.6562 | e_rmse=2.0963 f_rmse=1.2152 f_ema=1.0594 | 1.54 step/s | ETA: 16.9h
Step   6500 (update=  1625) | lr=6.383e-05 | loss=132.4237 | e_rmse=1.8073 f_rmse=0.8331 f_ema=1.0217 | 1.54 step/s | ETA: 16.9h
Step   6600 (update=  1650) | lr=6.339e-05 | loss=576.4156 | e_rmse=2.3674 f_rmse=1.7404 f_ema=1.0403 | 1.54 step/s | ETA: 16.8h
Step   6700 (update=  1675) | lr=6.295e-05 | loss=350.2325 | e_rmse=1.2173 f_rmse=1.3575 f_ema=1.0639 | 1.54 step/s | ETA: 16.8h
Step   6800 (update=  1700) | lr=6.252e-05 | loss=129.2354 | e_rmse=2.1329 f_rmse=0.8235 f_ema=1.0522 | 1.54 step/s | ETA: 16.8h
Step   6900 (update=  1725) | lr=6.209e-05 | loss=180.7035 | e_rmse=2.2217 f_rmse=0.9746 f_ema=1.0169 | 1.54 step/s | ETA: 16.8h
Step   7000 (update=  1750) | lr=6.166e-05 | loss=79.7686 | e_rmse=2.0301 f_rmse=0.6468 f_ema=1.0635 | 1.54 step/s | ETA: 16.8h
Step   7100 (update=  1775) | lr=6.124e-05 | loss=249.6677 | e_rmse=2.3454 f_rmse=1.1468 f_ema=1.0616 | 1.54 step/s | ETA: 16.8h
Step   7200 (update=  1800) | lr=6.081e-05 | loss=94.4511 | e_rmse=1.3186 f_rmse=0.7058 f_ema=1.0613 | 1.54 step/s | ETA: 16.7h

[Epoch 5]
Step   7300 (update=  1825) | lr=6.039e-05 | loss=177.2290 | e_rmse=1.4920 f_rmse=0.9675 f_ema=1.0664 | 1.54 step/s | ETA: 16.7h
Step   7400 (update=  1850) | lr=5.998e-05 | loss=331.1169 | e_rmse=2.0702 f_rmse=1.3229 f_ema=1.0990 | 1.54 step/s | ETA: 16.7h
Step   7500 (update=  1875) | lr=5.957e-05 | loss=108.4097 | e_rmse=2.1600 f_rmse=0.7559 f_ema=1.1199 | 1.54 step/s | ETA: 16.7h
Step   7600 (update=  1900) | lr=5.916e-05 | loss=480.8358 | e_rmse=1.9501 f_rmse=1.5959 f_ema=1.0373 | 1.54 step/s | ETA: 16.7h
Step   7700 (update=  1925) | lr=5.875e-05 | loss=176.5315 | e_rmse=2.4251 f_rmse=0.9659 f_ema=1.0301 | 1.54 step/s | ETA: 16.6h
Step   7800 (update=  1950) | lr=5.834e-05 | loss=215.4698 | e_rmse=1.8764 f_rmse=1.0686 f_ema=1.0233 | 1.54 step/s | ETA: 16.6h
Step   7900 (update=  1975) | lr=5.794e-05 | loss=138.0913 | e_rmse=2.1239 f_rmse=0.8550 f_ema=1.0318 | 1.54 step/s | ETA: 16.6h
Step   8000 (update=  2000) | lr=5.754e-05 | loss=555.1735 | e_rmse=1.3460 f_rmse=1.7181 f_ema=1.0547 | 1.54 step/s | ETA: 16.6h
Step   8100 (update=  2025) | lr=5.715e-05 | loss=97.8850 | e_rmse=1.7953 f_rmse=0.7203 f_ema=1.0372 | 1.54 step/s | ETA: 16.6h
Step   8200 (update=  2050) | lr=5.675e-05 | loss=83.7806 | e_rmse=2.2834 f_rmse=0.6654 f_ema=1.0376 | 1.54 step/s | ETA: 16.5h
Step   8300 (update=  2075) | lr=5.636e-05 | loss=144.0782 | e_rmse=2.7988 f_rmse=0.8734 f_ema=1.0367 | 1.54 step/s | ETA: 16.5h
Step   8400 (update=  2100) | lr=5.598e-05 | loss=321.1194 | e_rmse=1.5418 f_rmse=1.3084 f_ema=1.0775 | 1.54 step/s | ETA: 16.5h
Step   8500 (update=  2125) | lr=5.559e-05 | loss=113.9699 | e_rmse=1.9460 f_rmse=0.7785 f_ema=1.0051 | 1.54 step/s | ETA: 16.5h
Step   8600 (update=  2150) | lr=5.521e-05 | loss=97.3568 | e_rmse=2.0623 f_rmse=0.7193 f_ema=0.9415 | 1.54 step/s | ETA: 16.5h
Step   8700 (update=  2175) | lr=5.483e-05 | loss=88.3813 | e_rmse=1.4118 f_rmse=0.6865 f_ema=1.0104 | 1.54 step/s | ETA: 16.5h
Step   8800 (update=  2200) | lr=5.445e-05 | loss=89.3834 | e_rmse=1.5401 f_rmse=0.6905 f_ema=1.0324 | 1.54 step/s | ETA: 16.4h
Step   8900 (update=  2225) | lr=5.408e-05 | loss=269.7850 | e_rmse=1.8397 f_rmse=1.2012 f_ema=0.9896 | 1.54 step/s | ETA: 16.4h
Step   9000 (update=  2250) | lr=5.370e-05 | loss=98.5713 | e_rmse=1.9345 f_rmse=0.7251 f_ema=1.0386 | 1.54 step/s | ETA: 16.4h
Step   9100 (update=  2275) | lr=5.333e-05 | loss=409.0125 | e_rmse=0.4533 f_rmse=1.4815 f_ema=1.0456 | 1.54 step/s | ETA: 16.4h

[Epoch 6]
Step   9200 (update=  2300) | lr=5.297e-05 | loss=92.7534 | e_rmse=1.7753 f_rmse=0.7041 f_ema=1.0404 | 1.54 step/s | ETA: 16.4h
Step   9300 (update=  2325) | lr=5.260e-05 | loss=158.8428 | e_rmse=2.0391 f_rmse=0.9223 f_ema=1.0554 | 1.54 step/s | ETA: 16.4h
Step   9400 (update=  2350) | lr=5.224e-05 | loss=421.5950 | e_rmse=1.4042 f_rmse=1.5055 f_ema=1.0167 | 1.54 step/s | ETA: 16.3h
Step   9500 (update=  2375) | lr=5.188e-05 | loss=344.3304 | e_rmse=1.4244 f_rmse=1.3610 f_ema=0.9764 | 1.54 step/s | ETA: 16.3h
Step   9600 (update=  2400) | lr=5.152e-05 | loss=192.2630 | e_rmse=1.0506 f_rmse=1.0174 f_ema=1.0055 | 1.54 step/s | ETA: 16.3h
Step   9700 (update=  2425) | lr=5.117e-05 | loss=188.5999 | e_rmse=2.0349 f_rmse=1.0069 f_ema=0.9890 | 1.54 step/s | ETA: 16.3h
Step   9800 (update=  2450) | lr=5.082e-05 | loss=84.1183 | e_rmse=2.0105 f_rmse=0.6714 f_ema=1.0574 | 1.54 step/s | ETA: 16.3h
Step   9900 (update=  2475) | lr=5.047e-05 | loss=82.3899 | e_rmse=1.7215 f_rmse=0.6653 f_ema=1.0703 | 1.54 step/s | ETA: 16.3h
Step  10000 (update=  2500) | lr=5.012e-05 | loss=103.6253 | e_rmse=1.3030 f_rmse=0.7475 f_ema=1.0167 | 1.54 step/s | ETA: 16.2h
  Checkpoint saved: checkpoints_optimized_v3/model_step10000.pt
Step  10100 (update=  2525) | lr=4.977e-05 | loss=341.1327 | e_rmse=2.1165 f_rmse=1.3572 f_ema=0.9921 | 1.54 step/s | ETA: 16.2h
Step  10200 (update=  2550) | lr=4.943e-05 | loss=79.5172 | e_rmse=0.3891 f_rmse=0.6560 f_ema=0.9544 | 1.54 step/s | ETA: 16.2h
Step  10300 (update=  2575) | lr=4.909e-05 | loss=88.2750 | e_rmse=1.7780 f_rmse=0.6898 f_ema=0.9803 | 1.54 step/s | ETA: 16.2h
Step  10400 (update=  2600) | lr=4.875e-05 | loss=72.2070 | e_rmse=0.9903 f_rmse=0.6251 f_ema=1.0686 | 1.54 step/s | ETA: 16.2h
Step  10500 (update=  2625) | lr=4.842e-05 | loss=169.8954 | e_rmse=1.1873 f_rmse=0.9597 f_ema=1.0158 | 1.54 step/s | ETA: 16.1h
Step  10600 (update=  2650) | lr=4.808e-05 | loss=366.6288 | e_rmse=0.9586 f_rmse=1.4109 f_ema=1.0218 | 1.54 step/s | ETA: 16.1h
Step  10700 (update=  2675) | lr=4.775e-05 | loss=157.8633 | e_rmse=0.9049 f_rmse=0.9260 f_ema=1.0598 | 1.54 step/s | ETA: 16.1h
Step  10800 (update=  2700) | lr=4.742e-05 | loss=76.0978 | e_rmse=0.9577 f_rmse=0.6429 f_ema=1.0233 | 1.54 step/s | ETA: 16.1h
Step  10900 (update=  2725) | lr=4.710e-05 | loss=88.6487 | e_rmse=0.9082 f_rmse=0.6943 f_ema=1.0076 | 1.54 step/s | ETA: 16.1h

[Epoch 7]
Step  11000 (update=  2750) | lr=4.677e-05 | loss=328.3195 | e_rmse=0.4770 f_rmse=1.3375 f_ema=0.9736 | 1.54 step/s | ETA: 16.1h
Step  11100 (update=  2775) | lr=4.645e-05 | loss=95.6260 | e_rmse=1.1731 f_rmse=0.7214 f_ema=0.9654 | 1.54 step/s | ETA: 16.0h
Step  11200 (update=  2800) | lr=4.613e-05 | loss=438.8077 | e_rmse=1.1176 f_rmse=1.5473 f_ema=1.0800 | 1.54 step/s | ETA: 16.0h
Step  11300 (update=  2825) | lr=4.581e-05 | loss=102.7912 | e_rmse=1.1924 f_rmse=0.7485 f_ema=1.0016 | 1.54 step/s | ETA: 16.0h
Step  11400 (update=  2850) | lr=4.550e-05 | loss=219.9108 | e_rmse=0.5899 f_rmse=1.0964 f_ema=0.9572 | 1.54 step/s | ETA: 16.0h
Step  11500 (update=  2875) | lr=4.519e-05 | loss=172.4713 | e_rmse=0.9457 f_rmse=0.9711 f_ema=1.0542 | 1.54 step/s | ETA: 16.0h
Step  11600 (update=  2900) | lr=4.487e-05 | loss=167.0152 | e_rmse=1.2908 f_rmse=0.9556 f_ema=1.0216 | 1.54 step/s | ETA: 15.9h
Step  11700 (update=  2925) | lr=4.457e-05 | loss=158.1735 | e_rmse=1.7967 f_rmse=0.9296 f_ema=1.0093 | 1.54 step/s | ETA: 15.9h
Step  11800 (update=  2950) | lr=4.426e-05 | loss=93.6696 | e_rmse=0.4001 f_rmse=0.7167 f_ema=0.9338 | 1.54 step/s | ETA: 15.9h
Step  11900 (update=  2975) | lr=4.395e-05 | loss=74.6455 | e_rmse=0.6368 f_rmse=0.6399 f_ema=0.9790 | 1.54 step/s | ETA: 15.9h
Step  12000 (update=  3000) | lr=4.365e-05 | loss=82.9430 | e_rmse=0.8567 f_rmse=0.6746 f_ema=0.9517 | 1.54 step/s | ETA: 15.9h
Step  12100 (update=  3025) | lr=4.335e-05 | loss=67.5793 | e_rmse=0.1985 f_rmse=0.6096 f_ema=1.0157 | 1.54 step/s | ETA: 15.9h
Step  12200 (update=  3050) | lr=4.305e-05 | loss=76.4055 | e_rmse=0.7761 f_rmse=0.6480 f_ema=0.9846 | 1.54 step/s | ETA: 15.8h
Step  12300 (update=  3075) | lr=4.276e-05 | loss=419.0135 | e_rmse=0.3318 f_rmse=1.5192 f_ema=0.9542 | 1.54 step/s | ETA: 15.8h
Step  12400 (update=  3100) | lr=4.246e-05 | loss=91.0015 | e_rmse=0.0476 f_rmse=0.7083 f_ema=0.9579 | 1.54 step/s | ETA: 15.8h
Step  12500 (update=  3125) | lr=4.217e-05 | loss=1137.3779 | e_rmse=0.8359 f_rmse=2.5049 f_ema=1.0703 | 1.54 step/s | ETA: 15.8h
Step  12600 (update=  3150) | lr=4.188e-05 | loss=94.4712 | e_rmse=1.6171 f_rmse=0.7206 f_ema=1.0182 | 1.54 step/s | ETA: 15.8h
Step  12700 (update=  3175) | lr=4.159e-05 | loss=74.2636 | e_rmse=1.6327 f_rmse=0.6387 f_ema=0.9651 | 1.54 step/s | ETA: 15.7h

[Epoch 8]
Step  12800 (update=  3200) | lr=4.130e-05 | loss=296.4192 | e_rmse=0.4356 f_rmse=1.2804 f_ema=1.0056 | 1.54 step/s | ETA: 15.7h
Step  12900 (update=  3225) | lr=4.102e-05 | loss=75.5020 | e_rmse=0.9753 f_rmse=0.6458 f_ema=1.0390 | 1.54 step/s | ETA: 15.7h
Step  13000 (update=  3250) | lr=4.074e-05 | loss=400.7242 | e_rmse=0.3366 f_rmse=1.4900 f_ema=1.0164 | 1.54 step/s | ETA: 15.7h
Step  13100 (update=  3275) | lr=4.046e-05 | loss=92.4682 | e_rmse=0.1763 f_rmse=0.7160 f_ema=1.0144 | 1.54 step/s | ETA: 15.7h
Step  13200 (update=  3300) | lr=4.018e-05 | loss=86.1914 | e_rmse=0.1528 f_rmse=0.6916 f_ema=0.9990 | 1.54 step/s | ETA: 15.7h
Step  13300 (update=  3325) | lr=3.990e-05 | loss=344.6045 | e_rmse=0.1859 f_rmse=1.3834 f_ema=0.9160 | 1.54 step/s | ETA: 15.6h
Step  13400 (update=  3350) | lr=3.963e-05 | loss=106.5770 | e_rmse=2.0650 f_rmse=0.7670 f_ema=0.9615 | 1.54 step/s | ETA: 15.6h
Step  13500 (update=  3375) | lr=3.936e-05 | loss=92.3785 | e_rmse=1.6551 f_rmse=0.7150 f_ema=0.9370 | 1.54 step/s | ETA: 15.6h
Step  13600 (update=  3400) | lr=3.908e-05 | loss=5057.1143 | e_rmse=0.9540 f_rmse=5.3063 f_ema=1.0704 | 1.54 step/s | ETA: 15.6h
Step  13700 (update=  3425) | lr=3.882e-05 | loss=84.5679 | e_rmse=0.0527 f_rmse=0.6865 f_ema=0.9224 | 1.54 step/s | ETA: 15.6h
Step  13800 (update=  3450) | lr=3.855e-05 | loss=80.0249 | e_rmse=0.7863 f_rmse=0.6676 f_ema=0.9609 | 1.54 step/s | ETA: 15.6h
Step  13900 (update=  3475) | lr=3.828e-05 | loss=76.2532 | e_rmse=0.7083 f_rmse=0.6520 f_ema=1.0274 | 1.54 step/s | ETA: 15.5h
Step  14000 (update=  3500) | lr=3.802e-05 | loss=68.7050 | e_rmse=1.0654 f_rmse=0.6186 f_ema=0.9487 | 1.54 step/s | ETA: 15.5h
Step  14100 (update=  3525) | lr=3.776e-05 | loss=341.5098 | e_rmse=1.0525 f_rmse=1.3814 f_ema=0.9705 | 1.54 step/s | ETA: 15.5h
Step  14200 (update=  3550) | lr=3.750e-05 | loss=172.2702 | e_rmse=0.9273 f_rmse=0.9814 f_ema=0.9520 | 1.54 step/s | ETA: 15.5h
Step  14300 (update=  3575) | lr=3.724e-05 | loss=303.8040 | e_rmse=1.0682 f_rmse=1.3040 f_ema=0.9132 | 1.54 step/s | ETA: 15.5h
Step  14400 (update=  3600) | lr=3.698e-05 | loss=100.3043 | e_rmse=1.5061 f_rmse=0.7482 f_ema=0.9649 | 1.54 step/s | ETA: 15.4h
Step  14500 (update=  3625) | lr=3.673e-05 | loss=80.4939 | e_rmse=0.1698 f_rmse=0.6720 f_ema=0.9702 | 1.54 step/s | ETA: 15.4h

[Epoch 9]
Step  14600 (update=  3650) | lr=3.648e-05 | loss=80.2596 | e_rmse=0.3176 f_rmse=0.6712 f_ema=0.9629 | 1.54 step/s | ETA: 15.4h
Step  14700 (update=  3675) | lr=3.622e-05 | loss=165.3660 | e_rmse=2.1766 f_rmse=0.9614 f_ema=0.9657 | 1.54 step/s | ETA: 15.4h
Step  14800 (update=  3700) | lr=3.597e-05 | loss=239.9335 | e_rmse=2.6910 f_rmse=1.1583 f_ema=0.9830 | 1.54 step/s | ETA: 15.4h
Step  14900 (update=  3725) | lr=3.573e-05 | loss=68.1643 | e_rmse=1.0958 f_rmse=0.6184 f_ema=0.9488 | 1.54 step/s | ETA: 15.4h
Step  15000 (update=  3750) | lr=3.548e-05 | loss=77.4305 | e_rmse=0.4918 f_rmse=0.6603 f_ema=0.8973 | 1.54 step/s | ETA: 15.3h
Step  15100 (update=  3775) | lr=3.524e-05 | loss=696.9673 | e_rmse=0.1000 f_rmse=1.9824 f_ema=0.9117 | 1.54 step/s | ETA: 15.3h
Step  15200 (update=  3800) | lr=3.499e-05 | loss=2139.2629 | e_rmse=0.0213 f_rmse=3.4746 f_ema=0.9859 | 1.54 step/s | ETA: 15.3h
Step  15300 (update=  3825) | lr=3.475e-05 | loss=65.9391 | e_rmse=0.3238 f_rmse=0.6102 f_ema=0.9800 | 1.54 step/s | ETA: 15.3h
Step  15400 (update=  3850) | lr=3.451e-05 | loss=72.9393 | e_rmse=1.4796 f_rmse=0.6402 f_ema=0.9524 | 1.54 step/s | ETA: 15.3h
Step  15500 (update=  3875) | lr=3.428e-05 | loss=77.4936 | e_rmse=0.1825 f_rmse=0.6621 f_ema=0.9809 | 1.54 step/s | ETA: 15.2h
Step  15600 (update=  3900) | lr=3.404e-05 | loss=76.2830 | e_rmse=0.1397 f_rmse=0.6572 f_ema=0.8997 | 1.54 step/s | ETA: 15.2h
Step  15700 (update=  3925) | lr=3.381e-05 | loss=74.2378 | e_rmse=0.9691 f_rmse=0.6478 f_ema=0.9417 | 1.54 step/s | ETA: 15.2h
Step  15800 (update=  3950) | lr=3.357e-05 | loss=69.8929 | e_rmse=0.1079 f_rmse=0.6296 f_ema=0.9699 | 1.54 step/s | ETA: 15.2h
Step  15900 (update=  3975) | lr=3.334e-05 | loss=1570.4590 | e_rmse=0.8262 f_rmse=2.9857 f_ema=0.9639 | 1.54 step/s | ETA: 15.2h
Step  16000 (update=  4000) | lr=3.311e-05 | loss=87.5942 | e_rmse=1.0397 f_rmse=0.7046 f_ema=0.9841 | 1.54 step/s | ETA: 15.2h
Step  16100 (update=  4025) | lr=3.289e-05 | loss=80.3007 | e_rmse=1.2622 f_rmse=0.6744 f_ema=0.9740 | 1.54 step/s | ETA: 15.1h
Step  16200 (update=  4050) | lr=3.266e-05 | loss=140.1472 | e_rmse=2.5948 f_rmse=0.8887 f_ema=0.9878 | 1.54 step/s | ETA: 15.1h
Step  16300 (update=  4075) | lr=3.243e-05 | loss=77.4836 | e_rmse=1.0247 f_rmse=0.6634 f_ema=0.9595 | 1.54 step/s | ETA: 15.1h
Step  16400 (update=  4100) | lr=3.221e-05 | loss=84.7353 | e_rmse=1.3950 f_rmse=0.6934 f_ema=1.0230 | 1.54 step/s | ETA: 15.1h

[Epoch 10]
Step  16500 (update=  4125) | lr=3.199e-05 | loss=362.6018 | e_rmse=1.8658 f_rmse=1.4370 f_ema=1.0268 | 1.54 step/s | ETA: 15.1h
Step  16600 (update=  4150) | lr=3.177e-05 | loss=60.4752 | e_rmse=0.1887 f_rmse=0.5877 f_ema=1.0225 | 1.54 step/s | ETA: 15.0h
Step  16700 (update=  4175) | lr=3.155e-05 | loss=93.4760 | e_rmse=1.6256 f_rmse=0.7288 f_ema=0.9639 | 1.54 step/s | ETA: 15.0h
Step  16800 (update=  4200) | lr=3.133e-05 | loss=69.4546 | e_rmse=0.1626 f_rmse=0.6303 f_ema=0.9383 | 1.54 step/s | ETA: 15.0h
Step  16900 (update=  4225) | lr=3.112e-05 | loss=64.4968 | e_rmse=1.0452 f_rmse=0.6066 f_ema=0.9689 | 1.54 step/s | ETA: 15.0h
Step  17000 (update=  4250) | lr=3.090e-05 | loss=325.7448 | e_rmse=0.0200 f_rmse=1.3663 f_ema=0.9634 | 1.54 step/s | ETA: 15.0h
Step  17100 (update=  4275) | lr=3.069e-05 | loss=54.0723 | e_rmse=0.2670 f_rmse=0.5568 f_ema=0.9089 | 1.54 step/s | ETA: 15.0h
Step  17200 (update=  4300) | lr=3.048e-05 | loss=104.1921 | e_rmse=0.4290 f_rmse=0.7732 f_ema=0.8702 | 1.54 step/s | ETA: 14.9h
Step  17300 (update=  4325) | lr=3.027e-05 | loss=112.3283 | e_rmse=0.1476 f_rmse=0.8033 f_ema=0.8759 | 1.54 step/s | ETA: 14.9h
Step  17400 (update=  4350) | lr=3.006e-05 | loss=125.7879 | e_rmse=1.3960 f_rmse=0.8491 f_ema=0.9305 | 1.54 step/s | ETA: 14.9h
Step  17500 (update=  4375) | lr=2.985e-05 | loss=123.1222 | e_rmse=3.5207 f_rmse=0.8326 f_ema=1.0328 | 1.54 step/s | ETA: 14.9h
Step  17600 (update=  4400) | lr=2.965e-05 | loss=266.9417 | e_rmse=1.5236 f_rmse=1.2389 f_ema=1.0119 | 1.54 step/s | ETA: 14.9h
Step  17700 (update=  4425) | lr=2.944e-05 | loss=69.8975 | e_rmse=1.2821 f_rmse=0.6332 f_ema=0.9308 | 1.54 step/s | ETA: 14.9h
Step  17800 (update=  4450) | lr=2.924e-05 | loss=63.3553 | e_rmse=0.2006 f_rmse=0.6046 f_ema=1.0172 | 1.54 step/s | ETA: 14.8h
Step  17900 (update=  4475) | lr=2.904e-05 | loss=200.0359 | e_rmse=0.9410 f_rmse=1.0743 f_ema=0.9502 | 1.54 step/s | ETA: 14.8h
Step  18000 (update=  4500) | lr=2.884e-05 | loss=84.3460 | e_rmse=0.2267 f_rmse=0.6982 f_ema=0.9316 | 1.54 step/s | ETA: 14.8h
Step  18100 (update=  4525) | lr=2.864e-05 | loss=71.3672 | e_rmse=0.4660 f_rmse=0.6423 f_ema=0.9533 | 1.54 step/s | ETA: 14.8h
Step  18200 (update=  4550) | lr=2.844e-05 | loss=267.4098 | e_rmse=0.8519 f_rmse=1.2440 f_ema=0.9453 | 1.54 step/s | ETA: 14.8h

[Epoch 11]
Step  18300 (update=  4575) | lr=2.825e-05 | loss=70.9216 | e_rmse=0.4853 f_rmse=0.6409 f_ema=0.9835 | 1.54 step/s | ETA: 14.7h
Step  18400 (update=  4600) | lr=2.805e-05 | loss=501.2721 | e_rmse=0.5118 f_rmse=1.7051 f_ema=0.9171 | 1.54 step/s | ETA: 14.7h
Step  18500 (update=  4625) | lr=2.786e-05 | loss=626.8578 | e_rmse=1.3132 f_rmse=1.9071 f_ema=0.9050 | 1.54 step/s | ETA: 14.7h
Step  18600 (update=  4650) | lr=2.767e-05 | loss=131.2620 | e_rmse=1.2675 f_rmse=0.8721 f_ema=0.9425 | 1.54 step/s | ETA: 14.7h
Step  18700 (update=  4675) | lr=2.748e-05 | loss=795.0952 | e_rmse=0.9492 f_rmse=2.1501 f_ema=0.9953 | 1.54 step/s | ETA: 14.7h
Step  18800 (update=  4700) | lr=2.729e-05 | loss=88.6466 | e_rmse=0.0490 f_rmse=0.7183 f_ema=0.9403 | 1.54 step/s | ETA: 14.7h
Step  18900 (update=  4725) | lr=2.710e-05 | loss=114.3075 | e_rmse=0.0481 f_rmse=0.8160 f_ema=0.9529 | 1.54 step/s | ETA: 14.6h
Step  19000 (update=  4750) | lr=2.692e-05 | loss=117.2468 | e_rmse=0.7939 f_rmse=0.8263 f_ema=0.8960 | 1.54 step/s | ETA: 14.6h
Step  19100 (update=  4775) | lr=2.673e-05 | loss=106.1691 | e_rmse=1.7041 f_rmse=0.7847 f_ema=0.9333 | 1.54 step/s | ETA: 14.6h
Step  19200 (update=  4800) | lr=2.655e-05 | loss=266.6058 | e_rmse=0.4658 f_rmse=1.2478 f_ema=0.9818 | 1.54 step/s | ETA: 14.6h
Step  19300 (update=  4825) | lr=2.636e-05 | loss=208.1454 | e_rmse=0.2869 f_rmse=1.1031 f_ema=0.9589 | 1.54 step/s | ETA: 14.6h
Step  19400 (update=  4850) | lr=2.618e-05 | loss=494.0558 | e_rmse=0.6084 f_rmse=1.7001 f_ema=0.9600 | 1.54 step/s | ETA: 14.5h
Step  19500 (update=  4875) | lr=2.600e-05 | loss=295.7587 | e_rmse=0.3222 f_rmse=1.3160 f_ema=0.9678 | 1.54 step/s | ETA: 14.5h
Step  19600 (update=  4900) | lr=2.582e-05 | loss=105.9863 | e_rmse=2.5835 f_rmse=0.7823 f_ema=0.9528 | 1.54 step/s | ETA: 14.5h
Step  19700 (update=  4925) | lr=2.564e-05 | loss=160.7859 | e_rmse=0.9826 f_rmse=0.9705 f_ema=0.9519 | 1.54 step/s | ETA: 14.5h
Step  19800 (update=  4950) | lr=2.547e-05 | loss=75.6881 | e_rmse=0.4803 f_rmse=0.6664 f_ema=0.8983 | 1.54 step/s | ETA: 14.5h
Step  19900 (update=  4975) | lr=2.529e-05 | loss=109.2783 | e_rmse=0.7077 f_rmse=0.8010 f_ema=0.8841 | 1.54 step/s | ETA: 14.5h
Step  20000 (update=  5000) | lr=2.512e-05 | loss=63.3433 | e_rmse=0.0132 f_rmse=0.6104 f_ema=0.8450 | 1.54 step/s | ETA: 14.4h
  Checkpoint saved: checkpoints_optimized_v3/model_step20000.pt

[Epoch 12]
Step  20100 (update=  5025) | lr=2.495e-05 | loss=88.3116 | e_rmse=0.8688 f_rmse=0.7203 f_ema=0.8922 | 1.54 step/s | ETA: 14.4h
Step  20200 (update=  5050) | lr=2.477e-05 | loss=129.5172 | e_rmse=0.6860 f_rmse=0.8732 f_ema=0.9183 | 1.54 step/s | ETA: 14.4h
Step  20300 (update=  5075) | lr=2.460e-05 | loss=69.5978 | e_rmse=0.9006 f_rmse=0.6398 f_ema=0.8920 | 1.54 step/s | ETA: 14.4h
Step  20400 (update=  5100) | lr=2.443e-05 | loss=74.8529 | e_rmse=0.8600 f_rmse=0.6639 f_ema=0.9193 | 1.54 step/s | ETA: 14.4h
Step  20500 (update=  5125) | lr=2.427e-05 | loss=124.0495 | e_rmse=0.8175 f_rmse=0.8556 f_ema=0.8914 | 1.54 step/s | ETA: 14.4h
Step  20600 (update=  5150) | lr=2.410e-05 | loss=70.1894 | e_rmse=0.0055 f_rmse=0.6443 f_ema=0.9465 | 1.54 step/s | ETA: 14.3h
Step  20700 (update=  5175) | lr=2.393e-05 | loss=305.6859 | e_rmse=0.1103 f_rmse=1.3451 f_ema=0.9717 | 1.54 step/s | ETA: 14.3h
Step  20800 (update=  5200) | lr=2.377e-05 | loss=340.7855 | e_rmse=1.5541 f_rmse=1.4196 f_ema=0.8810 | 1.54 step/s | ETA: 14.3h
Step  20900 (update=  5225) | lr=2.360e-05 | loss=107.8580 | e_rmse=1.2517 f_rmse=0.7983 f_ema=0.9552 | 1.54 step/s | ETA: 14.3h
Step  21000 (update=  5250) | lr=2.344e-05 | loss=135.9856 | e_rmse=1.8577 f_rmse=0.8955 f_ema=0.9177 | 1.54 step/s | ETA: 14.3h
Step  21100 (update=  5275) | lr=2.328e-05 | loss=72.8237 | e_rmse=1.2582 f_rmse=0.6559 f_ema=0.9107 | 1.54 step/s | ETA: 14.2h
Step  21200 (update=  5300) | lr=2.312e-05 | loss=266.1256 | e_rmse=1.3666 f_rmse=1.2567 f_ema=0.9498 | 1.54 step/s | ETA: 14.2h
Step  21300 (update=  5325) | lr=2.296e-05 | loss=318.7815 | e_rmse=0.2215 f_rmse=1.3773 f_ema=0.9393 | 1.54 step/s | ETA: 14.2h
Step  21400 (update=  5350) | lr=2.280e-05 | loss=176.8069 | e_rmse=0.2809 f_rmse=1.0261 f_ema=0.9947 | 1.54 step/s | ETA: 14.2h
Step  21500 (update=  5375) | lr=2.265e-05 | loss=75.9192 | e_rmse=0.2846 f_rmse=0.6726 f_ema=0.8986 | 1.54 step/s | ETA: 14.2h
Step  21600 (update=  5400) | lr=2.249e-05 | loss=82.6419 | e_rmse=0.3940 f_rmse=0.7020 f_ema=0.8427 | 1.54 step/s | ETA: 14.2h
Step  21700 (update=  5425) | lr=2.234e-05 | loss=106.8612 | e_rmse=0.5746 f_rmse=0.7985 f_ema=0.9023 | 1.54 step/s | ETA: 14.1h
Step  21800 (update=  5450) | lr=2.218e-05 | loss=228.2821 | e_rmse=0.1906 f_rmse=1.1681 f_ema=0.8937 | 1.54 step/s | ETA: 14.1h

[Epoch 13]
Step  21900 (update=  5475) | lr=2.203e-05 | loss=191.2801 | e_rmse=0.0001 f_rmse=1.0697 f_ema=0.8713 | 1.54 step/s | ETA: 14.1h
Step  22000 (update=  5500) | lr=2.188e-05 | loss=128.2037 | e_rmse=0.0217 f_rmse=0.8762 f_ema=0.8171 | 1.54 step/s | ETA: 14.1h
Step  22100 (update=  5525) | lr=2.173e-05 | loss=79.8503 | e_rmse=0.8408 f_rmse=0.6910 f_ema=0.8936 | 1.54 step/s | ETA: 14.1h
Step  22200 (update=  5550) | lr=2.158e-05 | loss=113.7539 | e_rmse=0.8813 f_rmse=0.8253 f_ema=0.9432 | 1.54 step/s | ETA: 14.0h
Step  22300 (update=  5575) | lr=2.143e-05 | loss=1489.7817 | e_rmse=0.2786 f_rmse=2.9908 f_ema=0.9567 | 1.54 step/s | ETA: 14.0h
Step  22400 (update=  5600) | lr=2.128e-05 | loss=59.7346 | e_rmse=0.0948 f_rmse=0.5991 f_ema=0.9043 | 1.54 step/s | ETA: 14.0h
Step  22500 (update=  5625) | lr=2.113e-05 | loss=62.7450 | e_rmse=1.3030 f_rmse=0.6121 f_ema=0.8886 | 1.54 step/s | ETA: 14.0h
Step  22600 (update=  5650) | lr=2.099e-05 | loss=69.2090 | e_rmse=0.9454 f_rmse=0.6444 f_ema=0.9019 | 1.54 step/s | ETA: 14.0h
Step  22700 (update=  5675) | lr=2.084e-05 | loss=74.9431 | e_rmse=0.8415 f_rmse=0.6712 f_ema=0.9100 | 1.54 step/s | ETA: 14.0h
Step  22800 (update=  5700) | lr=2.070e-05 | loss=190.8088 | e_rmse=1.0437 f_rmse=1.0720 f_ema=0.9043 | 1.54 step/s | ETA: 13.9h
Step  22900 (update=  5725) | lr=2.056e-05 | loss=129.2025 | e_rmse=0.7615 f_rmse=0.8826 f_ema=0.8928 | 1.54 step/s | ETA: 13.9h
Step  23000 (update=  5750) | lr=2.042e-05 | loss=64.2689 | e_rmse=1.0570 f_rmse=0.6217 f_ema=0.8592 | 1.54 step/s | ETA: 13.9h
Step  23100 (update=  5775) | lr=2.028e-05 | loss=66.9348 | e_rmse=0.0577 f_rmse=0.6362 f_ema=0.9050 | 1.54 step/s | ETA: 13.9h
Step  23200 (update=  5800) | lr=2.014e-05 | loss=143.7825 | e_rmse=0.4969 f_rmse=0.9327 f_ema=0.9105 | 1.54 step/s | ETA: 13.9h
Step  23300 (update=  5825) | lr=2.000e-05 | loss=127.6943 | e_rmse=0.9421 f_rmse=0.8788 f_ema=0.9166 | 1.54 step/s | ETA: 13.8h
Step  23400 (update=  5850) | lr=1.986e-05 | loss=87.2447 | e_rmse=0.8394 f_rmse=0.7266 f_ema=0.8586 | 1.54 step/s | ETA: 13.8h
Step  23500 (update=  5875) | lr=1.972e-05 | loss=78.7940 | e_rmse=0.0007 f_rmse=0.6916 f_ema=0.8855 | 1.54 step/s | ETA: 13.8h
Step  23600 (update=  5900) | lr=1.959e-05 | loss=62.9851 | e_rmse=1.2699 f_rmse=0.6164 f_ema=0.8700 | 1.54 step/s | ETA: 13.8h

[Epoch 14]
Step  23700 (update=  5925) | lr=1.945e-05 | loss=71.4195 | e_rmse=1.5373 f_rmse=0.6560 f_ema=0.8756 | 1.54 step/s | ETA: 13.8h
Step  23800 (update=  5950) | lr=1.932e-05 | loss=402.3514 | e_rmse=1.1573 f_rmse=1.5642 f_ema=0.9339 | 1.54 step/s | ETA: 13.8h
Step  23900 (update=  5975) | lr=1.919e-05 | loss=121.0652 | e_rmse=0.0737 f_rmse=0.8588 f_ema=0.8858 | 1.54 step/s | ETA: 13.7h
Step  24000 (update=  6000) | lr=1.905e-05 | loss=132.1532 | e_rmse=0.4582 f_rmse=0.8975 f_ema=0.8885 | 1.54 step/s | ETA: 13.7h
Step  24100 (update=  6025) | lr=1.892e-05 | loss=133.1288 | e_rmse=0.6004 f_rmse=0.9010 f_ema=0.8916 | 1.54 step/s | ETA: 13.7h
Step  24200 (update=  6050) | lr=1.879e-05 | loss=66.0154 | e_rmse=1.0474 f_rmse=0.6336 f_ema=0.8519 | 1.54 step/s | ETA: 13.7h
Step  24300 (update=  6075) | lr=1.866e-05 | loss=65.1304 | e_rmse=0.5910 f_rmse=0.6306 f_ema=0.8407 | 1.54 step/s | ETA: 13.7h
Step  24400 (update=  6100) | lr=1.854e-05 | loss=121.8661 | e_rmse=0.8328 f_rmse=0.8629 f_ema=0.8667 | 1.54 step/s | ETA: 13.6h
Step  24500 (update=  6125) | lr=1.841e-05 | loss=71.8946 | e_rmse=0.0278 f_rmse=0.6636 f_ema=0.9079 | 1.54 step/s | ETA: 13.6h
Step  24600 (update=  6150) | lr=1.828e-05 | loss=134.8616 | e_rmse=0.7282 f_rmse=0.9088 f_ema=0.8445 | 1.54 step/s | ETA: 13.6h
Step  24700 (update=  6175) | lr=1.816e-05 | loss=66.8904 | e_rmse=0.8514 f_rmse=0.6397 f_ema=0.8417 | 1.54 step/s | ETA: 13.6h
Step  24800 (update=  6200) | lr=1.803e-05 | loss=54.8589 | e_rmse=0.6790 f_rmse=0.5798 f_ema=0.8197 | 1.54 step/s | ETA: 13.6h
Step  24900 (update=  6225) | lr=1.791e-05 | loss=71.5971 | e_rmse=0.2079 f_rmse=0.6634 f_ema=0.8626 | 1.54 step/s | ETA: 13.6h
Step  25000 (update=  6250) | lr=1.778e-05 | loss=63.3511 | e_rmse=0.7123 f_rmse=0.6237 f_ema=0.8688 | 1.54 step/s | ETA: 13.5h
Step  25100 (update=  6275) | lr=1.766e-05 | loss=313.5386 | e_rmse=0.3113 f_rmse=1.3896 f_ema=0.8967 | 1.54 step/s | ETA: 13.5h
Step  25200 (update=  6300) | lr=1.754e-05 | loss=55.9406 | e_rmse=0.0992 f_rmse=0.5873 f_ema=0.8784 | 1.54 step/s | ETA: 13.5h
Step  25300 (update=  6325) | lr=1.742e-05 | loss=56.3180 | e_rmse=0.2646 f_rmse=0.5894 f_ema=0.9565 | 1.54 step/s | ETA: 13.5h
Step  25400 (update=  6350) | lr=1.730e-05 | loss=73.4431 | e_rmse=0.5217 f_rmse=0.6732 f_ema=0.9367 | 1.54 step/s | ETA: 13.5h
Step  25500 (update=  6375) | lr=1.718e-05 | loss=75.5493 | e_rmse=1.5059 f_rmse=0.6804 f_ema=0.8930 | 1.54 step/s | ETA: 13.5h

[Epoch 15]
Step  25600 (update=  6400) | lr=1.706e-05 | loss=52.3579 | e_rmse=0.7932 f_rmse=0.5682 f_ema=0.8435 | 1.54 step/s | ETA: 13.4h
Step  25700 (update=  6425) | lr=1.694e-05 | loss=61.9119 | e_rmse=0.0864 f_rmse=0.6192 f_ema=0.9231 | 1.54 step/s | ETA: 13.4h
Step  25800 (update=  6450) | lr=1.683e-05 | loss=65.6391 | e_rmse=1.1444 f_rmse=0.6360 f_ema=0.9326 | 1.54 step/s | ETA: 13.4h
Step  25900 (update=  6475) | lr=1.671e-05 | loss=62.1835 | e_rmse=1.4217 f_rmse=0.6182 f_ema=0.8965 | 1.54 step/s | ETA: 13.4h
Step  26000 (update=  6500) | lr=1.660e-05 | loss=63.4155 | e_rmse=0.6092 f_rmse=0.6271 f_ema=0.8839 | 1.54 step/s | ETA: 13.4h
Step  26100 (update=  6525) | lr=1.648e-05 | loss=56.5753 | e_rmse=0.1572 f_rmse=0.5930 f_ema=0.8462 | 1.54 step/s | ETA: 13.3h
Step  26200 (update=  6550) | lr=1.637e-05 | loss=174.7546 | e_rmse=1.5235 f_rmse=1.0407 f_ema=0.8698 | 1.54 step/s | ETA: 13.3h
Step  26300 (update=  6575) | lr=1.626e-05 | loss=92.7514 | e_rmse=0.1086 f_rmse=0.7601 f_ema=0.8581 | 1.54 step/s | ETA: 13.3h
Step  26400 (update=  6600) | lr=1.614e-05 | loss=73.8051 | e_rmse=0.9512 f_rmse=0.6771 f_ema=0.8310 | 1.54 step/s | ETA: 13.3h
Step  26500 (update=  6625) | lr=1.603e-05 | loss=60.6458 | e_rmse=1.1960 f_rmse=0.6130 f_ema=0.8079 | 1.54 step/s | ETA: 13.3h
Step  26600 (update=  6650) | lr=1.592e-05 | loss=85.2414 | e_rmse=0.4346 f_rmse=0.7294 f_ema=0.8425 | 1.54 step/s | ETA: 13.2h
Step  26700 (update=  6675) | lr=1.581e-05 | loss=53.5660 | e_rmse=0.1194 f_rmse=0.5787 f_ema=0.8541 | 1.54 step/s | ETA: 13.2h
Step  26800 (update=  6700) | lr=1.570e-05 | loss=68.8082 | e_rmse=0.2313 f_rmse=0.6561 f_ema=0.8465 | 1.54 step/s | ETA: 13.2h
Step  26900 (update=  6725) | lr=1.560e-05 | loss=537.4112 | e_rmse=0.7125 f_rmse=1.8345 f_ema=0.8521 | 1.54 step/s | ETA: 13.2h
Step  27000 (update=  6750) | lr=1.549e-05 | loss=53.3410 | e_rmse=1.1713 f_rmse=0.5760 f_ema=0.8599 | 1.54 step/s | ETA: 13.2h
Step  27100 (update=  6775) | lr=1.538e-05 | loss=72.3589 | e_rmse=0.8968 f_rmse=0.6727 f_ema=0.9275 | 1.54 step/s | ETA: 13.2h
Step  27200 (update=  6800) | lr=1.528e-05 | loss=67.4081 | e_rmse=1.0363 f_rmse=0.6491 f_ema=0.8746 | 1.54 step/s | ETA: 13.1h
Step  27300 (update=  6825) | lr=1.517e-05 | loss=71.7993 | e_rmse=1.1905 f_rmse=0.6698 f_ema=0.8692 | 1.54 step/s | ETA: 13.1h

[Epoch 16]
Step  27400 (update=  6850) | lr=1.507e-05 | loss=79.9483 | e_rmse=0.2133 f_rmse=0.7093 f_ema=0.8163 | 1.54 step/s | ETA: 13.1h
Step  27500 (update=  6875) | lr=1.496e-05 | loss=109.0670 | e_rmse=0.3046 f_rmse=0.8288 f_ema=0.8143 | 1.54 step/s | ETA: 13.1h
Step  27600 (update=  6900) | lr=1.486e-05 | loss=146.0889 | e_rmse=0.1325 f_rmse=0.9597 f_ema=0.8090 | 1.54 step/s | ETA: 13.1h
Step  27700 (update=  6925) | lr=1.476e-05 | loss=161.0266 | e_rmse=0.1528 f_rmse=1.0081 f_ema=0.8207 | 1.54 step/s | ETA: 13.1h
Step  27800 (update=  6950) | lr=1.466e-05 | loss=335.2335 | e_rmse=0.5654 f_rmse=1.4550 f_ema=0.8467 | 1.54 step/s | ETA: 13.0h
Step  27900 (update=  6975) | lr=1.455e-05 | loss=58.3052 | e_rmse=0.4827 f_rmse=0.6068 f_ema=0.8349 | 1.54 step/s | ETA: 13.0h
Step  28000 (update=  7000) | lr=1.445e-05 | loss=64.8167 | e_rmse=0.8221 f_rmse=0.6394 f_ema=0.8149 | 1.54 step/s | ETA: 13.0h
Step  28100 (update=  7025) | lr=1.435e-05 | loss=104.4157 | e_rmse=0.0705 f_rmse=0.8133 f_ema=0.8687 | 1.54 step/s | ETA: 13.0h
Step  28200 (update=  7050) | lr=1.426e-05 | loss=119.6452 | e_rmse=0.8088 f_rmse=0.8703 f_ema=0.8596 | 1.54 step/s | ETA: 13.0h
Step  28300 (update=  7075) | lr=1.416e-05 | loss=101.1719 | e_rmse=0.6272 f_rmse=0.8009 f_ema=0.8502 | 1.54 step/s | ETA: 12.9h
Step  28400 (update=  7100) | lr=1.406e-05 | loss=64.7798 | e_rmse=0.0467 f_rmse=0.6415 f_ema=0.8464 | 1.54 step/s | ETA: 12.9h
Step  28500 (update=  7125) | lr=1.396e-05 | loss=66.5000 | e_rmse=0.2981 f_rmse=0.6502 f_ema=0.8202 | 1.54 step/s | ETA: 12.9h
Step  28600 (update=  7150) | lr=1.387e-05 | loss=73.7744 | e_rmse=0.8023 f_rmse=0.6843 f_ema=0.8400 | 1.54 step/s | ETA: 12.9h
Step  28700 (update=  7175) | lr=1.377e-05 | loss=60.7173 | e_rmse=0.2809 f_rmse=0.6218 f_ema=0.8067 | 1.54 step/s | ETA: 12.9h
Step  28800 (update=  7200) | lr=1.368e-05 | loss=94.7786 | e_rmse=0.6084 f_rmse=0.7770 f_ema=0.8486 | 1.54 step/s | ETA: 12.9h
Step  28900 (update=  7225) | lr=1.358e-05 | loss=188.5186 | e_rmse=0.6134 f_rmse=1.0967 f_ema=0.8487 | 1.54 step/s | ETA: 12.8h
Step  29000 (update=  7250) | lr=1.349e-05 | loss=86.2635 | e_rmse=0.1257 f_rmse=0.7424 f_ema=0.8304 | 1.54 step/s | ETA: 12.8h
Step  29100 (update=  7275) | lr=1.340e-05 | loss=122.3509 | e_rmse=0.8567 f_rmse=0.8837 f_ema=0.9271 | 1.54 step/s | ETA: 12.8h

[Epoch 17]
Step  29200 (update=  7300) | lr=1.330e-05 | loss=231.2100 | e_rmse=0.8335 f_rmse=1.2160 f_ema=0.8821 | 1.54 step/s | ETA: 12.8h
Step  29300 (update=  7325) | lr=1.321e-05 | loss=60.3187 | e_rmse=0.6244 f_rmse=0.6211 f_ema=0.8299 | 1.54 step/s | ETA: 12.8h
Step  29400 (update=  7350) | lr=1.312e-05 | loss=167.5183 | e_rmse=0.8253 f_rmse=1.0359 f_ema=0.8875 | 1.54 step/s | ETA: 12.7h
Step  29500 (update=  7375) | lr=1.303e-05 | loss=71.3065 | e_rmse=0.0653 f_rmse=0.6766 f_ema=0.8543 | 1.54 step/s | ETA: 12.7h
Step  29600 (update=  7400) | lr=1.294e-05 | loss=61.7357 | e_rmse=0.2050 f_rmse=0.6298 f_ema=0.8253 | 1.54 step/s | ETA: 12.7h
Step  29700 (update=  7425) | lr=1.285e-05 | loss=183.5858 | e_rmse=0.4896 f_rmse=1.0865 f_ema=0.8436 | 1.54 step/s | ETA: 12.7h
Step  29800 (update=  7450) | lr=1.276e-05 | loss=113.7359 | e_rmse=0.7839 f_rmse=0.8550 f_ema=0.8183 | 1.54 step/s | ETA: 12.7h
Step  29900 (update=  7475) | lr=1.268e-05 | loss=86.0940 | e_rmse=0.9328 f_rmse=0.7437 f_ema=0.8998 | 1.54 step/s | ETA: 12.7h
Step  30000 (update=  7500) | lr=1.259e-05 | loss=53.0409 | e_rmse=1.1019 f_rmse=0.5827 f_ema=0.8769 | 1.54 step/s | ETA: 12.6h
  Checkpoint saved: checkpoints_optimized_v3/model_step30000.pt
Step  30100 (update=  7525) | lr=1.250e-05 | loss=122.7461 | e_rmse=1.2255 f_rmse=0.8885 f_ema=0.8932 | 1.54 step/s | ETA: 12.6h
Step  30200 (update=  7550) | lr=1.242e-05 | loss=62.0615 | e_rmse=0.0971 f_rmse=0.6334 f_ema=0.8280 | 1.54 step/s | ETA: 12.6h
Step  30300 (update=  7575) | lr=1.233e-05 | loss=54.0274 | e_rmse=0.5078 f_rmse=0.5908 f_ema=0.8283 | 1.54 step/s | ETA: 12.6h
Step  30400 (update=  7600) | lr=1.225e-05 | loss=100.5903 | e_rmse=1.1177 f_rmse=0.8055 f_ema=0.8262 | 1.54 step/s | ETA: 12.6h
Step  30500 (update=  7625) | lr=1.216e-05 | loss=94.9891 | e_rmse=0.7400 f_rmse=0.7840 f_ema=0.8263 | 1.54 step/s | ETA: 12.5h
Step  30600 (update=  7650) | lr=1.208e-05 | loss=63.8094 | e_rmse=0.0109 f_rmse=0.6435 f_ema=0.7843 | 1.54 step/s | ETA: 12.5h
Step  30700 (update=  7675) | lr=1.199e-05 | loss=53.7592 | e_rmse=0.4929 f_rmse=0.5905 f_ema=0.8275 | 1.54 step/s | ETA: 12.5h
Step  30800 (update=  7700) | lr=1.191e-05 | loss=101.5462 | e_rmse=0.5486 f_rmse=0.8121 f_ema=0.8592 | 1.54 step/s | ETA: 12.5h
Step  30900 (update=  7725) | lr=1.183e-05 | loss=67.7439 | e_rmse=0.7479 f_rmse=0.6631 f_ema=0.8680 | 1.54 step/s | ETA: 12.5h

[Epoch 18]
Step  31000 (update=  7750) | lr=1.175e-05 | loss=54.4358 | e_rmse=0.8141 f_rmse=0.5943 f_ema=0.8028 | 1.54 step/s | ETA: 12.5h
Step  31100 (update=  7775) | lr=1.167e-05 | loss=52.5808 | e_rmse=0.1549 f_rmse=0.5855 f_ema=0.8123 | 1.54 step/s | ETA: 12.4h
Step  31200 (update=  7800) | lr=1.159e-05 | loss=56.8621 | e_rmse=0.0809 f_rmse=0.6092 f_ema=0.7846 | 1.54 step/s | ETA: 12.4h
Step  31300 (update=  7825) | lr=1.151e-05 | loss=185.9113 | e_rmse=0.9459 f_rmse=1.1012 f_ema=0.8563 | 1.54 step/s | ETA: 12.4h
Step  31400 (update=  7850) | lr=1.143e-05 | loss=160.7589 | e_rmse=0.3186 f_rmse=1.0253 f_ema=0.8096 | 1.54 step/s | ETA: 12.4h
Step  31500 (update=  7875) | lr=1.135e-05 | loss=79.9339 | e_rmse=0.6157 f_rmse=0.7228 f_ema=0.8041 | 1.54 step/s | ETA: 12.4h
Step  31600 (update=  7900) | lr=1.127e-05 | loss=75.5420 | e_rmse=0.0059 f_rmse=0.7036 f_ema=0.7997 | 1.54 step/s | ETA: 12.3h
Step  31700 (update=  7925) | lr=1.119e-05 | loss=68.5050 | e_rmse=1.0150 f_rmse=0.6686 f_ema=0.8021 | 1.54 step/s | ETA: 12.3h
Step  31800 (update=  7950) | lr=1.112e-05 | loss=80.5803 | e_rmse=0.0148 f_rmse=0.7274 f_ema=0.7795 | 1.54 step/s | ETA: 12.3h
Step  31900 (update=  7975) | lr=1.104e-05 | loss=56.8725 | e_rmse=0.0722 f_rmse=0.6114 f_ema=0.7896 | 1.54 step/s | ETA: 12.3h
Step  32000 (update=  8000) | lr=1.096e-05 | loss=60.1172 | e_rmse=0.7596 f_rmse=0.6278 f_ema=0.8174 | 1.54 step/s | ETA: 12.3h
Step  32100 (update=  8025) | lr=1.089e-05 | loss=148.1207 | e_rmse=0.4078 f_rmse=0.9874 f_ema=0.8251 | 1.54 step/s | ETA: 12.3h
Step  32200 (update=  8050) | lr=1.081e-05 | loss=69.4422 | e_rmse=0.8516 f_rmse=0.6753 f_ema=0.8221 | 1.54 step/s | ETA: 12.2h
Step  32300 (update=  8075) | lr=1.074e-05 | loss=93.0095 | e_rmse=0.6031 f_rmse=0.7829 f_ema=0.8084 | 1.54 step/s | ETA: 12.2h
Step  32400 (update=  8100) | lr=1.067e-05 | loss=294.6228 | e_rmse=0.2607 f_rmse=1.3949 f_ema=0.8263 | 1.54 step/s | ETA: 12.2h
Step  32500 (update=  8125) | lr=1.059e-05 | loss=125.8351 | e_rmse=0.0404 f_rmse=0.9121 f_ema=0.8558 | 1.54 step/s | ETA: 12.2h
Step  32600 (update=  8150) | lr=1.052e-05 | loss=157.2107 | e_rmse=0.4467 f_rmse=1.0198 f_ema=0.8351 | 1.54 step/s | ETA: 12.2h
Step  32700 (update=  8175) | lr=1.045e-05 | loss=176.6223 | e_rmse=0.9576 f_rmse=1.0807 f_ema=0.8627 | 1.54 step/s | ETA: 12.1h
Step  32800 (update=  8200) | lr=1.038e-05 | loss=48.6085 | e_rmse=0.2571 f_rmse=0.5676 f_ema=0.8603 | 1.54 step/s | ETA: 12.1h

[Epoch 19]
Step  32900 (update=  8225) | lr=1.030e-05 | loss=70.7689 | e_rmse=0.0304 f_rmse=0.6854 f_ema=0.8395 | 1.54 step/s | ETA: 12.1h
Step  33000 (update=  8250) | lr=1.023e-05 | loss=50.5235 | e_rmse=0.1209 f_rmse=0.5794 f_ema=0.8171 | 1.54 step/s | ETA: 12.1h
Step  33100 (update=  8275) | lr=1.016e-05 | loss=337.9598 | e_rmse=0.5491 f_rmse=1.4990 f_ema=0.8062 | 1.54 step/s | ETA: 12.1h
Step  33200 (update=  8300) | lr=1.009e-05 | loss=312.6317 | e_rmse=0.0094 f_rmse=1.4427 f_ema=0.8269 | 1.54 step/s | ETA: 12.1h
Step  33300 (update=  8325) | lr=1.002e-05 | loss=147.4397 | e_rmse=0.6018 f_rmse=0.9908 f_ema=0.8521 | 1.54 step/s | ETA: 12.0h
Step  33400 (update=  8350) | lr=9.954e-06 | loss=72.0482 | e_rmse=0.0218 f_rmse=0.6933 f_ema=0.8197 | 1.54 step/s | ETA: 12.0h
Step  33500 (update=  8375) | lr=9.886e-06 | loss=49.6509 | e_rmse=0.4054 f_rmse=0.5755 f_ema=0.7976 | 1.54 step/s | ETA: 12.0h
Step  33600 (update=  8400) | lr=9.817e-06 | loss=448.5897 | e_rmse=0.0020 f_rmse=1.7316 f_ema=0.7805 | 1.54 step/s | ETA: 12.0h
Step  33700 (update=  8425) | lr=9.750e-06 | loss=46.6707 | e_rmse=0.2016 f_rmse=0.5587 f_ema=0.8036 | 1.54 step/s | ETA: 12.0h
Step  33800 (update=  8450) | lr=9.683e-06 | loss=89.7114 | e_rmse=0.8526 f_rmse=0.7740 f_ema=0.7746 | 1.54 step/s | ETA: 11.9h
Step  33900 (update=  8475) | lr=9.616e-06 | loss=56.3188 | e_rmse=0.9105 f_rmse=0.6128 f_ema=0.7687 | 1.54 step/s | ETA: 11.9h
Step  34000 (update=  8500) | lr=9.550e-06 | loss=134.4122 | e_rmse=0.4288 f_rmse=0.9495 f_ema=0.8440 | 1.54 step/s | ETA: 11.9h
Step  34100 (update=  8525) | lr=9.484e-06 | loss=52.5399 | e_rmse=0.2326 f_rmse=0.5940 f_ema=0.8149 | 1.54 step/s | ETA: 11.9h
Step  34200 (update=  8550) | lr=9.419e-06 | loss=46.7782 | e_rmse=0.2342 f_rmse=0.5608 f_ema=0.8149 | 1.54 step/s | ETA: 11.9h
Step  34300 (update=  8575) | lr=9.354e-06 | loss=121.8072 | e_rmse=0.1090 f_rmse=0.9055 f_ema=0.7846 | 1.54 step/s | ETA: 11.9h
Step  34400 (update=  8600) | lr=9.290e-06 | loss=158.4211 | e_rmse=0.3303 f_rmse=1.0331 f_ema=0.8040 | 1.54 step/s | ETA: 11.8h
Step  34500 (update=  8625) | lr=9.226e-06 | loss=76.2460 | e_rmse=0.1333 f_rmse=0.7171 f_ema=0.8154 | 1.54 step/s | ETA: 11.8h
Step  34600 (update=  8650) | lr=9.162e-06 | loss=83.7885 | e_rmse=0.5681 f_rmse=0.7516 f_ema=0.8262 | 1.54 step/s | ETA: 11.8h

[Epoch 20]
Step  34700 (update=  8675) | lr=9.099e-06 | loss=80.8578 | e_rmse=0.9089 f_rmse=0.7378 f_ema=0.7902 | 1.54 step/s | ETA: 11.8h
Step  34800 (update=  8700) | lr=9.036e-06 | loss=110.2730 | e_rmse=0.5804 f_rmse=0.8633 f_ema=0.8065 | 1.54 step/s | ETA: 11.8h
Step  34900 (update=  8725) | lr=8.974e-06 | loss=71.3015 | e_rmse=0.1990 f_rmse=0.6948 f_ema=0.7991 | 1.54 step/s | ETA: 11.7h
Step  35000 (update=  8750) | lr=8.913e-06 | loss=72.6792 | e_rmse=0.1813 f_rmse=0.7019 f_ema=0.7794 | 1.54 step/s | ETA: 11.7h
Step  35100 (update=  8775) | lr=8.851e-06 | loss=272.4859 | e_rmse=0.0238 f_rmse=1.3599 f_ema=0.8084 | 1.54 step/s | ETA: 11.7h
Step  35200 (update=  8800) | lr=8.790e-06 | loss=113.0513 | e_rmse=0.3714 f_rmse=0.8762 f_ema=0.8116 | 1.54 step/s | ETA: 11.7h
Step  35300 (update=  8825) | lr=8.730e-06 | loss=129.3838 | e_rmse=0.3693 f_rmse=0.9378 f_ema=0.7866 | 1.54 step/s | ETA: 11.7h
Step  35400 (update=  8850) | lr=8.670e-06 | loss=51.0205 | e_rmse=0.3656 f_rmse=0.5890 f_ema=0.8378 | 1.54 step/s | ETA: 11.7h
Step  35500 (update=  8875) | lr=8.610e-06 | loss=418.6775 | e_rmse=0.2496 f_rmse=1.6890 f_ema=0.8326 | 1.54 step/s | ETA: 11.6h
Step  35600 (update=  8900) | lr=8.551e-06 | loss=78.9932 | e_rmse=0.4924 f_rmse=0.7336 f_ema=0.7575 | 1.54 step/s | ETA: 11.6h
Step  35700 (update=  8925) | lr=8.492e-06 | loss=90.7825 | e_rmse=0.5919 f_rmse=0.7867 f_ema=0.7458 | 1.54 step/s | ETA: 11.6h
Step  35800 (update=  8950) | lr=8.433e-06 | loss=55.8749 | e_rmse=0.8769 f_rmse=0.6163 f_ema=0.7815 | 1.54 step/s | ETA: 11.6h
Step  35900 (update=  8975) | lr=8.375e-06 | loss=74.7879 | e_rmse=1.0675 f_rmse=0.7132 f_ema=0.8023 | 1.54 step/s | ETA: 11.6h
Step  36000 (update=  9000) | lr=8.318e-06 | loss=163.3645 | e_rmse=0.7525 f_rmse=1.0571 f_ema=0.8108 | 1.54 step/s | ETA: 11.5h
Step  36100 (update=  9025) | lr=8.260e-06 | loss=135.6025 | e_rmse=0.7332 f_rmse=0.9635 f_ema=0.8089 | 1.54 step/s | ETA: 11.5h
Step  36200 (update=  9050) | lr=8.204e-06 | loss=65.8667 | e_rmse=0.0548 f_rmse=0.6724 f_ema=0.7828 | 1.54 step/s | ETA: 11.5h
Step  36300 (update=  9075) | lr=8.147e-06 | loss=148.2806 | e_rmse=0.2995 f_rmse=1.0092 f_ema=0.7868 | 1.54 step/s | ETA: 11.5h
Step  36400 (update=  9100) | lr=8.091e-06 | loss=52.1337 | e_rmse=0.1344 f_rmse=0.5988 f_ema=0.8129 | 1.54 step/s | ETA: 11.5h

[Epoch 21]
Step  36500 (update=  9125) | lr=8.035e-06 | loss=53.0045 | e_rmse=0.2523 f_rmse=0.6039 f_ema=0.7910 | 1.54 step/s | ETA: 11.5h
Step  36600 (update=  9150) | lr=7.980e-06 | loss=88.2880 | e_rmse=0.3951 f_rmse=0.7798 f_ema=0.7880 | 1.54 step/s | ETA: 11.4h
Step  36700 (update=  9175) | lr=7.925e-06 | loss=41.6834 | e_rmse=0.6115 f_rmse=0.5353 f_ema=0.7697 | 1.54 step/s | ETA: 11.4h
Step  36800 (update=  9200) | lr=7.870e-06 | loss=49.4327 | e_rmse=0.6779 f_rmse=0.5832 f_ema=0.7809 | 1.54 step/s | ETA: 11.4h
Step  36900 (update=  9225) | lr=7.816e-06 | loss=81.4555 | e_rmse=0.7583 f_rmse=0.7494 f_ema=0.7837 | 1.54 step/s | ETA: 11.4h
Step  37000 (update=  9250) | lr=7.762e-06 | loss=43.2139 | e_rmse=0.2995 f_rmse=0.5466 f_ema=0.7670 | 1.54 step/s | ETA: 11.4h
Step  37100 (update=  9275) | lr=7.709e-06 | loss=77.4670 | e_rmse=0.3698 f_rmse=0.7323 f_ema=0.7719 | 1.54 step/s | ETA: 11.4h
Step  37200 (update=  9300) | lr=7.656e-06 | loss=83.4407 | e_rmse=0.4019 f_rmse=0.7604 f_ema=0.7666 | 1.54 step/s | ETA: 11.3h
Step  37300 (update=  9325) | lr=7.603e-06 | loss=112.6188 | e_rmse=0.8015 f_rmse=0.8832 f_ema=0.7784 | 1.54 step/s | ETA: 11.3h
Step  37400 (update=  9350) | lr=7.551e-06 | loss=248.7106 | e_rmse=0.7485 f_rmse=1.3141 f_ema=0.7812 | 1.54 step/s | ETA: 11.3h
Step  37500 (update=  9375) | lr=7.499e-06 | loss=249.6178 | e_rmse=1.0832 f_rmse=1.3165 f_ema=0.7944 | 1.54 step/s | ETA: 11.3h
Step  37600 (update=  9400) | lr=7.447e-06 | loss=41.7631 | e_rmse=0.7056 f_rmse=0.5380 f_ema=0.7798 | 1.54 step/s | ETA: 11.3h
Step  37700 (update=  9425) | lr=7.396e-06 | loss=49.8722 | e_rmse=0.7368 f_rmse=0.5883 f_ema=0.7704 | 1.54 step/s | ETA: 11.2h
Step  37800 (update=  9450) | lr=7.345e-06 | loss=267.8426 | e_rmse=0.2155 f_rmse=1.3671 f_ema=0.7673 | 1.54 step/s | ETA: 11.2h
Step  37900 (update=  9475) | lr=7.295e-06 | loss=64.5832 | e_rmse=0.0877 f_rmse=0.6717 f_ema=0.7682 | 1.54 step/s | ETA: 11.2h
Step  38000 (update=  9500) | lr=7.244e-06 | loss=94.8265 | e_rmse=0.3932 f_rmse=0.8141 f_ema=0.7889 | 1.54 step/s | ETA: 11.2h
Step  38100 (update=  9525) | lr=7.194e-06 | loss=141.1437 | e_rmse=0.4401 f_rmse=0.9937 f_ema=0.8086 | 1.54 step/s | ETA: 11.2h
Step  38200 (update=  9550) | lr=7.145e-06 | loss=51.5356 | e_rmse=0.5930 f_rmse=0.6001 f_ema=0.7872 | 1.54 step/s | ETA: 11.2h

[Epoch 22]
Step  38300 (update=  9575) | lr=7.096e-06 | loss=44.7898 | e_rmse=0.6411 f_rmse=0.5595 f_ema=0.7541 | 1.54 step/s | ETA: 11.1h
Step  38400 (update=  9600) | lr=7.047e-06 | loss=52.8997 | e_rmse=0.0410 f_rmse=0.6095 f_ema=0.7492 | 1.54 step/s | ETA: 11.1h
Step  38500 (update=  9625) | lr=6.998e-06 | loss=70.2111 | e_rmse=0.4447 f_rmse=0.7021 f_ema=0.7755 | 1.54 step/s | ETA: 11.1h
Step  38600 (update=  9650) | lr=6.950e-06 | loss=439.5685 | e_rmse=0.6150 f_rmse=1.7585 f_ema=0.7848 | 1.54 step/s | ETA: 11.1h
Step  38700 (update=  9675) | lr=6.902e-06 | loss=74.6076 | e_rmse=0.4463 f_rmse=0.7246 f_ema=0.7991 | 1.54 step/s | ETA: 11.1h
Step  38800 (update=  9700) | lr=6.855e-06 | loss=77.4611 | e_rmse=1.0767 f_rmse=0.7368 f_ema=0.8399 | 1.54 step/s | ETA: 11.0h
Step  38900 (update=  9725) | lr=6.808e-06 | loss=73.5133 | e_rmse=0.0708 f_rmse=0.7204 f_ema=0.8565 | 1.54 step/s | ETA: 11.0h
Step  39000 (update=  9750) | lr=6.761e-06 | loss=98.2847 | e_rmse=0.4943 f_rmse=0.8330 f_ema=0.8068 | 1.54 step/s | ETA: 11.0h
Step  39100 (update=  9775) | lr=6.714e-06 | loss=108.8270 | e_rmse=1.1294 f_rmse=0.8753 f_ema=0.8002 | 1.54 step/s | ETA: 11.0h
Step  39200 (update=  9800) | lr=6.668e-06 | loss=53.7199 | e_rmse=0.7354 f_rmse=0.6155 f_ema=0.8033 | 1.54 step/s | ETA: 11.0h
Step  39300 (update=  9825) | lr=6.622e-06 | loss=76.4981 | e_rmse=0.1122 f_rmse=0.7364 f_ema=0.7876 | 1.54 step/s | ETA: 11.0h
Step  39400 (update=  9850) | lr=6.577e-06 | loss=71.9133 | e_rmse=0.8104 f_rmse=0.7130 f_ema=0.7686 | 1.54 step/s | ETA: 10.9h
Step  39500 (update=  9875) | lr=6.531e-06 | loss=118.8031 | e_rmse=0.4563 f_rmse=0.9184 f_ema=0.7754 | 1.54 step/s | ETA: 10.9h
Step  39600 (update=  9900) | lr=6.486e-06 | loss=98.2702 | e_rmse=0.1272 f_rmse=0.8360 f_ema=0.7598 | 1.54 step/s | ETA: 10.9h
Step  39700 (update=  9925) | lr=6.442e-06 | loss=64.7599 | e_rmse=0.5102 f_rmse=0.6785 f_ema=0.7357 | 1.54 step/s | ETA: 10.9h
Step  39800 (update=  9950) | lr=6.397e-06 | loss=156.8005 | e_rmse=0.3647 f_rmse=1.0570 f_ema=0.7557 | 1.54 step/s | ETA: 10.9h
Step  39900 (update=  9975) | lr=6.353e-06 | loss=84.9990 | e_rmse=0.4560 f_rmse=0.7784 f_ema=0.7585 | 1.54 step/s | ETA: 10.8h
Step  40000 (update= 10000) | lr=6.310e-06 | loss=417.0902 | e_rmse=0.4013 f_rmse=1.7259 f_ema=0.7588 | 1.54 step/s | ETA: 10.8h
  Checkpoint saved: checkpoints_optimized_v3/model_step40000.pt
Step  40100 (update= 10025) | lr=6.266e-06 | loss=102.0340 | e_rmse=0.3761 f_rmse=0.8539 f_ema=0.7717 | 1.54 step/s | ETA: 10.8h

[Epoch 23]
Step  40200 (update= 10050) | lr=6.223e-06 | loss=85.8790 | e_rmse=0.5380 f_rmse=0.7835 f_ema=0.7635 | 1.54 step/s | ETA: 10.8h
Step  40300 (update= 10075) | lr=6.180e-06 | loss=69.2072 | e_rmse=0.2827 f_rmse=0.7040 f_ema=0.7553 | 1.54 step/s | ETA: 10.8h
Step  40400 (update= 10100) | lr=6.138e-06 | loss=205.1273 | e_rmse=0.1983 f_rmse=1.2130 f_ema=0.7988 | 1.54 step/s | ETA: 10.8h
Step  40500 (update= 10125) | lr=6.095e-06 | loss=61.3111 | e_rmse=0.0974 f_rmse=0.6635 f_ema=0.7804 | 1.54 step/s | ETA: 10.7h
Step  40600 (update= 10150) | lr=6.053e-06 | loss=73.8474 | e_rmse=1.1224 f_rmse=0.7259 f_ema=0.8072 | 1.54 step/s | ETA: 10.7h
Step  40700 (update= 10175) | lr=6.012e-06 | loss=59.1420 | e_rmse=0.7858 f_rmse=0.6509 f_ema=0.7718 | 1.54 step/s | ETA: 10.7h
Step  40800 (update= 10200) | lr=5.970e-06 | loss=98.7161 | e_rmse=0.8730 f_rmse=0.8419 f_ema=0.7827 | 1.54 step/s | ETA: 10.7h
Step  40900 (update= 10225) | lr=5.929e-06 | loss=51.1286 | e_rmse=0.1923 f_rmse=0.6072 f_ema=0.8081 | 1.54 step/s | ETA: 10.7h
Step  41000 (update= 10250) | lr=5.888e-06 | loss=109.7412 | e_rmse=0.5893 f_rmse=0.8895 f_ema=0.7725 | 1.54 step/s | ETA: 10.6h
Step  41100 (update= 10275) | lr=5.848e-06 | loss=44.7149 | e_rmse=0.4331 f_rmse=0.5680 f_ema=0.7460 | 1.54 step/s | ETA: 10.6h
Step  41200 (update= 10300) | lr=5.808e-06 | loss=199.9514 | e_rmse=0.1263 f_rmse=1.2028 f_ema=0.7973 | 1.54 step/s | ETA: 10.6h
Step  41300 (update= 10325) | lr=5.768e-06 | loss=96.8097 | e_rmse=0.5813 f_rmse=0.8368 f_ema=0.7950 | 1.54 step/s | ETA: 10.6h
Step  41400 (update= 10350) | lr=5.728e-06 | loss=222.4360 | e_rmse=0.7999 f_rmse=1.2692 f_ema=0.7742 | 1.54 step/s | ETA: 10.6h
Step  41500 (update= 10375) | lr=5.689e-06 | loss=216.8626 | e_rmse=0.5036 f_rmse=1.2544 f_ema=0.7662 | 1.54 step/s | ETA: 10.6h
Step  41600 (update= 10400) | lr=5.649e-06 | loss=86.7056 | e_rmse=0.7425 f_rmse=0.7927 f_ema=0.7766 | 1.54 step/s | ETA: 10.5h
Step  41700 (update= 10425) | lr=5.610e-06 | loss=97.6297 | e_rmse=0.0792 f_rmse=0.8428 f_ema=0.7909 | 1.54 step/s | ETA: 10.5h
Step  41800 (update= 10450) | lr=5.572e-06 | loss=67.9593 | e_rmse=0.0157 f_rmse=0.7035 f_ema=0.7706 | 1.54 step/s | ETA: 10.5h
Step  41900 (update= 10475) | lr=5.534e-06 | loss=68.9966 | e_rmse=0.5147 f_rmse=0.7087 f_ema=0.7365 | 1.54 step/s | ETA: 10.5h

[Epoch 24]
Step  42000 (update= 10500) | lr=5.495e-06 | loss=45.1661 | e_rmse=0.6355 f_rmse=0.5730 f_ema=0.7770 | 1.54 step/s | ETA: 10.5h
Step  42100 (update= 10525) | lr=5.458e-06 | loss=198.7702 | e_rmse=0.1622 f_rmse=1.2051 f_ema=0.7626 | 1.54 step/s | ETA: 10.4h
Step  42200 (update= 10550) | lr=5.420e-06 | loss=83.6416 | e_rmse=0.1464 f_rmse=0.7822 f_ema=0.7697 | 1.54 step/s | ETA: 10.4h
Step  42300 (update= 10575) | lr=5.383e-06 | loss=57.5659 | e_rmse=0.9873 f_rmse=0.6468 f_ema=0.7964 | 1.54 step/s | ETA: 10.4h
Step  42400 (update= 10600) | lr=5.346e-06 | loss=53.1566 | e_rmse=0.3150 f_rmse=0.6240 f_ema=0.7501 | 1.54 step/s | ETA: 10.4h
Step  42500 (update= 10625) | lr=5.309e-06 | loss=76.4317 | e_rmse=0.2216 f_rmse=0.7489 f_ema=0.7707 | 1.54 step/s | ETA: 10.4h
Step  42600 (update= 10650) | lr=5.272e-06 | loss=48.4174 | e_rmse=0.9140 f_rmse=0.5941 f_ema=0.8011 | 1.54 step/s | ETA: 10.4h
Step  42700 (update= 10675) | lr=5.236e-06 | loss=135.2420 | e_rmse=0.6102 f_rmse=0.9968 f_ema=0.7845 | 1.54 step/s | ETA: 10.3h
Step  42800 (update= 10700) | lr=5.200e-06 | loss=119.0161 | e_rmse=0.7994 f_rmse=0.9350 f_ema=0.7687 | 1.54 step/s | ETA: 10.3h
Step  42900 (update= 10725) | lr=5.164e-06 | loss=118.3922 | e_rmse=0.7814 f_rmse=0.9331 f_ema=0.7496 | 1.54 step/s | ETA: 10.3h
Step  43000 (update= 10750) | lr=5.129e-06 | loss=38.3367 | e_rmse=0.6417 f_rmse=0.5306 f_ema=0.7604 | 1.54 step/s | ETA: 10.3h
Step  43100 (update= 10775) | lr=5.093e-06 | loss=166.3234 | e_rmse=0.5343 f_rmse=1.1081 f_ema=0.7526 | 1.54 step/s | ETA: 10.3h
Step  43200 (update= 10800) | lr=5.058e-06 | loss=51.3527 | e_rmse=0.7434 f_rmse=0.6148 f_ema=0.7503 | 1.54 step/s | ETA: 10.2h
Step  43300 (update= 10825) | lr=5.023e-06 | loss=48.4067 | e_rmse=0.3973 f_rmse=0.5982 f_ema=0.7453 | 1.54 step/s | ETA: 10.2h
Step  43400 (update= 10850) | lr=4.989e-06 | loss=47.4192 | e_rmse=0.3708 f_rmse=0.5925 f_ema=0.7499 | 1.54 step/s | ETA: 10.2h
Step  43500 (update= 10875) | lr=4.955e-06 | loss=68.1053 | e_rmse=0.7857 f_rmse=0.7094 f_ema=0.7600 | 1.54 step/s | ETA: 10.2h
Step  43600 (update= 10900) | lr=4.920e-06 | loss=49.5335 | e_rmse=0.4641 f_rmse=0.6060 f_ema=0.7612 | 1.54 step/s | ETA: 10.2h
Step  43700 (update= 10925) | lr=4.887e-06 | loss=301.0815 | e_rmse=0.3578 f_rmse=1.4963 f_ema=0.7515 | 1.54 step/s | ETA: 10.2h

[Epoch 25]
Step  43800 (update= 10950) | lr=4.853e-06 | loss=107.9334 | e_rmse=0.7010 f_rmse=0.8955 f_ema=0.7383 | 1.54 step/s | ETA: 10.1h
Step  43900 (update= 10975) | lr=4.819e-06 | loss=45.9436 | e_rmse=0.3645 f_rmse=0.5848 f_ema=0.7425 | 1.54 step/s | ETA: 10.1h
Step  44000 (update= 11000) | lr=4.786e-06 | loss=70.1554 | e_rmse=0.5608 f_rmse=0.7228 f_ema=0.7544 | 1.54 step/s | ETA: 10.1h
Step  44100 (update= 11025) | lr=4.753e-06 | loss=112.7448 | e_rmse=0.5049 f_rmse=0.9173 f_ema=0.7838 | 1.54 step/s | ETA: 10.1h
Step  44200 (update= 11050) | lr=4.721e-06 | loss=46.8848 | e_rmse=0.0149 f_rmse=0.5922 f_ema=0.7571 | 1.54 step/s | ETA: 10.1h
Step  44300 (update= 11075) | lr=4.688e-06 | loss=57.1432 | e_rmse=0.8224 f_rmse=0.6523 f_ema=0.7558 | 1.54 step/s | ETA: 10.0h
Step  44400 (update= 11100) | lr=4.656e-06 | loss=41.5029 | e_rmse=0.3153 f_rmse=0.5575 f_ema=0.7271 | 1.54 step/s | ETA: 10.0h
Step  44500 (update= 11125) | lr=4.624e-06 | loss=122.1534 | e_rmse=0.2554 f_rmse=0.9573 f_ema=0.7426 | 1.54 step/s | ETA: 10.0h
Step  44600 (update= 11150) | lr=4.592e-06 | loss=325.3637 | e_rmse=0.2622 f_rmse=1.5634 f_ema=0.7678 | 1.54 step/s | ETA: 10.0h
Step  44700 (update= 11175) | lr=4.560e-06 | loss=191.8709 | e_rmse=0.7931 f_rmse=1.2004 f_ema=0.7755 | 1.54 step/s | ETA: 10.0h
Step  44800 (update= 11200) | lr=4.529e-06 | loss=102.8727 | e_rmse=0.6497 f_rmse=0.8793 f_ema=0.7799 | 1.54 step/s | ETA: 10.0h
Step  44900 (update= 11225) | lr=4.498e-06 | loss=53.5946 | e_rmse=0.8949 f_rmse=0.6334 f_ema=0.7836 | 1.54 step/s | ETA: 9.9h
Step  45000 (update= 11250) | lr=4.467e-06 | loss=40.1236 | e_rmse=0.6370 f_rmse=0.5490 f_ema=0.7641 | 1.54 step/s | ETA: 9.9h
Step  45100 (update= 11275) | lr=4.436e-06 | loss=69.4825 | e_rmse=0.7372 f_rmse=0.7232 f_ema=0.7405 | 1.54 step/s | ETA: 9.9h
Step  45200 (update= 11300) | lr=4.406e-06 | loss=46.2627 | e_rmse=0.7379 f_rmse=0.5899 f_ema=0.7581 | 1.54 step/s | ETA: 9.9h
Step  45300 (update= 11325) | lr=4.375e-06 | loss=110.0535 | e_rmse=0.5507 f_rmse=0.9123 f_ema=0.7536 | 1.54 step/s | ETA: 9.9h
Step  45400 (update= 11350) | lr=4.345e-06 | loss=50.7815 | e_rmse=0.5883 f_rmse=0.6195 f_ema=0.7698 | 1.54 step/s | ETA: 9.9h
Step  45500 (update= 11375) | lr=4.315e-06 | loss=41.6829 | e_rmse=0.7443 f_rmse=0.5607 f_ema=0.7568 | 1.54 step/s | ETA: 9.8h

[Epoch 26]
Step  45600 (update= 11400) | lr=4.285e-06 | loss=88.4776 | e_rmse=0.4949 f_rmse=0.8194 f_ema=0.7769 | 1.54 step/s | ETA: 9.8h
Step  45700 (update= 11425) | lr=4.256e-06 | loss=69.4212 | e_rmse=0.1751 f_rmse=0.7266 f_ema=0.7719 | 1.54 step/s | ETA: 9.8h
Step  45800 (update= 11450) | lr=4.227e-06 | loss=190.6480 | e_rmse=0.8810 f_rmse=1.2038 f_ema=0.7850 | 1.54 step/s | ETA: 9.8h
Step  45900 (update= 11475) | lr=4.198e-06 | loss=79.0383 | e_rmse=0.7334 f_rmse=0.7750 f_ema=0.7510 | 1.54 step/s | ETA: 9.8h
Step  46000 (update= 11500) | lr=4.169e-06 | loss=47.7485 | e_rmse=0.4494 f_rmse=0.6031 f_ema=0.7339 | 1.54 step/s | ETA: 9.7h
Step  46100 (update= 11525) | lr=4.140e-06 | loss=44.3344 | e_rmse=0.4866 f_rmse=0.5813 f_ema=0.7283 | 1.54 step/s | ETA: 9.7h
Step  46200 (update= 11550) | lr=4.111e-06 | loss=71.5631 | e_rmse=0.5135 f_rmse=0.7393 f_ema=0.7229 | 1.54 step/s | ETA: 9.7h
Step  46300 (update= 11575) | lr=4.083e-06 | loss=42.3395 | e_rmse=0.4060 f_rmse=0.5689 f_ema=0.7432 | 1.54 step/s | ETA: 9.7h
Step  46400 (update= 11600) | lr=4.055e-06 | loss=46.0910 | e_rmse=0.5692 f_rmse=0.5935 f_ema=0.7526 | 1.54 step/s | ETA: 9.7h
Step  46500 (update= 11625) | lr=4.027e-06 | loss=93.6615 | e_rmse=0.7748 f_rmse=0.8467 f_ema=0.7621 | 1.54 step/s | ETA: 9.7h
Step  46600 (update= 11650) | lr=3.999e-06 | loss=112.9567 | e_rmse=0.5515 f_rmse=0.9312 f_ema=0.7575 | 1.54 step/s | ETA: 9.6h
Step  46700 (update= 11675) | lr=3.972e-06 | loss=88.0788 | e_rmse=0.5391 f_rmse=0.8226 f_ema=0.7436 | 1.54 step/s | ETA: 9.6h
Step  46800 (update= 11700) | lr=3.945e-06 | loss=69.5290 | e_rmse=0.4015 f_rmse=0.7315 f_ema=0.7579 | 1.54 step/s | ETA: 9.6h
Step  46900 (update= 11725) | lr=3.917e-06 | loss=201.9942 | e_rmse=0.5081 f_rmse=1.2478 f_ema=0.7318 | 1.54 step/s | ETA: 9.6h
Step  47000 (update= 11750) | lr=3.890e-06 | loss=56.3104 | e_rmse=0.4691 f_rmse=0.6588 f_ema=0.7484 | 1.54 step/s | ETA: 9.6h
Step  47100 (update= 11775) | lr=3.864e-06 | loss=49.0208 | e_rmse=0.5805 f_rmse=0.6146 f_ema=0.7560 | 1.54 step/s | ETA: 9.5h
Step  47200 (update= 11800) | lr=3.837e-06 | loss=42.9373 | e_rmse=0.3575 f_rmse=0.5761 f_ema=0.7382 | 1.54 step/s | ETA: 9.5h
Step  47300 (update= 11825) | lr=3.811e-06 | loss=193.6513 | e_rmse=0.2387 f_rmse=1.2249 f_ema=0.7551 | 1.54 step/s | ETA: 9.5h

[Epoch 27]
Step  47400 (update= 11850) | lr=3.784e-06 | loss=79.3053 | e_rmse=0.2353 f_rmse=0.7842 f_ema=0.7531 | 1.54 step/s | ETA: 9.5h
Step  47500 (update= 11875) | lr=3.758e-06 | loss=51.7514 | e_rmse=0.3585 f_rmse=0.6336 f_ema=0.7679 | 1.54 step/s | ETA: 9.5h
Step  47600 (update= 11900) | lr=3.733e-06 | loss=44.8691 | e_rmse=0.4815 f_rmse=0.5899 f_ema=0.7724 | 1.54 step/s | ETA: 9.5h
Step  47700 (update= 11925) | lr=3.707e-06 | loss=96.2805 | e_rmse=0.4918 f_rmse=0.8652 f_ema=0.7929 | 1.54 step/s | ETA: 9.4h
Step  47800 (update= 11950) | lr=3.681e-06 | loss=168.0652 | e_rmse=0.5025 f_rmse=1.1441 f_ema=0.7375 | 1.54 step/s | ETA: 9.4h
Step  47900 (update= 11975) | lr=3.656e-06 | loss=109.1228 | e_rmse=0.3964 f_rmse=0.9224 f_ema=0.7675 | 1.54 step/s | ETA: 9.4h
Step  48000 (update= 12000) | lr=3.631e-06 | loss=42.8615 | e_rmse=0.4266 f_rmse=0.5780 f_ema=0.7457 | 1.54 step/s | ETA: 9.4h
Step  48100 (update= 12025) | lr=3.606e-06 | loss=57.1466 | e_rmse=0.3308 f_rmse=0.6682 f_ema=0.7424 | 1.54 step/s | ETA: 9.4h
Step  48200 (update= 12050) | lr=3.581e-06 | loss=124.2670 | e_rmse=0.3994 f_rmse=0.9861 f_ema=0.7529 | 1.54 step/s | ETA: 9.3h
Step  48300 (update= 12075) | lr=3.556e-06 | loss=129.5793 | e_rmse=0.5904 f_rmse=1.0072 f_ema=0.7451 | 1.54 step/s | ETA: 9.3h
Step  48400 (update= 12100) | lr=3.532e-06 | loss=84.5539 | e_rmse=0.3854 f_rmse=0.8143 f_ema=0.7169 | 1.54 step/s | ETA: 9.3h
Step  48500 (update= 12125) | lr=3.508e-06 | loss=42.3107 | e_rmse=0.2985 f_rmse=0.5763 f_ema=0.7317 | 1.54 step/s | ETA: 9.3h
Step  48600 (update= 12150) | lr=3.483e-06 | loss=58.2465 | e_rmse=0.6922 f_rmse=0.6755 f_ema=0.7498 | 1.54 step/s | ETA: 9.3h
Step  48700 (update= 12175) | lr=3.459e-06 | loss=58.5514 | e_rmse=0.6350 f_rmse=0.6779 f_ema=0.7368 | 1.54 step/s | ETA: 9.3h
Step  48800 (update= 12200) | lr=3.436e-06 | loss=99.5767 | e_rmse=0.5173 f_rmse=0.8856 f_ema=0.7160 | 1.54 step/s | ETA: 9.2h
Step  48900 (update= 12225) | lr=3.412e-06 | loss=65.5217 | e_rmse=0.5290 f_rmse=0.7185 f_ema=0.7651 | 1.54 step/s | ETA: 9.2h
Step  49000 (update= 12250) | lr=3.388e-06 | loss=40.2130 | e_rmse=0.4907 f_rmse=0.5629 f_ema=0.7495 | 1.54 step/s | ETA: 9.2h
Step  49100 (update= 12275) | lr=3.365e-06 | loss=37.1639 | e_rmse=0.2743 f_rmse=0.5421 f_ema=0.7155 | 1.54 step/s | ETA: 9.2h
Step  49200 (update= 12300) | lr=3.342e-06 | loss=51.0769 | e_rmse=0.5838 f_rmse=0.6351 f_ema=0.7490 | 1.54 step/s | ETA: 9.2h

[Epoch 28]
Step  49300 (update= 12325) | lr=3.319e-06 | loss=38.2190 | e_rmse=0.2969 f_rmse=0.5503 f_ema=0.7313 | 1.54 step/s | ETA: 9.1h
Step  49400 (update= 12350) | lr=3.296e-06 | loss=223.4623 | e_rmse=0.4712 f_rmse=1.3319 f_ema=0.7286 | 1.54 step/s | ETA: 9.1h
Step  49500 (update= 12375) | lr=3.273e-06 | loss=47.3155 | e_rmse=0.2523 f_rmse=0.6132 f_ema=0.7191 | 1.54 step/s | ETA: 9.1h
Step  49600 (update= 12400) | lr=3.251e-06 | loss=30.9225 | e_rmse=0.3408 f_rmse=0.4957 f_ema=0.7347 | 1.54 step/s | ETA: 9.1h
Step  49700 (update= 12425) | lr=3.228e-06 | loss=114.1829 | e_rmse=0.2904 f_rmse=0.9539 f_ema=0.7512 | 1.54 step/s | ETA: 9.1h
Step  49800 (update= 12450) | lr=3.206e-06 | loss=94.1700 | e_rmse=0.3332 f_rmse=0.8667 f_ema=0.7381 | 1.54 step/s | ETA: 9.1h
Step  49900 (update= 12475) | lr=3.184e-06 | loss=110.8550 | e_rmse=0.2288 f_rmse=0.9410 f_ema=0.7286 | 1.54 step/s | ETA: 9.0h
Step  50000 (update= 12500) | lr=3.162e-06 | loss=198.0551 | e_rmse=0.5171 f_rmse=1.2583 f_ema=0.7740 | 1.54 step/s | ETA: 9.0h
  Checkpoint saved: checkpoints_optimized_v3/model_step50000.pt
Step  50100 (update= 12525) | lr=3.141e-06 | loss=36.9908 | e_rmse=0.3689 f_rmse=0.5438 f_ema=0.7776 | 1.54 step/s | ETA: 9.0h
Step  50200 (update= 12550) | lr=3.119e-06 | loss=35.5811 | e_rmse=0.5735 f_rmse=0.5329 f_ema=0.7489 | 1.54 step/s | ETA: 9.0h
Step  50300 (update= 12575) | lr=3.097e-06 | loss=131.8087 | e_rmse=0.4913 f_rmse=1.0282 f_ema=0.7500 | 1.54 step/s | ETA: 9.0h
Step  50400 (update= 12600) | lr=3.076e-06 | loss=76.7759 | e_rmse=0.6141 f_rmse=0.7846 f_ema=0.7278 | 1.54 step/s | ETA: 8.9h
Step  50500 (update= 12625) | lr=3.055e-06 | loss=98.3386 | e_rmse=0.4384 f_rmse=0.8892 f_ema=0.7300 | 1.54 step/s | ETA: 8.9h
Step  50600 (update= 12650) | lr=3.034e-06 | loss=48.4513 | e_rmse=0.4474 f_rmse=0.6242 f_ema=0.7324 | 1.54 step/s | ETA: 8.9h
Step  50700 (update= 12675) | lr=3.013e-06 | loss=114.8897 | e_rmse=0.5012 f_rmse=0.9622 f_ema=0.7342 | 1.54 step/s | ETA: 8.9h
Step  50800 (update= 12700) | lr=2.992e-06 | loss=46.6809 | e_rmse=0.4719 f_rmse=0.6133 f_ema=0.7460 | 1.54 step/s | ETA: 8.9h
Step  50900 (update= 12725) | lr=2.972e-06 | loss=66.2173 | e_rmse=0.4734 f_rmse=0.7311 f_ema=0.7509 | 1.54 step/s | ETA: 8.9h
Step  51000 (update= 12750) | lr=2.951e-06 | loss=85.7336 | e_rmse=0.3020 f_rmse=0.8329 f_ema=0.7322 | 1.54 step/s | ETA: 8.8h

[Epoch 29]
Step  51100 (update= 12775) | lr=2.931e-06 | loss=33.8806 | e_rmse=0.2191 f_rmse=0.5239 f_ema=0.7591 | 1.54 step/s | ETA: 8.8h
Step  51200 (update= 12800) | lr=2.911e-06 | loss=53.7023 | e_rmse=0.5760 f_rmse=0.6591 f_ema=0.7409 | 1.54 step/s | ETA: 8.8h
Step  51300 (update= 12825) | lr=2.891e-06 | loss=32.7056 | e_rmse=0.2984 f_rmse=0.5152 f_ema=0.7561 | 1.54 step/s | ETA: 8.8h
Step  51400 (update= 12850) | lr=2.871e-06 | loss=93.5500 | e_rmse=0.4952 f_rmse=0.8718 f_ema=0.7318 | 1.54 step/s | ETA: 8.8h
Step  51500 (update= 12875) | lr=2.851e-06 | loss=40.6716 | e_rmse=0.2236 f_rmse=0.5754 f_ema=0.7474 | 1.54 step/s | ETA: 8.8h
Step  51600 (update= 12900) | lr=2.831e-06 | loss=66.6828 | e_rmse=0.4103 f_rmse=0.7370 f_ema=0.7417 | 1.54 step/s | ETA: 8.7h
Step  51700 (update= 12925) | lr=2.812e-06 | loss=34.7933 | e_rmse=0.4226 f_rmse=0.5323 f_ema=0.7396 | 1.54 step/s | ETA: 8.7h
Step  51800 (update= 12950) | lr=2.793e-06 | loss=33.1001 | e_rmse=0.1890 f_rmse=0.5201 f_ema=0.7385 | 1.54 step/s | ETA: 8.7h
Step  51900 (update= 12975) | lr=2.773e-06 | loss=98.5298 | e_rmse=0.2536 f_rmse=0.8980 f_ema=0.7292 | 1.54 step/s | ETA: 8.7h
Step  52000 (update= 13000) | lr=2.754e-06 | loss=76.7718 | e_rmse=0.4861 f_rmse=0.7926 f_ema=0.7565 | 1.54 step/s | ETA: 8.7h
Step  52100 (update= 13025) | lr=2.735e-06 | loss=88.6775 | e_rmse=0.3438 f_rmse=0.8528 f_ema=0.7410 | 1.54 step/s | ETA: 8.6h
Step  52200 (update= 13050) | lr=2.716e-06 | loss=48.5207 | e_rmse=0.4905 f_rmse=0.6306 f_ema=0.7590 | 1.54 step/s | ETA: 8.6h
Step  52300 (update= 13075) | lr=2.698e-06 | loss=70.9826 | e_rmse=0.4803 f_rmse=0.7635 f_ema=0.7517 | 1.54 step/s | ETA: 8.6h
Step  52400 (update= 13100) | lr=2.679e-06 | loss=243.3327 | e_rmse=0.1635 f_rmse=1.4157 f_ema=0.7400 | 1.54 step/s | ETA: 8.6h
Step  52500 (update= 13125) | lr=2.661e-06 | loss=40.4287 | e_rmse=0.4883 f_rmse=0.5765 f_ema=0.7473 | 1.54 step/s | ETA: 8.6h
Step  52600 (update= 13150) | lr=2.642e-06 | loss=89.9770 | e_rmse=0.1796 f_rmse=0.8619 f_ema=0.7407 | 1.54 step/s | ETA: 8.6h
Step  52700 (update= 13175) | lr=2.624e-06 | loss=34.3342 | e_rmse=0.3293 f_rmse=0.5323 f_ema=0.7274 | 1.54 step/s | ETA: 8.5h
Step  52800 (update= 13200) | lr=2.606e-06 | loss=190.1844 | e_rmse=0.4779 f_rmse=1.2543 f_ema=0.7418 | 1.54 step/s | ETA: 8.5h

[Epoch 30]
Step  52900 (update= 13225) | lr=2.588e-06 | loss=282.3183 | e_rmse=0.3169 f_rmse=1.5295 f_ema=0.7291 | 1.54 step/s | ETA: 8.5h
Step  53000 (update= 13250) | lr=2.570e-06 | loss=42.8013 | e_rmse=0.2623 f_rmse=0.5957 f_ema=0.7399 | 1.54 step/s | ETA: 8.5h
Step  53100 (update= 13275) | lr=2.553e-06 | loss=71.1421 | e_rmse=0.7325 f_rmse=0.7672 f_ema=0.7672 | 1.54 step/s | ETA: 8.5h
Step  53200 (update= 13300) | lr=2.535e-06 | loss=36.3573 | e_rmse=0.3614 f_rmse=0.5494 f_ema=0.7359 | 1.54 step/s | ETA: 8.4h
Step  53300 (update= 13325) | lr=2.518e-06 | loss=85.5010 | e_rmse=0.3716 f_rmse=0.8435 f_ema=0.7168 | 1.54 step/s | ETA: 8.4h
Step  53400 (update= 13350) | lr=2.500e-06 | loss=286.4173 | e_rmse=0.2367 f_rmse=1.5455 f_ema=0.7196 | 1.54 step/s | ETA: 8.4h
Step  53500 (update= 13375) | lr=2.483e-06 | loss=31.5213 | e_rmse=0.4464 f_rmse=0.5121 f_ema=0.7206 | 1.54 step/s | ETA: 8.4h
Step  53600 (update= 13400) | lr=2.466e-06 | loss=81.4473 | e_rmse=0.2061 f_rmse=0.8251 f_ema=0.7472 | 1.54 step/s | ETA: 8.4h
Step  53700 (update= 13425) | lr=2.449e-06 | loss=153.2851 | e_rmse=0.3321 f_rmse=1.1326 f_ema=0.7521 | 1.54 step/s | ETA: 8.4h
Step  53800 (update= 13450) | lr=2.432e-06 | loss=34.2563 | e_rmse=0.4397 f_rmse=0.5350 f_ema=0.7492 | 1.54 step/s | ETA: 8.3h
Step  53900 (update= 13475) | lr=2.415e-06 | loss=106.1344 | e_rmse=0.4113 f_rmse=0.9434 f_ema=0.7374 | 1.54 step/s | ETA: 8.3h
Step  54000 (update= 13500) | lr=2.399e-06 | loss=133.7899 | e_rmse=0.5550 f_rmse=1.0596 f_ema=0.7571 | 1.54 step/s | ETA: 8.3h
Step  54100 (update= 13525) | lr=2.382e-06 | loss=42.5922 | e_rmse=0.3979 f_rmse=0.5980 f_ema=0.7638 | 1.54 step/s | ETA: 8.3h
Step  54200 (update= 13550) | lr=2.366e-06 | loss=46.9795 | e_rmse=0.5931 f_rmse=0.6278 f_ema=0.7618 | 1.54 step/s | ETA: 8.3h
Step  54300 (update= 13575) | lr=2.350e-06 | loss=37.9388 | e_rmse=0.3435 f_rmse=0.5652 f_ema=0.7240 | 1.54 step/s | ETA: 8.2h
Step  54400 (update= 13600) | lr=2.333e-06 | loss=31.7895 | e_rmse=0.5361 f_rmse=0.5168 f_ema=0.7335 | 1.54 step/s | ETA: 8.2h
Step  54500 (update= 13625) | lr=2.317e-06 | loss=40.2425 | e_rmse=0.3609 f_rmse=0.5828 f_ema=0.7184 | 1.54 step/s | ETA: 8.2h
Step  54600 (update= 13650) | lr=2.301e-06 | loss=114.4977 | e_rmse=0.5945 f_rmse=0.9838 f_ema=0.7283 | 1.54 step/s | ETA: 8.2h

[Epoch 31]
Step  54700 (update= 13675) | lr=2.286e-06 | loss=76.4547 | e_rmse=0.5665 f_rmse=0.8041 f_ema=0.7405 | 1.54 step/s | ETA: 8.2h
Step  54800 (update= 13700) | lr=2.270e-06 | loss=52.9905 | e_rmse=0.6286 f_rmse=0.6693 f_ema=0.7311 | 1.54 step/s | ETA: 8.2h
Step  54900 (update= 13725) | lr=2.254e-06 | loss=38.1184 | e_rmse=0.3801 f_rmse=0.5686 f_ema=0.7466 | 1.54 step/s | ETA: 8.1h
Step  55000 (update= 13750) | lr=2.239e-06 | loss=36.3027 | e_rmse=0.3391 f_rmse=0.5553 f_ema=0.7142 | 1.54 step/s | ETA: 8.1h
Step  55100 (update= 13775) | lr=2.223e-06 | loss=57.2627 | e_rmse=0.5300 f_rmse=0.6976 f_ema=0.7330 | 1.54 step/s | ETA: 8.1h
Step  55200 (update= 13800) | lr=2.208e-06 | loss=48.3058 | e_rmse=0.2947 f_rmse=0.6417 f_ema=0.7343 | 1.54 step/s | ETA: 8.1h
Step  55300 (update= 13825) | lr=2.193e-06 | loss=126.4614 | e_rmse=0.3778 f_rmse=1.0391 f_ema=0.7078 | 1.54 step/s | ETA: 8.1h
Step  55400 (update= 13850) | lr=2.178e-06 | loss=34.9782 | e_rmse=0.4681 f_rmse=0.5460 f_ema=0.7292 | 1.54 step/s | ETA: 8.0h
Step  55500 (update= 13875) | lr=2.163e-06 | loss=66.1823 | e_rmse=0.4727 f_rmse=0.7522 f_ema=0.7468 | 1.54 step/s | ETA: 8.0h
Step  55600 (update= 13900) | lr=2.148e-06 | loss=72.5608 | e_rmse=0.4560 f_rmse=0.7882 f_ema=0.7560 | 1.54 step/s | ETA: 8.0h
Step  55700 (update= 13925) | lr=2.133e-06 | loss=184.4452 | e_rmse=0.5194 f_rmse=1.2580 f_ema=0.7458 | 1.54 step/s | ETA: 8.0h
Step  55800 (update= 13950) | lr=2.118e-06 | loss=98.2787 | e_rmse=0.6444 f_rmse=0.9181 f_ema=0.7435 | 1.54 step/s | ETA: 8.0h
Step  55900 (update= 13975) | lr=2.104e-06 | loss=36.7219 | e_rmse=0.3912 f_rmse=0.5616 f_ema=0.7389 | 1.54 step/s | ETA: 8.0h
Step  56000 (update= 14000) | lr=2.089e-06 | loss=29.0198 | e_rmse=0.5447 f_rmse=0.4987 f_ema=0.7503 | 1.54 step/s | ETA: 7.9h
Step  56100 (update= 14025) | lr=2.075e-06 | loss=40.9914 | e_rmse=0.5726 f_rmse=0.5934 f_ema=0.7318 | 1.54 step/s | ETA: 7.9h
Step  56200 (update= 14050) | lr=2.061e-06 | loss=83.0499 | e_rmse=0.4508 f_rmse=0.8466 f_ema=0.7472 | 1.54 step/s | ETA: 7.9h
Step  56300 (update= 14075) | lr=2.046e-06 | loss=52.3748 | e_rmse=0.5110 f_rmse=0.6723 f_ema=0.6900 | 1.54 step/s | ETA: 7.9h
Step  56400 (update= 14100) | lr=2.032e-06 | loss=33.8067 | e_rmse=0.5366 f_rmse=0.5399 f_ema=0.7031 | 1.54 step/s | ETA: 7.9h
Step  56500 (update= 14125) | lr=2.018e-06 | loss=39.5560 | e_rmse=0.4133 f_rmse=0.5851 f_ema=0.7324 | 1.54 step/s | ETA: 7.8h

[Epoch 32]
Step  56600 (update= 14150) | lr=2.004e-06 | loss=97.8455 | e_rmse=0.5966 f_rmse=0.9210 f_ema=0.7491 | 1.54 step/s | ETA: 7.8h
Step  56700 (update= 14175) | lr=1.991e-06 | loss=93.0667 | e_rmse=0.2952 f_rmse=0.8995 f_ema=0.7502 | 1.54 step/s | ETA: 7.8h
Step  56800 (update= 14200) | lr=1.977e-06 | loss=38.3131 | e_rmse=0.6122 f_rmse=0.5760 f_ema=0.7170 | 1.54 step/s | ETA: 7.8h
Step  56900 (update= 14225) | lr=1.963e-06 | loss=33.0578 | e_rmse=0.4175 f_rmse=0.5361 f_ema=0.7504 | 1.54 step/s | ETA: 7.8h
Step  57000 (update= 14250) | lr=1.950e-06 | loss=86.5539 | e_rmse=0.5418 f_rmse=0.8686 f_ema=0.7398 | 1.54 step/s | ETA: 7.8h
Step  57100 (update= 14275) | lr=1.936e-06 | loss=121.0725 | e_rmse=0.4635 f_rmse=1.0284 f_ema=0.7163 | 1.54 step/s | ETA: 7.7h
Step  57200 (update= 14300) | lr=1.923e-06 | loss=93.2663 | e_rmse=0.3490 f_rmse=0.9034 f_ema=0.7234 | 1.54 step/s | ETA: 7.7h
Step  57300 (update= 14325) | lr=1.910e-06 | loss=42.8469 | e_rmse=0.2894 f_rmse=0.6126 f_ema=0.7372 | 1.54 step/s | ETA: 7.7h
Step  57400 (update= 14350) | lr=1.897e-06 | loss=56.5647 | e_rmse=0.6683 f_rmse=0.7031 f_ema=0.7466 | 1.54 step/s | ETA: 7.7h
Step  57500 (update= 14375) | lr=1.884e-06 | loss=42.4434 | e_rmse=0.5123 f_rmse=0.6097 f_ema=0.7614 | 1.54 step/s | ETA: 7.7h
Step  57600 (update= 14400) | lr=1.871e-06 | loss=40.3001 | e_rmse=0.3280 f_rmse=0.5951 f_ema=0.7255 | 1.54 step/s | ETA: 7.7h
Step  57700 (update= 14425) | lr=1.858e-06 | loss=46.2889 | e_rmse=0.3811 f_rmse=0.6382 f_ema=0.7303 | 1.54 step/s | ETA: 7.6h
Step  57800 (update= 14450) | lr=1.845e-06 | loss=39.0361 | e_rmse=0.2078 f_rmse=0.5868 f_ema=0.7484 | 1.54 step/s | ETA: 7.6h
Step  57900 (update= 14475) | lr=1.832e-06 | loss=149.7422 | e_rmse=0.5624 f_rmse=1.1497 f_ema=0.6886 | 1.54 step/s | ETA: 7.6h
Step  58000 (update= 14500) | lr=1.820e-06 | loss=35.7508 | e_rmse=0.4243 f_rmse=0.5616 f_ema=0.6981 | 1.54 step/s | ETA: 7.6h
Step  58100 (update= 14525) | lr=1.807e-06 | loss=33.0894 | e_rmse=0.5095 f_rmse=0.5402 f_ema=0.7616 | 1.54 step/s | ETA: 7.6h
Step  58200 (update= 14550) | lr=1.795e-06 | loss=42.5766 | e_rmse=0.3110 f_rmse=0.6142 f_ema=0.7378 | 1.54 step/s | ETA: 7.5h
Step  58300 (update= 14575) | lr=1.782e-06 | loss=29.9699 | e_rmse=0.4503 f_rmse=0.5150 f_ema=0.7194 | 1.54 step/s | ETA: 7.5h

[Epoch 33]
Step  58400 (update= 14600) | lr=1.770e-06 | loss=37.1485 | e_rmse=0.4272 f_rmse=0.5740 f_ema=0.7566 | 1.54 step/s | ETA: 7.5h
Step  58500 (update= 14625) | lr=1.758e-06 | loss=272.0375 | e_rmse=0.4979 f_rmse=1.5563 f_ema=0.7526 | 1.54 step/s | ETA: 7.5h
Step  58600 (update= 14650) | lr=1.746e-06 | loss=37.7376 | e_rmse=0.5984 f_rmse=0.5785 f_ema=0.7107 | 1.54 step/s | ETA: 7.5h
Step  58700 (update= 14675) | lr=1.734e-06 | loss=26.3867 | e_rmse=0.5132 f_rmse=0.4840 f_ema=0.7039 | 1.54 step/s | ETA: 7.5h
Step  58800 (update= 14700) | lr=1.722e-06 | loss=81.5946 | e_rmse=0.3797 f_rmse=0.8538 f_ema=0.7220 | 1.54 step/s | ETA: 7.4h
Step  58900 (update= 14725) | lr=1.710e-06 | loss=123.6043 | e_rmse=0.5279 f_rmse=1.0515 f_ema=0.7262 | 1.54 step/s | ETA: 7.4h
Step  59000 (update= 14750) | lr=1.698e-06 | loss=79.3185 | e_rmse=0.3914 f_rmse=0.8429 f_ema=0.7216 | 1.54 step/s | ETA: 7.4h
Step  59100 (update= 14775) | lr=1.687e-06 | loss=181.8849 | e_rmse=0.2356 f_rmse=1.2779 f_ema=0.7361 | 1.54 step/s | ETA: 7.4h
Step  59200 (update= 14800) | lr=1.675e-06 | loss=154.3931 | e_rmse=0.5294 f_rmse=1.1777 f_ema=0.7206 | 1.54 step/s | ETA: 7.4h
Step  59300 (update= 14825) | lr=1.663e-06 | loss=27.4095 | e_rmse=0.5259 f_rmse=0.4953 f_ema=0.7185 | 1.54 step/s | ETA: 7.3h
Step  59400 (update= 14850) | lr=1.652e-06 | loss=31.6645 | e_rmse=0.4522 f_rmse=0.5333 f_ema=0.7268 | 1.54 step/s | ETA: 7.3h
Step  59500 (update= 14875) | lr=1.641e-06 | loss=52.6554 | e_rmse=0.5739 f_rmse=0.6882 f_ema=0.7159 | 1.54 step/s | ETA: 7.3h
Step  59600 (update= 14900) | lr=1.629e-06 | loss=35.7564 | e_rmse=0.3396 f_rmse=0.5680 f_ema=0.7152 | 1.54 step/s | ETA: 7.3h
Step  59700 (update= 14925) | lr=1.618e-06 | loss=35.3927 | e_rmse=0.5354 f_rmse=0.5647 f_ema=0.7260 | 1.54 step/s | ETA: 7.3h
Step  59800 (update= 14950) | lr=1.607e-06 | loss=80.1099 | e_rmse=0.4677 f_rmse=0.8515 f_ema=0.7448 | 1.54 step/s | ETA: 7.3h
Step  59900 (update= 14975) | lr=1.596e-06 | loss=40.1775 | e_rmse=0.3914 f_rmse=0.6032 f_ema=0.7281 | 1.54 step/s | ETA: 7.2h
Step  60000 (update= 15000) | lr=1.585e-06 | loss=80.5649 | e_rmse=0.3745 f_rmse=0.8553 f_ema=0.7295 | 1.54 step/s | ETA: 7.2h
  Checkpoint saved: checkpoints_optimized_v3/model_step60000.pt
Step  60100 (update= 15025) | lr=1.574e-06 | loss=40.7557 | e_rmse=0.5294 f_rmse=0.6078 f_ema=0.7293 | 1.54 step/s | ETA: 7.2h

[Epoch 34]
Step  60200 (update= 15050) | lr=1.563e-06 | loss=40.6612 | e_rmse=0.3666 f_rmse=0.6082 f_ema=0.7381 | 1.54 step/s | ETA: 7.2h
Step  60300 (update= 15075) | lr=1.552e-06 | loss=87.9246 | e_rmse=0.4862 f_rmse=0.8951 f_ema=0.7332 | 1.54 step/s | ETA: 7.2h
Step  60400 (update= 15100) | lr=1.542e-06 | loss=31.5977 | e_rmse=0.3906 f_rmse=0.5366 f_ema=0.7232 | 1.54 step/s | ETA: 7.1h
Step  60500 (update= 15125) | lr=1.531e-06 | loss=47.5893 | e_rmse=0.4515 f_rmse=0.6591 f_ema=0.7144 | 1.54 step/s | ETA: 7.1h
Step  60600 (update= 15150) | lr=1.521e-06 | loss=37.9792 | e_rmse=0.5860 f_rmse=0.5883 f_ema=0.7254 | 1.54 step/s | ETA: 7.1h
Step  60700 (update= 15175) | lr=1.510e-06 | loss=53.4542 | e_rmse=0.3925 f_rmse=0.6998 f_ema=0.7183 | 1.54 step/s | ETA: 7.1h
Step  60800 (update= 15200) | lr=1.500e-06 | loss=30.5009 | e_rmse=0.3538 f_rmse=0.5288 f_ema=0.7001 | 1.54 step/s | ETA: 7.1h
Step  60900 (update= 15225) | lr=1.489e-06 | loss=49.6588 | e_rmse=0.3132 f_rmse=0.6756 f_ema=0.7030 | 1.54 step/s | ETA: 7.1h
Step  61000 (update= 15250) | lr=1.479e-06 | loss=36.9364 | e_rmse=0.3934 f_rmse=0.5827 f_ema=0.7231 | 1.54 step/s | ETA: 7.0h
Step  61100 (update= 15275) | lr=1.469e-06 | loss=48.0191 | e_rmse=0.4033 f_rmse=0.6650 f_ema=0.7204 | 1.54 step/s | ETA: 7.0h
Step  61200 (update= 15300) | lr=1.459e-06 | loss=72.9013 | e_rmse=0.2240 f_rmse=0.8207 f_ema=0.7281 | 1.54 step/s | ETA: 7.0h
Step  61300 (update= 15325) | lr=1.449e-06 | loss=58.0445 | e_rmse=0.3634 f_rmse=0.7324 f_ema=0.7122 | 1.54 step/s | ETA: 7.0h
Step  61400 (update= 15350) | lr=1.439e-06 | loss=46.1868 | e_rmse=0.5008 f_rmse=0.6531 f_ema=0.7209 | 1.54 step/s | ETA: 7.0h
Step  61500 (update= 15375) | lr=1.429e-06 | loss=59.7389 | e_rmse=0.4154 f_rmse=0.7439 f_ema=0.7526 | 1.54 step/s | ETA: 6.9h
Step  61600 (update= 15400) | lr=1.419e-06 | loss=34.9177 | e_rmse=0.3687 f_rmse=0.5690 f_ema=0.7317 | 1.54 step/s | ETA: 6.9h
Step  61700 (update= 15425) | lr=1.409e-06 | loss=29.1667 | e_rmse=0.4487 f_rmse=0.5199 f_ema=0.7259 | 1.54 step/s | ETA: 6.9h
Step  61800 (update= 15450) | lr=1.400e-06 | loss=93.1652 | e_rmse=0.4192 f_rmse=0.9312 f_ema=0.7183 | 1.54 step/s | ETA: 6.9h
Step  61900 (update= 15475) | lr=1.390e-06 | loss=33.9894 | e_rmse=0.5949 f_rmse=0.5613 f_ema=0.7227 | 1.54 step/s | ETA: 6.9h

[Epoch 35]
Step  62000 (update= 15500) | lr=1.380e-06 | loss=35.8848 | e_rmse=0.6433 f_rmse=0.5770 f_ema=0.7508 | 1.54 step/s | ETA: 6.9h
Step  62100 (update= 15525) | lr=1.371e-06 | loss=85.3391 | e_rmse=0.4446 f_rmse=0.8930 f_ema=0.7596 | 1.54 step/s | ETA: 6.8h
Step  62200 (update= 15550) | lr=1.361e-06 | loss=43.4098 | e_rmse=0.4348 f_rmse=0.6369 f_ema=0.7411 | 1.54 step/s | ETA: 6.8h
Step  62300 (update= 15575) | lr=1.352e-06 | loss=156.9055 | e_rmse=0.4369 f_rmse=1.2130 f_ema=0.7020 | 1.54 step/s | ETA: 6.8h
Step  62400 (update= 15600) | lr=1.343e-06 | loss=59.0115 | e_rmse=0.4205 f_rmse=0.7440 f_ema=0.7183 | 1.54 step/s | ETA: 6.8h
Step  62500 (update= 15625) | lr=1.334e-06 | loss=35.6682 | e_rmse=0.4435 f_rmse=0.5784 f_ema=0.7014 | 1.54 step/s | ETA: 6.8h
Step  62600 (update= 15650) | lr=1.324e-06 | loss=55.8625 | e_rmse=0.3957 f_rmse=0.7250 f_ema=0.6824 | 1.54 step/s | ETA: 6.7h
Step  62700 (update= 15675) | lr=1.315e-06 | loss=113.1773 | e_rmse=0.3473 f_rmse=1.0332 f_ema=0.7390 | 1.54 step/s | ETA: 6.7h
Step  62800 (update= 15700) | lr=1.306e-06 | loss=53.0959 | e_rmse=0.3508 f_rmse=0.7079 f_ema=0.7309 | 1.54 step/s | ETA: 6.7h
Step  62900 (update= 15725) | lr=1.297e-06 | loss=77.7725 | e_rmse=0.3484 f_rmse=0.8575 f_ema=0.7480 | 1.54 step/s | ETA: 6.7h
Step  63000 (update= 15750) | lr=1.288e-06 | loss=34.1064 | e_rmse=0.4251 f_rmse=0.5676 f_ema=0.7211 | 1.54 step/s | ETA: 6.7h
Step  63100 (update= 15775) | lr=1.279e-06 | loss=28.7348 | e_rmse=0.4439 f_rmse=0.5211 f_ema=0.7404 | 1.54 step/s | ETA: 6.7h
Step  63200 (update= 15800) | lr=1.271e-06 | loss=28.0795 | e_rmse=0.4253 f_rmse=0.5156 f_ema=0.7262 | 1.54 step/s | ETA: 6.6h
Step  63300 (update= 15825) | lr=1.262e-06 | loss=38.1055 | e_rmse=0.3700 f_rmse=0.6016 f_ema=0.7181 | 1.54 step/s | ETA: 6.6h
Step  63400 (update= 15850) | lr=1.253e-06 | loss=205.1606 | e_rmse=0.4829 f_rmse=1.3980 f_ema=0.7199 | 1.54 step/s | ETA: 6.6h
Step  63500 (update= 15875) | lr=1.245e-06 | loss=39.7283 | e_rmse=0.6001 f_rmse=0.6140 f_ema=0.7255 | 1.54 step/s | ETA: 6.6h
Step  63600 (update= 15900) | lr=1.236e-06 | loss=33.8082 | e_rmse=0.5719 f_rmse=0.5667 f_ema=0.7274 | 1.54 step/s | ETA: 6.6h
Step  63700 (update= 15925) | lr=1.227e-06 | loss=27.8145 | e_rmse=0.4275 f_rmse=0.5149 f_ema=0.7160 | 1.54 step/s | ETA: 6.6h
Step  63800 (update= 15950) | lr=1.219e-06 | loss=29.7128 | e_rmse=0.2725 f_rmse=0.5333 f_ema=0.7295 | 1.54 step/s | ETA: 6.5h

[Epoch 36]
Step  63900 (update= 15975) | lr=1.211e-06 | loss=35.1164 | e_rmse=0.3571 f_rmse=0.5800 f_ema=0.7037 | 1.54 step/s | ETA: 6.5h
Step  64000 (update= 16000) | lr=1.202e-06 | loss=65.9772 | e_rmse=0.3624 f_rmse=0.7960 f_ema=0.7258 | 1.54 step/s | ETA: 6.5h
Step  64100 (update= 16025) | lr=1.194e-06 | loss=212.3959 | e_rmse=0.3428 f_rmse=1.4299 f_ema=0.7335 | 1.54 step/s | ETA: 6.5h
Step  64200 (update= 16050) | lr=1.186e-06 | loss=149.6746 | e_rmse=0.4444 f_rmse=1.2009 f_ema=0.7541 | 1.54 step/s | ETA: 6.5h
Step  64300 (update= 16075) | lr=1.178e-06 | loss=28.0211 | e_rmse=0.3992 f_rmse=0.5192 f_ema=0.6990 | 1.54 step/s | ETA: 6.4h
Step  64400 (update= 16100) | lr=1.169e-06 | loss=26.2238 | e_rmse=0.3891 f_rmse=0.5026 f_ema=0.7047 | 1.54 step/s | ETA: 6.4h
Step  64500 (update= 16125) | lr=1.161e-06 | loss=207.5258 | e_rmse=0.5544 f_rmse=1.4170 f_ema=0.7183 | 1.54 step/s | ETA: 6.4h
Step  64600 (update= 16150) | lr=1.153e-06 | loss=27.4394 | e_rmse=0.3677 f_rmse=0.5150 f_ema=0.7172 | 1.54 step/s | ETA: 6.4h
Step  64700 (update= 16175) | lr=1.146e-06 | loss=50.8525 | e_rmse=0.4488 f_rmse=0.7019 f_ema=0.7211 | 1.54 step/s | ETA: 6.4h
Step  64800 (update= 16200) | lr=1.138e-06 | loss=186.7086 | e_rmse=0.6416 f_rmse=1.3467 f_ema=0.7673 | 1.54 step/s | ETA: 6.4h
Step  64900 (update= 16225) | lr=1.130e-06 | loss=32.6154 | e_rmse=0.4407 f_rmse=0.5626 f_ema=0.7162 | 1.54 step/s | ETA: 6.3h
Step  65000 (update= 16250) | lr=1.122e-06 | loss=65.2521 | e_rmse=0.3878 f_rmse=0.7973 f_ema=0.6850 | 1.54 step/s | ETA: 6.3h
Step  65100 (update= 16275) | lr=1.114e-06 | loss=28.0188 | e_rmse=0.4339 f_rmse=0.5220 f_ema=0.7063 | 1.54 step/s | ETA: 6.3h
Step  65200 (update= 16300) | lr=1.107e-06 | loss=32.6827 | e_rmse=0.3465 f_rmse=0.5648 f_ema=0.7088 | 1.54 step/s | ETA: 6.3h
Step  65300 (update= 16325) | lr=1.099e-06 | loss=43.8060 | e_rmse=0.3999 f_rmse=0.6544 f_ema=0.7020 | 1.54 step/s | ETA: 6.3h
Step  65400 (update= 16350) | lr=1.091e-06 | loss=32.7859 | e_rmse=0.4936 f_rmse=0.5658 f_ema=0.7342 | 1.54 step/s | ETA: 6.2h
Step  65500 (update= 16375) | lr=1.084e-06 | loss=39.0671 | e_rmse=0.2995 f_rmse=0.6192 f_ema=0.7285 | 1.54 step/s | ETA: 6.2h
Step  65600 (update= 16400) | lr=1.076e-06 | loss=86.8967 | e_rmse=0.2955 f_rmse=0.9245 f_ema=0.7599 | 1.54 step/s | ETA: 6.2h

[Epoch 37]
Step  65700 (update= 16425) | lr=1.069e-06 | loss=80.0427 | e_rmse=0.4096 f_rmse=0.8876 f_ema=0.7255 | 1.54 step/s | ETA: 6.2h
Step  65800 (update= 16450) | lr=1.062e-06 | loss=69.3123 | e_rmse=0.3268 f_rmse=0.8268 f_ema=0.7353 | 1.54 step/s | ETA: 6.2h
Step  65900 (update= 16475) | lr=1.054e-06 | loss=30.6147 | e_rmse=0.3788 f_rmse=0.5493 f_ema=0.7382 | 1.54 step/s | ETA: 6.2h
Step  66000 (update= 16500) | lr=1.047e-06 | loss=32.8161 | e_rmse=0.4524 f_rmse=0.5688 f_ema=0.7491 | 1.54 step/s | ETA: 6.1h
Step  66100 (update= 16525) | lr=1.040e-06 | loss=29.5042 | e_rmse=0.3928 f_rmse=0.5399 f_ema=0.7451 | 1.54 step/s | ETA: 6.1h
Step  66200 (update= 16550) | lr=1.033e-06 | loss=54.3548 | e_rmse=0.3694 f_rmse=0.7341 f_ema=0.7193 | 1.54 step/s | ETA: 6.1h
Step  66300 (update= 16575) | lr=1.026e-06 | loss=47.7874 | e_rmse=0.3225 f_rmse=0.6889 f_ema=0.7433 | 1.54 step/s | ETA: 6.1h
Step  66400 (update= 16600) | lr=1.019e-06 | loss=42.0530 | e_rmse=0.4615 f_rmse=0.6461 f_ema=0.7440 | 1.54 step/s | ETA: 6.1h
Step  66500 (update= 16625) | lr=1.012e-06 | loss=31.1479 | e_rmse=0.2956 f_rmse=0.5569 f_ema=0.7121 | 1.54 step/s | ETA: 6.0h
Step  66600 (update= 16650) | lr=1.005e-06 | loss=33.2650 | e_rmse=0.4733 f_rmse=0.5751 f_ema=0.7270 | 1.54 step/s | ETA: 6.0h
Step  66700 (update= 16675) | lr=9.977e-07 | loss=25.5349 | e_rmse=0.5395 f_rmse=0.5035 f_ema=0.7254 | 1.54 step/s | ETA: 6.0h
Step  66800 (update= 16700) | lr=9.908e-07 | loss=28.1628 | e_rmse=0.4424 f_rmse=0.5300 f_ema=0.6945 | 1.54 step/s | ETA: 6.0h
Step  66900 (update= 16725) | lr=9.840e-07 | loss=28.1748 | e_rmse=0.4230 f_rmse=0.5306 f_ema=0.7062 | 1.54 step/s | ETA: 6.0h
Step  67000 (update= 16750) | lr=9.772e-07 | loss=75.6058 | e_rmse=0.3812 f_rmse=0.8711 f_ema=0.7408 | 1.54 step/s | ETA: 6.0h
Step  67100 (update= 16775) | lr=9.705e-07 | loss=30.3096 | e_rmse=0.2992 f_rmse=0.5518 f_ema=0.7174 | 1.54 step/s | ETA: 5.9h
Step  67200 (update= 16800) | lr=9.638e-07 | loss=28.0773 | e_rmse=0.4321 f_rmse=0.5308 f_ema=0.7193 | 1.54 step/s | ETA: 5.9h
Step  67300 (update= 16825) | lr=9.572e-07 | loss=51.9958 | e_rmse=0.3690 f_rmse=0.7239 f_ema=0.7114 | 1.54 step/s | ETA: 5.9h
Step  67400 (update= 16850) | lr=9.506e-07 | loss=22.3417 | e_rmse=0.4358 f_rmse=0.4739 f_ema=0.7165 | 1.54 step/s | ETA: 5.9h

[Epoch 38]
Step  67500 (update= 16875) | lr=9.441e-07 | loss=69.3816 | e_rmse=0.3991 f_rmse=0.8375 f_ema=0.7202 | 1.54 step/s | ETA: 5.9h
Step  67600 (update= 16900) | lr=9.376e-07 | loss=36.2368 | e_rmse=0.4753 f_rmse=0.6049 f_ema=0.7356 | 1.54 step/s | ETA: 5.8h
Step  67700 (update= 16925) | lr=9.311e-07 | loss=31.9806 | e_rmse=0.2846 f_rmse=0.5694 f_ema=0.7267 | 1.54 step/s | ETA: 5.8h
Step  67800 (update= 16950) | lr=9.247e-07 | loss=79.4336 | e_rmse=0.3590 f_rmse=0.8984 f_ema=0.7323 | 1.54 step/s | ETA: 5.8h
Step  67900 (update= 16975) | lr=9.183e-07 | loss=37.7362 | e_rmse=0.4225 f_rmse=0.6190 f_ema=0.7201 | 1.54 step/s | ETA: 5.8h
Step  68000 (update= 17000) | lr=9.120e-07 | loss=36.3865 | e_rmse=0.3833 f_rmse=0.6085 f_ema=0.7043 | 1.54 step/s | ETA: 5.8h
Step  68100 (update= 17025) | lr=9.057e-07 | loss=42.2185 | e_rmse=0.3933 f_rmse=0.6560 f_ema=0.7200 | 1.54 step/s | ETA: 5.8h
Step  68200 (update= 17050) | lr=8.995e-07 | loss=27.9568 | e_rmse=0.3579 f_rmse=0.5341 f_ema=0.7096 | 1.54 step/s | ETA: 5.7h
Step  68300 (update= 17075) | lr=8.933e-07 | loss=30.7982 | e_rmse=0.4309 f_rmse=0.5607 f_ema=0.7206 | 1.54 step/s | ETA: 5.7h
Step  68400 (update= 17100) | lr=8.872e-07 | loss=32.2558 | e_rmse=0.5152 f_rmse=0.5738 f_ema=0.7010 | 1.54 step/s | ETA: 5.7h
Step  68500 (update= 17125) | lr=8.810e-07 | loss=49.7354 | e_rmse=0.4324 f_rmse=0.7142 f_ema=0.7152 | 1.54 step/s | ETA: 5.7h
Step  68600 (update= 17150) | lr=8.750e-07 | loss=28.3182 | e_rmse=0.3624 f_rmse=0.5392 f_ema=0.7148 | 1.54 step/s | ETA: 5.7h
Step  68700 (update= 17175) | lr=8.690e-07 | loss=36.6987 | e_rmse=0.4444 f_rmse=0.6141 f_ema=0.7206 | 1.54 step/s | ETA: 5.6h
Step  68800 (update= 17200) | lr=8.630e-07 | loss=24.8421 | e_rmse=0.4547 f_rmse=0.5051 f_ema=0.7400 | 1.54 step/s | ETA: 5.6h
Step  68900 (update= 17225) | lr=8.570e-07 | loss=145.2312 | e_rmse=0.3738 f_rmse=1.2254 f_ema=0.7224 | 1.54 step/s | ETA: 5.6h
Step  69000 (update= 17250) | lr=8.511e-07 | loss=26.6920 | e_rmse=0.4377 f_rmse=0.5246 f_ema=0.7178 | 1.54 step/s | ETA: 5.6h
Step  69100 (update= 17275) | lr=8.453e-07 | loss=27.8337 | e_rmse=0.3870 f_rmse=0.5365 f_ema=0.7053 | 1.54 step/s | ETA: 5.6h
Step  69200 (update= 17300) | lr=8.395e-07 | loss=134.1636 | e_rmse=0.3332 f_rmse=1.1806 f_ema=0.7071 | 1.54 step/s | ETA: 5.6h

[Epoch 39]
Step  69300 (update= 17325) | lr=8.337e-07 | loss=28.1514 | e_rmse=0.4247 f_rmse=0.5401 f_ema=0.7209 | 1.54 step/s | ETA: 5.5h
Step  69400 (update= 17350) | lr=8.279e-07 | loss=35.9161 | e_rmse=0.4589 f_rmse=0.6107 f_ema=0.7153 | 1.54 step/s | ETA: 5.5h
Step  69500 (update= 17375) | lr=8.222e-07 | loss=30.3597 | e_rmse=0.3686 f_rmse=0.5622 f_ema=0.6918 | 1.54 step/s | ETA: 5.5h
Step  69600 (update= 17400) | lr=8.166e-07 | loss=82.8386 | e_rmse=0.3462 f_rmse=0.9304 f_ema=0.7210 | 1.54 step/s | ETA: 5.5h
Step  69700 (update= 17425) | lr=8.110e-07 | loss=31.1721 | e_rmse=0.3379 f_rmse=0.5707 f_ema=0.7266 | 1.54 step/s | ETA: 5.5h
Step  69800 (update= 17450) | lr=8.054e-07 | loss=24.2493 | e_rmse=0.4378 f_rmse=0.5030 f_ema=0.7228 | 1.54 step/s | ETA: 5.4h
Step  69900 (update= 17475) | lr=7.998e-07 | loss=71.3799 | e_rmse=0.2996 f_rmse=0.8657 f_ema=0.7231 | 1.54 step/s | ETA: 5.4h
Step  70000 (update= 17500) | lr=7.943e-07 | loss=31.0937 | e_rmse=0.3172 f_rmse=0.5714 f_ema=0.6994 | 1.54 step/s | ETA: 5.4h
  Checkpoint saved: checkpoints_optimized_v3/model_step70000.pt
Step  70100 (update= 17525) | lr=7.889e-07 | loss=120.8818 | e_rmse=0.3472 f_rmse=1.1285 f_ema=0.6932 | 1.54 step/s | ETA: 5.4h
Step  70200 (update= 17550) | lr=7.834e-07 | loss=30.2334 | e_rmse=0.2887 f_rmse=0.5645 f_ema=0.7135 | 1.54 step/s | ETA: 5.4h
Step  70300 (update= 17575) | lr=7.780e-07 | loss=51.1389 | e_rmse=0.3221 f_rmse=0.7349 f_ema=0.7345 | 1.54 step/s | ETA: 5.4h
Step  70400 (update= 17600) | lr=7.727e-07 | loss=45.2611 | e_rmse=0.2338 f_rmse=0.6921 f_ema=0.7410 | 1.54 step/s | ETA: 5.3h
Step  70500 (update= 17625) | lr=7.674e-07 | loss=163.2409 | e_rmse=0.3844 f_rmse=1.3156 f_ema=0.7550 | 1.54 step/s | ETA: 5.3h
Step  70600 (update= 17650) | lr=7.621e-07 | loss=76.3596 | e_rmse=0.3383 f_rmse=0.9003 f_ema=0.7187 | 1.54 step/s | ETA: 5.3h
Step  70700 (update= 17675) | lr=7.568e-07 | loss=33.3805 | e_rmse=0.4193 f_rmse=0.5949 f_ema=0.7147 | 1.54 step/s | ETA: 5.3h
Step  70800 (update= 17700) | lr=7.516e-07 | loss=26.3955 | e_rmse=0.3151 f_rmse=0.5298 f_ema=0.7178 | 1.54 step/s | ETA: 5.3h
Step  70900 (update= 17725) | lr=7.464e-07 | loss=48.4205 | e_rmse=0.2388 f_rmse=0.7187 f_ema=0.6971 | 1.54 step/s | ETA: 5.2h
Step  71000 (update= 17750) | lr=7.413e-07 | loss=25.5414 | e_rmse=0.3872 f_rmse=0.5215 f_ema=0.7344 | 1.54 step/s | ETA: 5.2h

[Epoch 40]
Step  71100 (update= 17775) | lr=7.362e-07 | loss=66.9281 | e_rmse=0.3974 f_rmse=0.8460 f_ema=0.7256 | 1.54 step/s | ETA: 5.2h
Step  71200 (update= 17800) | lr=7.311e-07 | loss=26.4933 | e_rmse=0.4053 f_rmse=0.5320 f_ema=0.7114 | 1.54 step/s | ETA: 5.2h
Step  71300 (update= 17825) | lr=7.261e-07 | loss=68.5966 | e_rmse=0.2922 f_rmse=0.8582 f_ema=0.7291 | 1.54 step/s | ETA: 5.2h
Step  71400 (update= 17850) | lr=7.211e-07 | loss=36.5229 | e_rmse=0.2616 f_rmse=0.6266 f_ema=0.7165 | 1.54 step/s | ETA: 5.2h
Step  71500 (update= 17875) | lr=7.161e-07 | loss=32.7570 | e_rmse=0.4232 f_rmse=0.5931 f_ema=0.7381 | 1.54 step/s | ETA: 5.1h
Step  71600 (update= 17900) | lr=7.112e-07 | loss=39.3652 | e_rmse=0.4081 f_rmse=0.6510 f_ema=0.7173 | 1.54 step/s | ETA: 5.1h
Step  71700 (update= 17925) | lr=7.063e-07 | loss=29.8506 | e_rmse=0.4694 f_rmse=0.5667 f_ema=0.7348 | 1.54 step/s | ETA: 5.1h
Step  71800 (update= 17950) | lr=7.015e-07 | loss=56.0007 | e_rmse=0.3096 f_rmse=0.7784 f_ema=0.6961 | 1.54 step/s | ETA: 5.1h
Step  71900 (update= 17975) | lr=6.966e-07 | loss=28.6585 | e_rmse=0.3998 f_rmse=0.5565 f_ema=0.7212 | 1.54 step/s | ETA: 5.1h
Step  72000 (update= 18000) | lr=6.918e-07 | loss=23.0373 | e_rmse=0.3731 f_rmse=0.4993 f_ema=0.6996 | 1.54 step/s | ETA: 5.1h
Step  72100 (update= 18025) | lr=6.871e-07 | loss=34.2510 | e_rmse=0.3060 f_rmse=0.6100 f_ema=0.7010 | 1.54 step/s | ETA: 5.0h
Step  72200 (update= 18050) | lr=6.823e-07 | loss=26.9357 | e_rmse=0.3799 f_rmse=0.5409 f_ema=0.6891 | 1.54 step/s | ETA: 5.0h
Step  72300 (update= 18075) | lr=6.776e-07 | loss=38.3775 | e_rmse=0.3318 f_rmse=0.6468 f_ema=0.7144 | 1.54 step/s | ETA: 5.0h
Step  72400 (update= 18100) | lr=6.730e-07 | loss=37.6652 | e_rmse=0.3892 f_rmse=0.6410 f_ema=0.7532 | 1.54 step/s | ETA: 5.0h
Step  72500 (update= 18125) | lr=6.683e-07 | loss=76.4383 | e_rmse=0.2940 f_rmse=0.9149 f_ema=0.7122 | 1.54 step/s | ETA: 5.0h
Step  72600 (update= 18150) | lr=6.637e-07 | loss=31.3173 | e_rmse=0.4192 f_rmse=0.5851 f_ema=0.6905 | 1.54 step/s | ETA: 4.9h
Step  72700 (update= 18175) | lr=6.592e-07 | loss=23.6093 | e_rmse=0.4134 f_rmse=0.5081 f_ema=0.7166 | 1.54 step/s | ETA: 4.9h
Step  72800 (update= 18200) | lr=6.546e-07 | loss=26.1058 | e_rmse=0.3142 f_rmse=0.5354 f_ema=0.7047 | 1.54 step/s | ETA: 4.9h
Step  72900 (update= 18225) | lr=6.501e-07 | loss=56.5526 | e_rmse=0.4120 f_rmse=0.7890 f_ema=0.7204 | 1.54 step/s | ETA: 4.9h

[Epoch 41]
Step  73000 (update= 18250) | lr=6.457e-07 | loss=27.8267 | e_rmse=0.3993 f_rmse=0.5533 f_ema=0.7123 | 1.54 step/s | ETA: 4.9h
Step  73100 (update= 18275) | lr=6.412e-07 | loss=43.6717 | e_rmse=0.3519 f_rmse=0.6945 f_ema=0.7089 | 1.54 step/s | ETA: 4.9h
Step  73200 (update= 18300) | lr=6.368e-07 | loss=53.1207 | e_rmse=0.3452 f_rmse=0.7668 f_ema=0.7123 | 1.54 step/s | ETA: 4.8h
Step  73300 (update= 18325) | lr=6.324e-07 | loss=26.0173 | e_rmse=0.2464 f_rmse=0.5370 f_ema=0.6865 | 1.54 step/s | ETA: 4.8h
Step  73400 (update= 18350) | lr=6.281e-07 | loss=31.0806 | e_rmse=0.3346 f_rmse=0.5872 f_ema=0.6974 | 1.54 step/s | ETA: 4.8h
Step  73500 (update= 18375) | lr=6.237e-07 | loss=23.8842 | e_rmse=0.3274 f_rmse=0.5150 f_ema=0.6895 | 1.54 step/s | ETA: 4.8h
Step  73600 (update= 18400) | lr=6.194e-07 | loss=58.1294 | e_rmse=0.2813 f_rmse=0.8050 f_ema=0.6953 | 1.54 step/s | ETA: 4.8h
Step  73700 (update= 18425) | lr=6.152e-07 | loss=24.8670 | e_rmse=0.3093 f_rmse=0.5265 f_ema=0.7144 | 1.54 step/s | ETA: 4.7h
Step  73800 (update= 18450) | lr=6.109e-07 | loss=40.8225 | e_rmse=0.2781 f_rmse=0.6756 f_ema=0.7124 | 1.54 step/s | ETA: 4.7h
Step  73900 (update= 18475) | lr=6.067e-07 | loss=71.3677 | e_rmse=0.3069 f_rmse=0.8943 f_ema=0.7262 | 1.54 step/s | ETA: 4.7h
Step  74000 (update= 18500) | lr=6.026e-07 | loss=135.4010 | e_rmse=0.3078 f_rmse=1.2331 f_ema=0.7278 | 1.54 step/s | ETA: 4.7h
Step  74100 (update= 18525) | lr=5.984e-07 | loss=32.8817 | e_rmse=0.3526 f_rmse=0.6075 f_ema=0.7248 | 1.54 step/s | ETA: 4.7h
Step  74200 (update= 18550) | lr=5.943e-07 | loss=33.2482 | e_rmse=0.3626 f_rmse=0.6113 f_ema=0.7287 | 1.54 step/s | ETA: 4.7h
Step  74300 (update= 18575) | lr=5.902e-07 | loss=50.1334 | e_rmse=0.3307 f_rmse=0.7518 f_ema=0.7219 | 1.54 step/s | ETA: 4.6h
Step  74400 (update= 18600) | lr=5.861e-07 | loss=29.5429 | e_rmse=0.3598 f_rmse=0.5771 f_ema=0.7325 | 1.54 step/s | ETA: 4.6h
Step  74500 (update= 18625) | lr=5.821e-07 | loss=265.4241 | e_rmse=0.3491 f_rmse=1.7340 f_ema=0.7304 | 1.54 step/s | ETA: 4.6h
Step  74600 (update= 18650) | lr=5.781e-07 | loss=25.8447 | e_rmse=0.3297 f_rmse=0.5408 f_ema=0.7502 | 1.54 step/s | ETA: 4.6h
Step  74700 (update= 18675) | lr=5.741e-07 | loss=105.8551 | e_rmse=0.3854 f_rmse=1.0965 f_ema=0.7494 | 1.54 step/s | ETA: 4.6h

[Epoch 42]
Step  74800 (update= 18700) | lr=5.702e-07 | loss=42.9156 | e_rmse=0.3137 f_rmse=0.6985 f_ema=0.7330 | 1.54 step/s | ETA: 4.5h
Step  74900 (update= 18725) | lr=5.662e-07 | loss=51.0381 | e_rmse=0.2936 f_rmse=0.7626 f_ema=0.7059 | 1.54 step/s | ETA: 4.5h
Step  75000 (update= 18750) | lr=5.623e-07 | loss=51.5116 | e_rmse=0.4323 f_rmse=0.7662 f_ema=0.7248 | 1.54 step/s | ETA: 4.5h
Step  75100 (update= 18775) | lr=5.585e-07 | loss=20.5803 | e_rmse=0.3831 f_rmse=0.4841 f_ema=0.7291 | 1.54 step/s | ETA: 4.5h
Step  75200 (update= 18800) | lr=5.546e-07 | loss=25.2065 | e_rmse=0.3288 f_rmse=0.5368 f_ema=0.6984 | 1.54 step/s | ETA: 4.5h
Step  75300 (update= 18825) | lr=5.508e-07 | loss=48.1614 | e_rmse=0.3189 f_rmse=0.7432 f_ema=0.7214 | 1.54 step/s | ETA: 4.5h
Step  75400 (update= 18850) | lr=5.470e-07 | loss=77.8418 | e_rmse=0.3928 f_rmse=0.9457 f_ema=0.7444 | 1.54 step/s | ETA: 4.4h
Step  75500 (update= 18875) | lr=5.433e-07 | loss=26.3424 | e_rmse=0.3569 f_rmse=0.5500 f_ema=0.6992 | 1.54 step/s | ETA: 4.4h
Step  75600 (update= 18900) | lr=5.395e-07 | loss=27.4973 | e_rmse=0.4091 f_rmse=0.5622 f_ema=0.7072 | 1.54 step/s | ETA: 4.4h
Step  75700 (update= 18925) | lr=5.358e-07 | loss=27.4170 | e_rmse=0.3824 f_rmse=0.5620 f_ema=0.6890 | 1.54 step/s | ETA: 4.4h
Step  75800 (update= 18950) | lr=5.321e-07 | loss=187.0043 | e_rmse=0.3210 f_rmse=1.4717 f_ema=0.7104 | 1.54 step/s | ETA: 4.4h
Step  75900 (update= 18975) | lr=5.284e-07 | loss=132.9106 | e_rmse=0.3510 f_rmse=1.2416 f_ema=0.7131 | 1.54 step/s | ETA: 4.3h
Step  76000 (update= 19000) | lr=5.248e-07 | loss=44.6691 | e_rmse=0.3138 f_rmse=0.7201 f_ema=0.7132 | 1.54 step/s | ETA: 4.3h
Step  76100 (update= 19025) | lr=5.212e-07 | loss=38.6687 | e_rmse=0.3392 f_rmse=0.6704 f_ema=0.7436 | 1.54 step/s | ETA: 4.3h
Step  76200 (update= 19050) | lr=5.176e-07 | loss=70.6085 | e_rmse=0.3716 f_rmse=0.9070 f_ema=0.7301 | 1.54 step/s | ETA: 4.3h
Step  76300 (update= 19075) | lr=5.140e-07 | loss=27.9152 | e_rmse=0.3479 f_rmse=0.5703 f_ema=0.6948 | 1.54 step/s | ETA: 4.3h
Step  76400 (update= 19100) | lr=5.105e-07 | loss=25.8614 | e_rmse=0.4479 f_rmse=0.5486 f_ema=0.7311 | 1.54 step/s | ETA: 4.3h
Step  76500 (update= 19125) | lr=5.070e-07 | loss=59.5189 | e_rmse=0.3270 f_rmse=0.8350 f_ema=0.7440 | 1.54 step/s | ETA: 4.2h

[Epoch 43]
Step  76600 (update= 19150) | lr=5.035e-07 | loss=58.3390 | e_rmse=0.3108 f_rmse=0.8274 f_ema=0.7322 | 1.54 step/s | ETA: 4.2h
Step  76700 (update= 19175) | lr=5.000e-07 | loss=58.7522 | e_rmse=0.3068 f_rmse=0.8311 f_ema=0.7176 | 1.54 step/s | ETA: 4.2h
Step  76800 (update= 19200) | lr=4.966e-07 | loss=30.6332 | e_rmse=0.3123 f_rmse=0.6003 f_ema=0.7210 | 1.54 step/s | ETA: 4.2h
Step  76900 (update= 19225) | lr=4.932e-07 | loss=26.2899 | e_rmse=0.3559 f_rmse=0.5562 f_ema=0.7191 | 1.54 step/s | ETA: 4.2h
Step  77000 (update= 19250) | lr=4.898e-07 | loss=25.8588 | e_rmse=0.3243 f_rmse=0.5523 f_ema=0.7119 | 1.54 step/s | ETA: 4.1h
Step  77100 (update= 19275) | lr=4.864e-07 | loss=26.5092 | e_rmse=0.3816 f_rmse=0.5594 f_ema=0.7435 | 1.54 step/s | ETA: 4.1h
Step  77200 (update= 19300) | lr=4.831e-07 | loss=27.6952 | e_rmse=0.2700 f_rmse=0.5729 f_ema=0.7305 | 1.54 step/s | ETA: 4.1h
Step  77300 (update= 19325) | lr=4.797e-07 | loss=68.4464 | e_rmse=0.5183 f_rmse=0.9010 f_ema=0.7207 | 1.54 step/s | ETA: 4.1h
Step  77400 (update= 19350) | lr=4.764e-07 | loss=41.5759 | e_rmse=0.4043 f_rmse=0.7029 f_ema=0.7040 | 1.54 step/s | ETA: 4.1h
Step  77500 (update= 19375) | lr=4.732e-07 | loss=53.9336 | e_rmse=0.4158 f_rmse=0.8015 f_ema=0.7037 | 1.54 step/s | ETA: 4.1h
Step  77600 (update= 19400) | lr=4.699e-07 | loss=26.1380 | e_rmse=0.4137 f_rmse=0.5577 f_ema=0.6956 | 1.54 step/s | ETA: 4.0h
Step  77700 (update= 19425) | lr=4.667e-07 | loss=91.2200 | e_rmse=0.3677 f_rmse=1.0449 f_ema=0.6969 | 1.54 step/s | ETA: 4.0h
Step  77800 (update= 19450) | lr=4.634e-07 | loss=31.3582 | e_rmse=0.3985 f_rmse=0.6123 f_ema=0.7123 | 1.54 step/s | ETA: 4.0h
Step  77900 (update= 19475) | lr=4.603e-07 | loss=58.1115 | e_rmse=0.3718 f_rmse=0.8352 f_ema=0.7021 | 1.54 step/s | ETA: 4.0h
Step  78000 (update= 19500) | lr=4.571e-07 | loss=27.4016 | e_rmse=0.3553 f_rmse=0.5735 f_ema=0.7082 | 1.54 step/s | ETA: 4.0h
Step  78100 (update= 19525) | lr=4.539e-07 | loss=81.4890 | e_rmse=0.3701 f_rmse=0.9911 f_ema=0.6938 | 1.54 step/s | ETA: 4.0h
Step  78200 (update= 19550) | lr=4.508e-07 | loss=19.2937 | e_rmse=0.4117 f_rmse=0.4813 f_ema=0.7049 | 1.54 step/s | ETA: 3.9h
Step  78300 (update= 19575) | lr=4.477e-07 | loss=39.3976 | e_rmse=0.2794 f_rmse=0.6903 f_ema=0.7384 | 1.54 step/s | ETA: 3.9h

[Epoch 44]
Step  78400 (update= 19600) | lr=4.446e-07 | loss=20.8719 | e_rmse=0.4239 f_rmse=0.5016 f_ema=0.7522 | 1.54 step/s | ETA: 3.9h
Step  78500 (update= 19625) | lr=4.416e-07 | loss=29.7996 | e_rmse=0.4308 f_rmse=0.6004 f_ema=0.7519 | 1.54 step/s | ETA: 3.9h
Step  78600 (update= 19650) | lr=4.385e-07 | loss=27.3007 | e_rmse=0.3804 f_rmse=0.5754 f_ema=0.7240 | 1.54 step/s | ETA: 3.9h
Step  78700 (update= 19675) | lr=4.355e-07 | loss=35.9230 | e_rmse=0.3296 f_rmse=0.6613 f_ema=0.7082 | 1.54 step/s | ETA: 3.8h
Step  78800 (update= 19700) | lr=4.325e-07 | loss=40.8614 | e_rmse=0.3036 f_rmse=0.7061 f_ema=0.7103 | 1.54 step/s | ETA: 3.8h
Step  78900 (update= 19725) | lr=4.295e-07 | loss=258.0198 | e_rmse=0.5025 f_rmse=1.7770 f_ema=0.7322 | 1.54 step/s | ETA: 3.8h
Step  79000 (update= 19750) | lr=4.266e-07 | loss=23.8285 | e_rmse=0.3304 f_rmse=0.5397 f_ema=0.7052 | 1.54 step/s | ETA: 3.8h
Step  79100 (update= 19775) | lr=4.236e-07 | loss=28.2899 | e_rmse=0.3847 f_rmse=0.5885 f_ema=0.7412 | 1.54 step/s | ETA: 3.8h
Step  79200 (update= 19800) | lr=4.207e-07 | loss=39.7907 | e_rmse=0.3605 f_rmse=0.6991 f_ema=0.7015 | 1.54 step/s | ETA: 3.8h
Step  79300 (update= 19825) | lr=4.178e-07 | loss=54.1178 | e_rmse=0.2432 f_rmse=0.8168 f_ema=0.6864 | 1.54 step/s | ETA: 3.7h
Step  79400 (update= 19850) | lr=4.150e-07 | loss=21.6983 | e_rmse=0.3601 f_rmse=0.5166 f_ema=0.7066 | 1.54 step/s | ETA: 3.7h
Step  79500 (update= 19875) | lr=4.121e-07 | loss=35.5862 | e_rmse=0.3094 f_rmse=0.6631 f_ema=0.7053 | 1.54 step/s | ETA: 3.7h
Step  79600 (update= 19900) | lr=4.093e-07 | loss=23.5074 | e_rmse=0.3114 f_rmse=0.5392 f_ema=0.6788 | 1.54 step/s | ETA: 3.7h
Step  79700 (update= 19925) | lr=4.064e-07 | loss=52.1859 | e_rmse=0.3178 f_rmse=0.8048 f_ema=0.7099 | 1.54 step/s | ETA: 3.7h
Step  79800 (update= 19950) | lr=4.036e-07 | loss=22.4334 | e_rmse=0.3503 f_rmse=0.5274 f_ema=0.7333 | 1.54 step/s | ETA: 3.6h
Step  79900 (update= 19975) | lr=4.009e-07 | loss=22.5424 | e_rmse=0.3750 f_rmse=0.5290 f_ema=0.7181 | 1.54 step/s | ETA: 3.6h
Step  80000 (update= 20000) | lr=3.981e-07 | loss=121.3522 | e_rmse=0.2936 f_rmse=1.2313 f_ema=0.7332 | 1.54 step/s | ETA: 3.6h
  Checkpoint saved: checkpoints_optimized_v3/model_step80000.pt
Step  80100 (update= 20025) | lr=3.954e-07 | loss=125.2840 | e_rmse=0.3804 f_rmse=1.2520 f_ema=0.7164 | 1.54 step/s | ETA: 3.6h
Step  80200 (update= 20050) | lr=3.926e-07 | loss=25.5286 | e_rmse=0.2956 f_rmse=0.5652 f_ema=0.7171 | 1.54 step/s | ETA: 3.6h

[Epoch 45]
Step  80300 (update= 20075) | lr=3.899e-07 | loss=27.8895 | e_rmse=0.3035 f_rmse=0.5913 f_ema=0.6940 | 1.54 step/s | ETA: 3.6h
Step  80400 (update= 20100) | lr=3.873e-07 | loss=46.5127 | e_rmse=0.2678 f_rmse=0.7649 f_ema=0.7049 | 1.54 step/s | ETA: 3.5h
Step  80500 (update= 20125) | lr=3.846e-07 | loss=26.7226 | e_rmse=0.3863 f_rmse=0.5794 f_ema=0.7035 | 1.54 step/s | ETA: 3.5h
Step  80600 (update= 20150) | lr=3.819e-07 | loss=23.8384 | e_rmse=0.3417 f_rmse=0.5479 f_ema=0.7299 | 1.54 step/s | ETA: 3.5h
Step  80700 (update= 20175) | lr=3.793e-07 | loss=56.2275 | e_rmse=0.3400 f_rmse=0.8432 f_ema=0.7249 | 1.54 step/s | ETA: 3.5h
Step  80800 (update= 20200) | lr=3.767e-07 | loss=34.1468 | e_rmse=0.3295 f_rmse=0.6574 f_ema=0.7133 | 1.54 step/s | ETA: 3.5h
Step  80900 (update= 20225) | lr=3.741e-07 | loss=117.4076 | e_rmse=0.2980 f_rmse=1.2214 f_ema=0.6960 | 1.54 step/s | ETA: 3.4h
Step  81000 (update= 20250) | lr=3.715e-07 | loss=55.8078 | e_rmse=0.3528 f_rmse=0.8424 f_ema=0.6857 | 1.54 step/s | ETA: 3.4h
Step  81100 (update= 20275) | lr=3.690e-07 | loss=26.5477 | e_rmse=0.2707 f_rmse=0.5814 f_ema=0.6955 | 1.54 step/s | ETA: 3.4h
Step  81200 (update= 20300) | lr=3.664e-07 | loss=23.2162 | e_rmse=0.3664 f_rmse=0.5436 f_ema=0.7096 | 1.54 step/s | ETA: 3.4h
Step  81300 (update= 20325) | lr=3.639e-07 | loss=21.8514 | e_rmse=0.3138 f_rmse=0.5281 f_ema=0.7210 | 1.54 step/s | ETA: 3.4h
Step  81400 (update= 20350) | lr=3.614e-07 | loss=25.2596 | e_rmse=0.2704 f_rmse=0.5688 f_ema=0.7235 | 1.54 step/s | ETA: 3.4h
Step  81500 (update= 20375) | lr=3.589e-07 | loss=43.3161 | e_rmse=0.3147 f_rmse=0.7457 f_ema=0.7272 | 1.54 step/s | ETA: 3.3h
Step  81600 (update= 20400) | lr=3.565e-07 | loss=23.1972 | e_rmse=0.3708 f_rmse=0.5454 f_ema=0.7335 | 1.54 step/s | ETA: 3.3h
Step  81700 (update= 20425) | lr=3.540e-07 | loss=79.9235 | e_rmse=0.2627 f_rmse=1.0155 f_ema=0.7158 | 1.54 step/s | ETA: 3.3h
Step  81800 (update= 20450) | lr=3.516e-07 | loss=21.4919 | e_rmse=0.3131 f_rmse=0.5263 f_ema=0.7256 | 1.54 step/s | ETA: 3.3h
Step  81900 (update= 20475) | lr=3.491e-07 | loss=37.3476 | e_rmse=0.3406 f_rmse=0.6949 f_ema=0.7032 | 1.54 step/s | ETA: 3.3h
Step  82000 (update= 20500) | lr=3.467e-07 | loss=25.3683 | e_rmse=0.3007 f_rmse=0.5731 f_ema=0.7231 | 1.54 step/s | ETA: 3.2h

[Epoch 46]
Step  82100 (update= 20525) | lr=3.443e-07 | loss=49.9444 | e_rmse=0.2634 f_rmse=0.8057 f_ema=0.7396 | 1.54 step/s | ETA: 3.2h
Step  82200 (update= 20550) | lr=3.420e-07 | loss=27.6030 | e_rmse=0.3125 f_rmse=0.5990 f_ema=0.7361 | 1.54 step/s | ETA: 3.2h
Step  82300 (update= 20575) | lr=3.396e-07 | loss=51.8297 | e_rmse=0.2563 f_rmse=0.8224 f_ema=0.7084 | 1.54 step/s | ETA: 3.2h
Step  82400 (update= 20600) | lr=3.373e-07 | loss=21.5710 | e_rmse=0.3886 f_rmse=0.5298 f_ema=0.7068 | 1.54 step/s | ETA: 3.2h
Step  82500 (update= 20625) | lr=3.350e-07 | loss=20.3268 | e_rmse=0.3155 f_rmse=0.5153 f_ema=0.7082 | 1.54 step/s | ETA: 3.2h
Step  82600 (update= 20650) | lr=3.327e-07 | loss=22.0185 | e_rmse=0.3745 f_rmse=0.5365 f_ema=0.7176 | 1.54 step/s | ETA: 3.1h
Step  82700 (update= 20675) | lr=3.304e-07 | loss=26.0601 | e_rmse=0.3980 f_rmse=0.5843 f_ema=0.6906 | 1.54 step/s | ETA: 3.1h
Step  82800 (update= 20700) | lr=3.281e-07 | loss=33.7888 | e_rmse=0.2596 f_rmse=0.6671 f_ema=0.6927 | 1.54 step/s | ETA: 3.1h
Step  82900 (update= 20725) | lr=3.258e-07 | loss=18.1595 | e_rmse=0.3838 f_rmse=0.4883 f_ema=0.7050 | 1.53 step/s | ETA: 3.1h
Step  83000 (update= 20750) | lr=3.236e-07 | loss=19.2721 | e_rmse=0.3463 f_rmse=0.5039 f_ema=0.7293 | 1.53 step/s | ETA: 3.1h
Step  83100 (update= 20775) | lr=3.214e-07 | loss=22.8335 | e_rmse=0.3415 f_rmse=0.5493 f_ema=0.6941 | 1.53 step/s | ETA: 3.1h
Step  83200 (update= 20800) | lr=3.192e-07 | loss=53.2774 | e_rmse=0.2636 f_rmse=0.8412 f_ema=0.7247 | 1.53 step/s | ETA: 3.0h
Step  83300 (update= 20825) | lr=3.170e-07 | loss=25.5697 | e_rmse=0.2885 f_rmse=0.5829 f_ema=0.7031 | 1.53 step/s | ETA: 3.0h
Step  83400 (update= 20850) | lr=3.148e-07 | loss=22.5046 | e_rmse=0.3774 f_rmse=0.5467 f_ema=0.7239 | 1.53 step/s | ETA: 3.0h
Step  83500 (update= 20875) | lr=3.126e-07 | loss=54.3331 | e_rmse=0.2948 f_rmse=0.8520 f_ema=0.7030 | 1.53 step/s | ETA: 3.0h
Step  83600 (update= 20900) | lr=3.105e-07 | loss=38.0446 | e_rmse=0.3425 f_rmse=0.7132 f_ema=0.7147 | 1.53 step/s | ETA: 3.0h
Step  83700 (update= 20925) | lr=3.083e-07 | loss=105.6645 | e_rmse=0.3179 f_rmse=1.1908 f_ema=0.7319 | 1.53 step/s | ETA: 3.0h
Step  83800 (update= 20950) | lr=3.062e-07 | loss=23.6820 | e_rmse=0.2583 f_rmse=0.5639 f_ema=0.7133 | 1.53 step/s | ETA: 2.9h

[Epoch 47]
Step  83900 (update= 20975) | lr=3.041e-07 | loss=38.3839 | e_rmse=0.3135 f_rmse=0.7187 f_ema=0.6981 | 1.53 step/s | ETA: 2.9h
Step  84000 (update= 21000) | lr=3.020e-07 | loss=23.2994 | e_rmse=0.3103 f_rmse=0.5601 f_ema=0.7117 | 1.53 step/s | ETA: 2.9h
Step  84100 (update= 21025) | lr=2.999e-07 | loss=26.8521 | e_rmse=0.3240 f_rmse=0.6020 f_ema=0.7343 | 1.53 step/s | ETA: 2.9h
Step  84200 (update= 21050) | lr=2.979e-07 | loss=44.6852 | e_rmse=0.2998 f_rmse=0.7780 f_ema=0.7225 | 1.53 step/s | ETA: 2.9h
Step  84300 (update= 21075) | lr=2.958e-07 | loss=19.5179 | e_rmse=0.2897 f_rmse=0.5142 f_ema=0.6957 | 1.53 step/s | ETA: 2.9h
Step  84400 (update= 21100) | lr=2.938e-07 | loss=88.4613 | e_rmse=0.3136 f_rmse=1.0973 f_ema=0.7142 | 1.53 step/s | ETA: 2.8h
Step  84500 (update= 21125) | lr=2.917e-07 | loss=19.5886 | e_rmse=0.2945 f_rmse=0.5162 f_ema=0.7013 | 1.53 step/s | ETA: 2.8h
Step  84600 (update= 21150) | lr=2.897e-07 | loss=24.7636 | e_rmse=0.2624 f_rmse=0.5813 f_ema=0.6946 | 1.53 step/s | ETA: 2.8h
已终止
